$MeshFormat
2.2 0 8
$EndMeshFormat
$PhysicalNames
4
1 10 "inflow"
1 11 "outflow"
1 12 "wall"
2 1 "fluid"
$EndPhysicalNames
$Nodes
7291
1 0 0 0
2 4 0 0
3 4 2 0
4 0 2 0
5 1.75 1 0
6 1.5 1.25 0
7 1.25 1 0
8 1.5 0.75 0
9 0.1481481481478605 0 0
10 0.2962962962957118 0 0
11 0.444444444443633 0 0
12 0.5925925925914257 0 0
13 0.7407407407391414 0 0
14 0.888888888886857 0 0
15 1.037037037034573 0 0
16 1.185185185182288 0 0
17 1.333333333330004 0 0
18 1.48148148147772 0 0
19 1.629629629625435 0 0
20 1.777777777773151 0 0
21 1.925925925920867 0 0
22 2.074074074068993 0 0
23 2.222222222217531 0 0
24 2.370370370366069 0 0
25 2.518518518514608 0 0
26 2.666666666663147 0 0
27 2.814814814811686 0 0
28 2.962962962960225 0 0
29 3.111111111108765 0 0
30 3.259259259257304 0 0
31 3.407407407405843 0 0
32 3.555555555554382 0 0
33 3.703703703702921 0 0
34 3.851851851851461 0 0
35 4 0.1475231984527194 0
36 4 0.2655587515467448 0
37 4 0.3495006477392622 0
38 4 0.4094168688279661 0
39 4 0.482622727745896 0
40 4 0.5244577657431272 0
41 4 0.5442720255037654 0
42 4 0.5640862852644037 0
43 4 0.5839005450250421 0
44 4 0.6037148047856804 0
45 4 0.6235290645463187 0
46 4 0.6433433243069571 0
47 4 0.6631575840675954 0
48 4 0.6829718438282337 0
49 4 0.7027861035888721 0
50 4 0.7226003633495104 0
51 4 0.7424146231101487 0
52 4 0.7622288828707871 0
53 4 0.7820431426314254 0
54 4 0.8018574023920637 0
55 4 0.821671662152702 0
56 4 0.8414859219133403 0
57 4 0.8613001816739786 0
58 4 0.8811144414346169 0
59 4 0.9009287011952553 0
60 4 0.9207429609558936 0
61 4 0.9405572207165319 0
62 4 0.9603714804771702 0
63 4 0.9801857402378086 0
64 4 0.9999999999984686 0
65 4 1.019814259759195 0
66 4 1.039628519519944 0
67 4 1.059442779280692 0
68 4 1.07925703904144 0
69 4 1.099071298802188 0
70 4 1.118885558562936 0
71 4 1.138699818323684 0
72 4 1.158514078084433 0
73 4 1.178328337845181 0
74 4 1.198142597605929 0
75 4 1.217956857366678 0
76 4 1.237771117127426 0
77 4 1.257585376888174 0
78 4 1.277399636648922 0
79 4 1.297213896409671 0
80 4 1.317028156170419 0
81 4 1.336842415931167 0
82 4 1.356656675691915 0
83 4 1.376470935452664 0
84 4 1.396285195213412 0
85 4 1.41609945497416 0
86 4 1.435913714734908 0
87 4 1.455727974495657 0
88 4 1.475542234256405 0
89 4 1.495356494017153 0
90 4 1.547819074577536 0
91 4 1.650499352260397 0
92 4 1.734441248452894 0
93 4 1.852476801546774 0
94 3.851851851851236 2 0
95 3.703703703702471 2 0
96 3.555555555553707 2 0
97 3.40740740740597 2 0
98 3.259259259258851 2 0
99 3.111111111111731 2 0
100 2.962962962964611 2 0
101 2.814814814817491 2 0
102 2.666666666670372 2 0
103 2.518518518523252 2 0
104 2.370370370376132 2 0
105 2.222222222229012 2 0
106 2.074074074081893 2 0
107 1.92592592593395 2 0
108 1.777777777785186 2 0
109 1.629629629636422 2 0
110 1.481481481487656 2 0
111 1.333333333338891 2 0
112 1.185185185190125 2 0
113 1.03703703704136 2 0
114 0.8888888888925934 2 0
115 0.7407407407438278 2 0
116 0.5925925925950621 2 0
117 0.4444444444462965 2 0
118 0.2962962962975313 2 0
119 0.1481481481487656 2 0
120 0 1.857142857142263 0
121 0 1.714285714284922 0
122 0 1.571428571428771 0
123 0 1.42857142857262 0
124 0 1.285714285716469 0
125 0 1.142857142860318 0
126 0 1.000000000004123 0
127 0 0.8571428571464292 0
128 0 0.7142857142886916 0
129 0 0.571428571430953 0
130 0 0.4285714285732147 0
131 0 0.2857142857154766 0
132 0 0.1428571428577381 0
133 1.749229333427369 1.0196147740071 0
134 1.746922085131565 1.039108616368776 0
135 1.743092480067669 1.058361341096226 0
136 1.737764128993991 1.077254248839329 0
137 1.730969883005747 1.095670858385988 0
138 1.722751630884684 1.113497625253631 0
139 1.713160040938487 1.130624641423824 0
140 1.702254248413819 1.146946313320754 0
141 1.690101491123196 1.162362012406651 0
142 1.676776695067252 1.176776695526022 0
143 1.6623620119133 1.190101491544558 0
144 1.64694631288999 1.202254248726787 0
145 1.630624640987065 1.213160041206133 0
146 1.613497624765092 1.222751631133607 0
147 1.595670858035126 1.230969883151078 0
148 1.57725424849 1.237764129107495 0
149 1.558361340924916 1.243092480108797 0
150 1.539108616278806 1.246922085145815 0
151 1.519614773916289 1.249229333434515 0
152 1.477088553846785 1.248947917515227 0
153 1.452692968474935 1.245483288164972 0
154 1.428756941048132 1.239633942819419 0
155 1.405512995243791 1.231456704228242 0
156 1.383186931423559 1.221031009158796 0
157 1.361995633224648 1.208458136686804 0
158 1.342144960677571 1.193860224286764 0
159 1.323827750853555 1.177379081716765 0
160 1.307221943742717 1.159174812786647 0
161 1.292488854288199 1.139424260462 0
162 1.279771605249931 1.118319288984542 0
163 1.26919373680864 1.09606492008866 0
164 1.260858006172876 1.072877340706065 0
165 1.254845389804832 1.048981803764816 0
166 1.251214296485354 1.024610439384997 0
167 1.25121424718219 0.9753900590233257 0
168 1.254845193571761 0.9510191783946764 0
169 1.260857568234778 0.9271240963732436 0
170 1.269192967157449 0.9039369291016691 0
171 1.279770420347813 0.8816829165072895 0
172 1.292487178783839 0.8605782332958393 0
173 1.30721971211839 0.8408278899923619 0
174 1.323824908803111 0.8226237410424728 0
175 1.342141466243127 0.8061426211873012 0
176 1.361991458098414 0.7915446274086512 0
177 1.3831820617985 0.7789715644665818 0
178 1.405507432188741 0.7685455668421222 0
179 1.428750701412221 0.7603679123098295 0
180 1.452686084645944 0.7545180385163316 0
181 1.477081074168013 0.7510527709760402 0
182 1.519614774028586 0.7507706665743226 0
183 1.539108616407316 0.753077914874539 0
184 1.558361341163336 0.7569075199484427 0
185 1.577254248895415 0.7622358710242328 0
186 1.595670858478692 0.7690301170326529 0
187 1.613497625408143 0.7772483691940443 0
188 1.630624641662514 0.7868399592077826 0
189 1.64694631360215 0.797745751790627 0
190 1.662362012658062 0.8098985090915294 0
191 1.676776695799614 0.8232233052063405 0
192 1.690101491800027 0.837637988385816 0
193 1.702254248924642 0.8530536873823331 0
194 1.713160041362651 0.8693753592683493 0
195 1.722751631225246 0.8865023754147606 0
196 1.730969883254902 0.904329142215526 0
197 1.737764129148477 0.9227457516361306 0
198 1.743092480151807 0.9416386592542357 0
199 1.746922085172119 0.9608913838872714 0
200 1.74922933343913 0.9803852261423472 0
201 3.984274016716419 1.009744501756282 0
202 3.984059406841924 1.171315888359275 0
203 3.982747936381344 0.8513047190045806 0
204 3.981427667911352 1.306754115696984 0
205 3.982840347690103 0.7126932334691912 0
206 3.984415518952425 0.5740543377852456 0
207 3.982978384302353 1.426457332392721 0
208 1.766046847117007 0.9891131853842574 0
209 1.756577715510249 1.072362399930387 0
210 1.749823737086393 0.9079154890524228 0
211 1.734670146024028 1.132439620046614 0
212 1.695064095657328 1.179266053593311 0
213 1.647097577922819 1.218916579529536 0
214 1.591540800082573 1.250750009419273 0
215 1.720223159158329 0.8502334812253084 0
216 1.681108966149873 0.8040774253766846 0
217 1.631832187530017 0.7641464381191813 0
218 1.572991628728214 0.7436746003020205 0
219 1.510474803844744 0.7333984407082634 0
220 3.982840347690008 1.089164168921814 0
221 3.983568753535733 0.9306419856138683 0
222 2.745434672194352 1.873493443540834 0
223 3.041857593743446 0.1226792011636124 0
224 3.963209459913628 1.515144508807915 0
225 3.179214755599559 1.880688089880597 0
226 2.450492846730964 0.130492199612448 0
227 0.1083049698864654 0.7762601037281687 0
228 0.1237179148254895 1.214285714288393 0
229 1.510177567374174 1.266768228530982 0
230 2.308768123612908 1.895693267655053 0
231 3.983157840325417 1.228380955782925 0
232 3.982608480175032 1.366308066671433 0
233 3.984291117183532 0.6368712043558737 0
234 3.983726439430884 0.7717142875253067 0
235 3.951713484286255 0.4434242950196325 0
236 0.8140495160971364 0.1144214135567515 0
237 0.816737855280914 1.861908871163054 0
238 1.99236284746499 0.1160937623439331 0
239 3.482720819474217 0.131943869329427 0
240 1.843898351219148 1.875985642397623 0
241 1.24254740266457 0.1347932061270624 0
242 1.265592522814329 1.890173264850501 0
243 1.703703703699293 0.128300059819542 0
244 1.546629423709408 1.869765698644874 0
245 3.934782503054421 0.3042627808996825 0
246 1.764577327163804 1.031968101992818 0
247 1.551261836960391 1.261842714718472 0
248 1.761376748136649 0.948963537069595 0
249 3.639780344232372 1.879606841514485 0
250 0.5109134207602104 0.1253156846192711 0
251 0.5156819102988246 1.88960548450553 0
252 2.724539872810068 0.1225274695590498 0
253 0.1172790382054563 0.4931568011408953 0
254 0.1174007293724304 1.494874072265148 0
255 3.98310588798078 1.050213821450354 0
256 3.982164818024345 1.128559508440222 0
257 3.982065515711485 1.267634671651729 0
258 3.984133861268177 1.464835114350016 0
259 3.98421397841636 0.8150189512769829 0
260 3.981152486155743 0.9689873823584422 0
261 3.982486989608808 0.6728611155543908 0
262 3.982131756250638 0.8892602839942527 0
263 3.982994173185006 0.5349078191025172 0
264 3.931294315127609 1.693554782805101 0
265 3.778512195919504 0.1147847581166979 0
266 0.2284480097678527 1.865037044583637 0
267 0.2294144402938571 0.1379607044386409 0
268 3.956644153776825 1.577188166232669 0
269 3.91748922823197 1.536627166129322 0
270 3.925102547235705 1.489234227619758 0
271 3.881237085302115 1.502999149545068 0
272 3.894147851760344 1.464885989846068 0
273 3.849662879822603 1.467654370449375 0
274 3.863257714400178 1.441184074150644 0
275 3.832873260684313 1.519702978260282 0
276 3.80220130596268 1.481395874364977 0
277 3.81620982885637 1.4577579248385 0
278 3.776257290990533 1.529031365788995 0
279 3.730757026188888 1.498015512336165 0
280 3.76118739012719 1.477268365712449 0
281 3.716194409253933 1.558543607852163 0
282 3.66690637779572 1.503184623471404 0
283 3.921857341370252 1.462611790911226 0
284 3.647117600834511 1.58213005319814 0
285 3.590111405321249 1.517382510681439 0
286 3.61370374570922 1.457207407038628 0
287 3.539232815480815 1.47486617653382 0
288 3.572472003537792 1.449183609010205 0
289 3.513944409069127 1.538854417073762 0
290 3.455949786111432 1.496048342295223 0
291 3.54526241152606 1.448318983728286 0
292 3.496291022381622 1.470027246363266 0
293 3.434072380665373 1.574699991983592 0
294 3.376168344969472 1.490778007658382 0
295 3.34486859079468 1.596153467236522 0
296 3.276033711921679 1.512495573849389 0
297 3.311512221654985 1.449375953615536 0
298 3.210110702180769 1.467100031039116 0
299 3.257934382893117 1.439165099868053 0
300 3.177982119727388 1.53732495034488 0
301 3.113764059517226 1.489927876644697 0
302 3.414107412591115 1.66976468576999 0
303 3.704070993430819 1.635270004807186 0
304 3.780577273161734 1.461088729988699 0
305 3.630184759029842 1.664872140276346 0
306 3.827138886066875 1.577581228877839 0
307 3.314940445111037 1.694294465141507 0
308 3.389701473468819 1.770201366816176 0
309 3.52015397314754 1.456574508070078 0
310 3.691723648987938 1.721571981160437 0
311 3.77238419196803 1.685299355660698 0
312 3.763521252098912 1.774867882507798 0
313 3.499666648673275 1.743658998038372 0
314 3.902213762077483 1.587238937447389 0
315 3.947483978835931 0.3792476539428827 0
316 3.903397118854908 0.418459319660574 0
317 3.90661305215774 0.4735448086323284 0
318 3.858253017035256 0.4498005619561806 0
319 3.862898645131264 0.5049538949143767 0
320 3.806748950116313 0.4899639768109514 0
321 3.822912790524589 0.5325853207110542 0
322 3.758456368943817 0.5162017459164634 0
323 3.785409713592342 0.5389641040916064 0
324 3.802179550829329 0.5555882682904394 0
325 3.851611256620292 0.5328471701461001 0
326 3.754741086908845 0.4531929891521216 0
327 3.702310610427479 0.5001209066308099 0
328 3.694667559187453 0.4191837405141757 0
329 3.628895244188421 0.4705964523724843 0
330 3.651448687605175 0.5356961483846747 0
331 3.571803595420977 0.5018936556917154 0
332 3.282972233839499 1.416710328312579 0
333 3.606815498797649 0.5263168656570665 0
334 3.622347976111273 0.5494460838357919 0
335 3.563265563994467 0.4238136996543882 0
336 3.490859067734438 0.4784834455270001 0
337 3.855770690630683 0.3965936911518512 0
338 3.478923262066387 0.3770869860026854 0
339 3.402693178411046 0.4295005085588472 0
340 3.415765521227188 0.5244828685402343 0
341 3.327913637786581 0.4992893889965846 0
342 3.345380427132653 0.5891317855173759 0
343 3.401070140940124 0.5657645601435322 0
344 3.372338382582882 0.5987657726515754 0
345 3.26406528415715 0.5409333385269569 0
346 3.29243954350922 0.5831601589197004 0
347 3.31804086473328 0.600684848668365 0
348 3.320767082901928 0.39812507594301 0
349 3.555822036743594 0.3338971532359091 0
350 3.90551853044256 0.5196595921264282 0
351 3.880760776822032 0.531048739725955 0
352 3.471664939626493 0.2639810691559207 0
353 3.75649781930215 0.3784820512776668 0
354 3.691259878818538 0.3382417752593707 0
355 3.758892963716439 0.2946551886429798 0
356 3.68276592272557 0.2437408049643686 0
357 3.949578474433745 0.5036862281779222 0
358 3.393296072234427 1.427343108254099 0
359 3.347061145146056 1.426398971735425 0
360 3.380995302779664 1.402899692287786 0
361 3.467342104916394 1.46447769031212 0
362 3.433826922195441 1.453054110572938 0
363 3.426750232592692 1.424517821281548 0
364 3.321965445794333 1.407057770810969 0
365 3.568116382162295 0.2335805584180494 0
366 3.378687261608396 0.2038010813793042 0
367 3.496561213925691 0.5621835861199976 0
368 3.421200223805987 0.557971799303253 0
369 3.548850793860625 0.544375257661022 0
370 3.531906718994377 0.5687838161654483 0
371 3.475449535800693 0.5392066254028353 0
372 3.480045420935665 0.5721041406712637 0
373 3.639711936348326 0.1346990378959257 0
374 3.454111844338058 1.870154231056428 0
375 3.922962271227745 0.2087809456811908 0
376 1.703197676948551 1.859036308542778 0
377 1.787300539200289 1.761761863892175 0
378 1.892227540562538 1.759797373740301 0
379 1.835985828342769 1.655334544127598 0
380 1.724868314394808 1.651209428623888 0
381 1.933227346806391 1.660474998161597 0
382 1.892961032442761 1.579097782500021 0
383 1.975723636120169 1.578214323631162 0
384 1.931675608385518 1.496640984932067 0
385 2.016842767465198 1.486204131451818 0
386 1.967724577166095 1.43967295967578 0
387 2.040708210470548 1.436457830642991 0
388 2.005689966859483 1.425895765392646 0
389 2.029885697511041 1.414377213517835 0
390 1.97908886798508 1.414226833658523 0
391 1.849247602671743 1.498169293228555 0
392 2.084392158722764 1.500429119408775 0
393 2.074337472988523 1.456811917471011 0
394 2.066880542540161 1.430745372871259 0
395 2.028430564628554 1.660191808144751 0
396 1.982119521555755 1.856771532932923 0
397 2.099256371934468 1.860108480385788 0
398 1.618833111692323 1.763699074798098 0
399 1.516133300373284 1.752308026854908 0
400 1.577923936986726 1.664901964224419 0
401 1.482647939032534 1.65984532992455 0
402 1.434526799430303 1.264167551361829 0
403 1.530569818711128 1.584694185156813 0
404 1.449437120935343 1.578398816664189 0
405 1.498477791182282 1.516987617373127 0
406 1.426569141562505 1.498076912239044 0
407 1.374490646101603 1.566136173682735 0
408 1.34969872670627 1.495971900189688 0
409 1.35985734165572 1.234603128553 0
410 1.30056052098482 1.554784848089602 0
411 1.275183610669665 1.485385307466334 0
412 1.22605666167113 1.543173097126629 0
413 1.199206803484162 1.458000874923783 0
414 1.301947101576713 1.181104047937444 0
415 1.149995288680144 1.528970973851811 0
416 1.120832215770581 1.45353898976194 0
417 1.0718481402091 1.518394722771201 0
418 1.04456409116138 1.443271103717357 0
419 1.092544652455296 1.383142141101633 0
420 1.018898536893694 1.367336737453217 0
421 1.254416714365477 1.117777764561143 0
422 0.9679139184872777 1.428156367301054 0
423 0.9428554985158901 1.349429629611606 0
424 0.8895689355578243 1.411887533518615 0
425 0.8651271450910234 1.333222363672412 0
426 0.9189758478944198 1.271607877077035 0
427 0.8424189545666582 1.255324487421428 0
428 0.8963722381253906 1.197035754934266 0
429 1.23000390665158 1.037680686968857 0
430 0.8211069775451978 1.179288332656956 0
431 0.8749216323055797 1.123292968858786 0
432 0.7967866093139786 1.106832783924636 0
433 0.8530264350224563 1.047992794167549 0
434 1.231831808774213 0.9595231528778065 0
435 0.7759058777820652 1.027910727843646 0
436 0.8336195460784572 0.967761056037461 0
437 0.749333941834702 0.9479856354638901 0
438 0.8126214454637717 0.8869826812084403 0
439 0.7294095923821435 0.8689996883250617 0
440 0.7896099676395922 0.8062015169679615 0
441 0.8729635025180837 0.826179884318075 0
442 1.255307679257593 0.8831282796746789 0
443 0.7634332225541676 1.237309234868175 0
444 0.852050298802941 0.747717692586726 0
445 0.9304812159246856 0.7679991604037434 0
446 0.7747836799419631 0.7211701901391678 0
447 0.9097310117562155 0.6915524935741406 0
448 0.985793449717333 0.7119704408640973 0
449 1.29924685500184 0.8140919084187352 0
450 0.9645549796185301 0.634360959350148 0
451 1.38859167239304 0.7539784975350876 0
452 1.047238994056674 0.6615253493805201 0
453 1.435443830174002 0.7323919611884926 0
454 0.6840707326641369 1.011547157727693 0
455 0.9043870475771076 0.9966142755731924 0
456 0.9499464307233663 1.139216184768287 0
457 1.024037482450511 0.5791249842866578 0
458 1.100976190856397 0.602939949330546 0
459 1.011113332187252 0.7851359162219131 0
460 0.9407096695253674 0.5535609503176128 0
461 1.005546441971938 0.4910023419484644 0
462 0.8102823064961895 1.392785380781558 0
463 0.9053693943101178 1.485456067874042 0
464 1.255931959383712 1.416464682227021 0
465 1.569316056760973 1.507818796459122 0
466 1.11779803584796 0.6716720641533529 0
467 1.169546144731648 0.6204617851594444 0
468 1.156776728013974 0.5517079328551735 0
469 1.224467767774277 0.575420696147326 0
470 1.213115343276761 0.5042944213826313 0
471 1.286332547093187 0.5339459437901164 0
472 1.534586618986977 1.459048147101508 0
473 1.602860841534284 1.466076518165016 0
474 1.572882125205073 1.44976509002491 0
475 1.100732306775772 1.59810793379026 0
476 1.237509769120035 0.645252027577672 0
477 1.068786870251133 1.315164934488081 0
478 1.39036803449222 1.442873040021746 0
479 1.269733806357586 0.4541201837078018 0
480 1.340821131415952 0.4814611376866108 0
481 1.346563752967983 0.544202245086842 0
482 1.407416777863084 0.5153489166761474 0
483 1.398097644513205 0.4349010050337951 0
484 1.465485705063223 0.4667061700725211 0
485 1.475758971568536 0.5351492063765491 0
486 1.534492285321494 0.5046186418594351 0
487 1.527240066137987 0.56319641520115 0
488 1.586508351437219 0.5239939963703378 0
489 1.563573281342008 0.5501132707950106 0
490 1.552375722016926 0.5734696671336934 0
491 1.585031618371268 0.4594385029620359 0
492 1.64506974186633 0.4961683474991373 0
493 1.460771028632021 0.3876625118197838 0
494 0.9154379595043135 0.4649076350435648 0
495 0.985009285368924 0.3967893532236836 0
496 1.488482167180232 0.5959556632943773 0
497 1.642022898979833 0.4179397832686358 0
498 1.70632878521015 0.4523362621393801 0
499 1.706587406524517 0.5221941879177254 0
500 1.768689327140877 0.5034241204249795 0
501 1.769739488572932 0.5560842437260709 0
502 1.734675245010548 0.5503218245766515 0
503 1.750877586114751 0.5735315131930061 0
504 1.841358674925593 0.5282505479083029 0
505 1.800823075741324 0.5477024937891659 0
506 1.786781665538035 0.570785347363762 0
507 1.832137548909919 0.4525474216840076 0
508 1.900884737017702 0.4966602916153308 0
509 1.897203739362645 0.4111411969740256 0
510 1.965640963646733 0.4512972487048547 0
511 1.960511969626847 0.5245528997252829 0
512 2.032442219963507 0.5109254111197901 0
513 2.028750796678659 0.5741212073141106 0
514 1.988412009859726 0.5563497946828441 0
515 2.008272196457126 0.5886056744608249 0
516 2.105804239305167 0.5307105431550401 0
517 2.072201282343864 0.5585825770166644 0
518 2.05479121791283 0.5952823755843459 0
519 2.1083749794405 0.4522742234096623 0
520 2.183394718536937 0.5174084241826573 0
521 2.18814593502346 0.4079508080723966 0
522 2.274455902340691 0.471524484375289 0
523 2.255469615682186 0.540369617111959 0
524 2.348231816918882 0.508400941447401 0
525 2.300512266298068 0.5334797685319453 0
526 2.344933955705213 0.5378766317626714 0
527 2.290280177261531 0.5689036253388727 0
528 1.135786062295198 1.327794984421343 0
529 1.113907902175975 1.269361568838627 0
530 1.171326172077016 1.27878553946642 0
531 1.157737645864437 1.221196126721017 0
532 1.098412463810959 1.214767987337475 0
533 1.133943340458422 1.173869548837672 0
534 1.204316057614548 1.234483138662369 0
535 1.223095870361435 1.279452269867923 0
536 2.354879653559748 0.41136721329202 0
537 2.44019108453771 0.4659565362347181 0
538 1.828174005780662 0.3627809638823959 0
539 1.194579821070866 0.4263459521106641 0
540 1.25581690005515 1.617473612290902 0
541 1.387448155959718 0.3517585668188675 0
542 1.4543301024301 0.2994411184452418 0
543 1.083274043578621 1.163786660659321 0
544 1.123952714873653 1.122973210766083 0
545 1.069262671323697 1.114684637003044 0
546 1.102716809348766 1.077925179278952 0
547 1.053687547378313 1.066993179245368 0
548 1.088047420633782 1.03150656392033 0
549 1.133055124196412 1.041215965968492 0
550 1.119468472769119 1.0002156877747 0
551 1.076099487656101 0.9848706318350761 0
552 1.115053489005286 0.9552432612127453 0
553 1.063922456982647 0.9390694326427367 0
554 1.099529942595658 0.9062382931421553 0
555 1.144291647662133 0.9178200432911036 0
556 1.133322434028696 0.8743754867658617 0
557 0.8474343647542928 0.5326077539583461 0
558 0.8185003708772595 0.4373169372248449 0
559 0.7476773829247833 0.5134108373339827 0
560 0.7160073473863899 0.4095970591422899 0
561 0.6372145259796154 0.4942717744773075 0
562 1.635606821844458 1.506910941831843 0
563 1.667073180741565 1.465941037662984 0
564 1.635215560093462 1.448704885492488 0
565 1.609656193835035 1.440817309633811 0
566 1.167546573548002 1.140278416601574 0
567 1.965874044492995 0.3668231058556768 0
568 1.160761445043342 1.012313481439332 0
569 1.699413304995173 1.505860864979667 0
570 1.173560359503885 0.8904749297408658 0
571 1.171969662040967 0.8483387125431886 0
572 1.123154872588245 0.8297919819862792 0
573 1.159065313070686 0.7997645425551894 0
574 1.202848747010472 0.8138841641363115 0
575 1.193863769223632 0.7696095941165756 0
576 0.6042090693348058 0.3804535959143802 0
577 0.5246488969871339 0.4656300842789878 0
578 0.5594492124241349 0.5797048001312792 0
579 0.4448881921008719 0.5527674076671791 0
580 0.4795658162801217 0.6668933621268246 0
581 0.4024836740908597 0.4418487800660701 0
582 0.366300647733635 0.6398900740008779 0
583 0.4030672713690396 0.7508846316497775 0
584 0.5129643529293816 0.7767436595452103 0
585 0.4394556753464141 0.8588093134277632 0
586 1.732521737732765 1.460672175845802 0
587 1.698674491472741 1.448805206209677 0
588 1.67468141759224 1.437827761480247 0
589 1.045701923925753 1.199017887091521 0
590 1.113784061886562 0.7842972222467077 0
591 2.446866737321577 0.3614110160764191 0
592 2.532790633229616 0.4107625216034687 0
593 2.533036985549272 0.5252094233004768 0
594 2.604012522802728 0.4891766719244467 0
595 2.61635652040379 0.5853576991036337 0
596 3.260525953283917 0.5804524473173216 0
597 2.628709383551024 0.3714393779137343 0
598 2.718959119990332 0.4396581201491638 0
599 1.248607305642159 1.241989445356718 0
600 1.267582657537585 1.281904636920578 0
601 1.233874456023952 1.205067492483147 0
602 1.234396168230863 0.7855112794558829 0
603 1.339424228781741 0.7816530271782626 0
604 1.291792466881041 1.242198162239174 0
605 1.309392033628568 1.284982288338297 0
606 1.05292111389061 0.8890101488871657 0
607 1.282546346694412 1.32459887528764 0
608 1.327364790441937 1.327474351999537 0
609 0.5626669237166898 0.8810595703042964 0
610 0.4776159365357091 0.963302210394019 0
611 0.3677467276706942 0.9407993637061749 0
612 0.4045711612803227 1.044783530293087 0
613 0.5109745741681045 1.065925976190677 0
614 0.4413553441695131 1.147011020545814 0
615 0.5470741086469931 1.166111443231001 0
616 0.4798562196058109 1.250117664342838 0
617 0.2926018825748937 1.022946252512016 0
618 0.3693197472916387 1.230544211346673 0
619 0.4091056603275699 1.334919607042484 0
620 0.5208152570064801 1.354038379608038 0
621 0.4495740956541774 1.441992046150474 0
622 0.5633767612030867 1.459780067876479 0
623 0.4911722780587827 1.54976108119582 0
624 0.6040032395567255 1.572516936753795 0
625 0.3687520659334061 1.538922385982346 0
626 1.025767528908079 0.9741702459693519 0
627 0.4143054863658055 1.648729511544988 0
628 2.358611868071985 0.3053035442309588 0
629 1.228521153248597 0.7410933696292112 0
630 1.272898785376444 0.7590509334130786 0
631 1.172919189777984 1.048423281884538 0
632 1.419601175066507 1.728077968183803 0
633 0.2856663462075004 1.635189593584035 0
634 0.3003836979452821 1.318564294279623 0
635 0.6262700238589737 1.370073875848651 0
636 1.244033650545109 0.8305770736907339 0
637 1.014439867661261 1.586401583534484 0
638 1.046390319751983 1.67358875279006 0
639 0.9478670979301786 1.660855957825613 0
640 0.9915205368962688 1.763867904128616 0
641 1.186232460504318 0.9264829604948422 0
642 0.6863253672940337 0.2898617865147354 0
643 2.106244578645202 0.3555290546245607 0
644 2.19026613458088 0.3039576963535598 0
645 1.702570691921167 0.3766740566426326 0
646 1.630516162485724 0.341664931351684 0
647 1.254520970118648 0.3692103992164547 0
648 1.163791008776028 0.342706694536382 0
649 2.732983018300145 0.3255207994056268 0
650 2.825932313306647 0.387564392966981 0
651 2.816376258443478 0.4988983105759041 0
652 2.918047174976587 0.4520999833661424 0
653 2.90789721252079 0.5613058103550577 0
654 3.01009306060228 0.5118145016367777 0
655 2.808416033947724 0.606997886280262 0
656 2.938134682881391 0.3536334064130939 0
657 1.352730977320998 1.289525493135127 0
658 1.371964323371301 1.327669427844101 0
659 1.351005636828651 1.36207459342513 0
660 1.396152307836295 1.362135180806293 0
661 1.415453040074476 1.32144569349937 0
662 1.439441337745904 1.359419809011493 0
663 1.459961883458432 1.323527411283095 0
664 1.480422124020634 1.357371555532132 0
665 1.502748812502371 1.327069980139964 0
666 1.516242286234335 1.361841575844521 0
667 1.533469548542913 1.31642219118971 0
668 1.547262598070632 1.348871670375003 0
669 1.46669990115068 1.402207990104884 0
670 1.093529493993636 1.774116186173695 0
671 2.644207513729647 0.2426136842777671 0
672 1.481505515521749 1.294548539381433 0
673 1.374647057719598 0.2689083441590529 0
674 1.443503022476771 0.1962260139407397 0
675 1.209029425616399 0.9013769297846577 0
676 1.263585049208725 0.7143094400683878 0
677 1.305038398760155 0.7263121470319194 0
678 1.29764766062778 0.6859102976303723 0
679 1.336254419791278 0.6993800785146876 0
680 1.33206335229488 0.6562846361325286 0
681 1.369886691732725 0.6755655847087426 0
682 2.440802820402099 0.567277261692347 0
683 0.2512085620783454 0.9207517012155444 0
684 1.712267264113834 0.278990864387096 0
685 1.617568233520174 0.2407101923954906 0
686 1.808757049317647 0.2032258384289377 0
687 1.181536891941359 1.175899868800828 0
688 1.204703052448846 1.143902746868769 0
689 1.194826220844897 1.111794053441291 0
690 0.6191728506282163 0.7836296019714745 0
691 1.15964625094288 1.390788998696 0
692 1.668684380025613 1.5772071179027 0
693 1.327328933695928 1.426734386982544 0
694 1.158577046492017 0.9553505648448104 0
695 1.432857916914651 0.5759865576232722 0
696 1.444342065132035 0.6283140998772995 0
697 1.486820032830863 0.6465512623637348 0
698 1.454701562123436 0.6727159908484042 0
699 1.4942038902282 0.6883038863999884 0
700 1.521191924669414 0.6628111896096005 0
701 1.396257969570724 0.6121703850314564 0
702 1.185810591479848 0.7246176687143819 0
703 1.215170413159548 0.8526811748862648 0
704 2.175813615440608 0.5875158430459826 0
705 2.223567009166533 0.5701454708797417 0
706 2.200551044124031 0.6048803078506064 0
707 2.103495625936363 0.5672439923423639 0
708 2.136717949709621 0.562233027401585 0
709 2.14742445253241 0.5974881659331879 0
710 2.260329568594453 0.5820009859383372 0
711 0.29499050279829 0.7283182692707926 0
712 2.109642058060891 0.2475094607043431 0
713 2.202731759777366 0.1890934152457966 0
714 1.777154651211729 1.591356154338974 0
715 1.281962136487153 0.5952188149359997 0
716 1.891419409478072 1.449201568201325 0
717 1.926925086756044 1.432563982700756 0
718 1.907201910807004 1.411517660119198 0
719 1.721960282529129 1.437791342417692 0
720 1.825248731700626 1.447279302303004 0
721 1.858791766678791 1.428084102115536 0
722 1.834327940031652 1.421288575676902 0
723 1.954260120203528 1.420045262070337 0
724 1.881686503269017 1.42568858106763 0
725 0.1745126220101708 1.00475378672258 0
726 1.200638359146367 1.021653139380061 0
727 1.147435127524431 1.079426167982439 0
728 1.523591207163908 0.7009390579120951 0
729 1.539023013357705 0.6821377235348377 0
730 1.237781843644941 0.2678954298101609 0
731 1.141001884162478 0.2343087364347827 0
732 1.459202104105714 0.7067044152001773 0
733 1.427975484007866 0.6987612660387448 0
734 1.400879366907144 0.7253544626956151 0
735 1.049870035607735 0.7266949645863283 0
736 0.9492884379776207 0.8402925764164135 0
737 0.9001792557761569 0.9147124584051657 0
738 0.9671626666882281 0.8990143835690821 0
739 0.2530413962315696 0.6306251530434628 0
740 1.06756373890404 0.8184271344242902 0
741 1.187727641983149 0.9841609049283553 0
742 1.52267217232117 0.6276696932063724 0
743 1.53972692918629 0.6468228923777641 0
744 1.528093304195502 0.5953015754118238 0
745 1.544226686626077 0.6141701763810422 0
746 0.9672935168924688 1.212862808781757 0
747 1.010052144521606 1.111898812383763 0
748 1.004416838933031 1.053103704521634 0
749 1.342726116556606 0.7406296617619621 0
750 1.490724498092041 0.7325422599645063 0
751 0.8782332681341251 1.744977725444946 0
752 0.8427020633063931 1.635483659017406 0
753 0.7633539078347709 1.727665354502493 0
754 0.6932413286785604 1.833133139454726 0
755 0.6465044121433834 1.700080980629015 0
756 1.488256975886076 1.268606226181179 0
757 1.403449155339978 1.89544935895611 0
758 0.6136013751590814 1.085441917134065 0
759 0.650426655335253 1.168555979055068 0
760 0.9950651908560426 1.281359076636033 0
761 0.9210784432931072 1.070495926167301 0
762 1.091186970997923 0.4270683330232692 0
763 1.061310843942344 0.3172947541768391 0
764 1.027691353802481 0.2132606455961023 0
765 1.463170889058101 1.268464293122599 0
766 1.268041304493369 1.20863767220713 0
767 1.254930190274626 1.174933176093937 0
768 1.198842622395911 1.333613632708579 0
769 0.3352832929471781 1.756030382924714 0
770 1.407277427479762 0.6592944267404294 0
771 1.750292083592063 1.091938785820183 0
772 1.770036682578581 1.087204678644575 0
773 1.763709032017482 1.106807775570276 0
774 1.783564812346633 1.102319706170053 0
775 1.777074065823218 1.121980313558388 0
776 1.797120801592661 1.117129919904309 0
777 1.790641395212714 1.136738941080456 0
778 1.810721212773717 1.131818306105153 0
779 1.816692135718957 1.112628377563338 0
780 1.830325235350226 1.127265616511347 0
781 1.836216186367884 1.108134010765908 0
782 1.849844146371049 1.122774030166663 0
783 1.855718867882881 1.10365403727665 0
784 1.869342206085239 1.118297202384603 0
785 1.875214512805766 1.099178922330353 0
786 1.888835688161864 1.113823589972544 0
787 1.894708222031065 1.094705153023396 0
788 1.908329118704979 1.109350014321266 0
789 1.914201600059872 1.090231614108471 0
790 1.927822397608583 1.10487654441446 0
791 1.933694897616064 1.085758131216286 0
792 1.947315682318231 1.100403070465658 0
793 1.95318818272783 1.08128465698754 0
794 1.966808964852702 1.095929598031156 0
795 1.972681465402991 1.076811184455081 0
796 1.986302247109731 1.091456125789797 0
797 1.992174747625813 1.072337712237535 0
798 2.005795529206865 1.086982653659756 0
799 2.011668029746598 1.067864240091028 0
800 2.02528881131136 1.082509181524588 0
801 2.031161311851605 1.063390767955506 0
802 2.044782093413098 1.078035709391342 0
803 2.050654593953522 1.058917295822137 0
804 2.064275375514482 1.07356223725834 0
805 2.070147876054862 1.054443823689165 0
806 2.083768657615664 1.069088765125477 0
807 2.089641158156077 1.049970351556291 0
808 2.103261939716857 1.064615292992611 0
809 2.109134440257273 1.04549687942343 0
810 2.122755221818045 1.060141820859752 0
811 2.128627722358461 1.04102340729056 0
812 2.142248503919232 1.055668348726888 0
813 2.148121004459646 1.03654993515769 0
814 2.16174178602042 1.051194876594024 0
815 2.167614286560833 1.032076463024825 0
816 2.181235068121609 1.046721404461159 0
817 2.187107568662022 1.027602990891969 0
818 2.200728350222797 1.042247932328297 0
819 2.206600850763209 1.023129518759099 0
820 2.220221632323985 1.03777446019543 0
821 2.2260941328644 1.018656046626242 0
822 2.239714914425173 1.033300988062566 0
823 2.245587414965585 1.014182574493373 0
824 2.259208196526358 1.028827515929706 0
825 2.253335907308625 1.047945270627019 0
826 2.272829312066515 1.043472069688138 0
827 2.278701534290773 1.024353979183862 0
828 2.292322325128756 1.038998909851367 0
829 2.286450168940796 1.058117057289615 0
830 2.305943120787983 1.053643857187089 0
831 2.300070666644627 1.072762285269297 0
832 2.319563857389008 1.068288847363882 0
833 2.313691322769451 1.087407281675052 0
834 2.333184610550498 1.082933806085199 0
835 2.32731210527687 1.102052222535222 0
836 2.346805387535833 1.097578750306335 0
837 2.340932886065407 1.116697164441571 0
838 2.360426168205326 1.112223692285143 0
839 2.35455404147524 1.13134175813781 0
840 2.374047011925725 1.126868575855209 0
841 2.368175037893607 1.145986675648661 0
842 2.387667839656036 1.141513503659584 0
843 2.381795489000021 1.160631958632362 0
844 2.393540231654145 1.122395161718344 0
845 2.325436342703293 1.049170439499234 0
846 2.037033812392748 1.044272354385803 0
847 2.134500222898873 1.021904993721364 0
848 2.231966633404812 0.9995376330570576 0
849 2.335060148292511 1.135814086598886 0
850 2.116882871679078 1.079259773912533 0
851 2.038909741254386 1.097153984955582 0
852 1.959060683843865 1.062166243017623 0
853 1.960936447814068 1.115047939084646 0
854 1.882963253205864 1.132941837924631 0
855 1.804845430272414 1.150944005686074 0
856 2.175362567581197 1.065839818030355 0
857 1.900580815301564 1.075586674898215 0
858 2.294197357051139 1.091879742386232 0
859 1.842098456638558 1.08900883248717 0
860 1.784829242662116 1.156203349746389 0
861 1.798982581695426 1.170121329612056 0
862 1.779624811016458 1.174428008810874 0
863 1.793223165522222 1.189100642527946 0
864 1.812712638803847 1.184631609059791 0
865 1.806858522089642 1.203727662404337 0
866 1.826354162342133 1.199251026479246 0
867 1.82048529006167 1.218365269662093 0
868 1.839979882984539 1.21388992481536 0
869 1.800992625972835 1.22283823686856 0
870 1.834107992797455 1.233007888302781 0
871 1.853601775161692 1.228533542665142 0
872 1.847729379916286 1.247652128759656 0
873 1.86722269193948 1.243178362931387 0
874 1.861350385199107 1.262296839921988 0
875 1.880843636266497 1.257823149236523 0
876 1.841857148615923 1.26677051275216 0
877 1.85547809271788 1.281415299334736 0
878 1.835984858511218 1.285888969235264 0
879 1.886715940278901 1.238704675608812 0
880 1.90033687522358 1.253349473479957 0
881 1.906209178936141 1.234231000221877 0
882 1.919830111302131 1.24887580127188 0
883 1.913957807159785 1.267994275059765 0
884 1.933451043319214 1.263520602751999 0
885 1.939323347530491 1.24440212887913 0
886 1.952944279497122 1.259046930421439 0
887 1.958816583706028 1.239928456551499 0
888 1.9724375156584 1.254573258111387 0
889 1.978309819869984 1.235454784238131 0
890 1.991930751820594 1.2500995858002 0
891 1.997803056032162 1.230981111926957 0
892 2.011423987982309 1.245625913489596 0
893 2.01729629219397 1.226507439616256 0
894 2.030917224144059 1.241152241178965 0
895 2.036789528355722 1.222033767305624 0
896 2.050410460305797 1.236678568868341 0
897 2.044538156094135 1.255797042741682 0
898 2.064031392255873 1.251323370431057 0
899 2.069903696467533 1.232204896557712 0
900 2.083524628417607 1.246849698120431 0
901 2.089396932629269 1.227731224247084 0
902 2.103017864579344 1.242376025809804 0
903 2.108890168791003 1.223257551936461 0
904 2.122511100741078 1.237902353499178 0
905 2.11663879652943 1.257020827372528 0
906 2.136132032691161 1.252547155061896 0
907 2.14200433690281 1.23342868118855 0
908 2.155625268852888 1.248073482751265 0
909 2.149752964641243 1.267191956624609 0
910 2.169246200802971 1.262718284313977 0
911 2.163373896591322 1.28183675818732 0
912 2.182867132753052 1.277363085876689 0
913 2.176994828541402 1.296481559750033 0
914 2.196488064703135 1.292007887439401 0
915 2.190615760491486 1.311126361312747 0
916 2.210108996653216 1.306652689002111 0
917 2.20423669244157 1.325771162875459 0
918 2.223729928603298 1.321297490564823 0
919 2.217857624391656 1.340415964438169 0
920 2.237350860553383 1.335942292127534 0
921 2.231478556341737 1.355060766000882 0
922 2.250971792503469 1.350587093690245 0
923 2.256844096715115 1.331468619816896 0
924 2.270465028665204 1.346113421379609 0
925 2.276337332876848 1.326994947506258 0
926 2.175118505014616 1.243599810440622 0
927 2.211985320180015 1.359534438311521 0
928 2.225606252130091 1.374179239874231 0
929 2.104165619766069 1.469775867296281 0
930 2.157501592379669 1.300955232060667 0
931 2.215981300864871 1.287534215128758 0
932 2.05815908804422 1.270441844304404 0
933 1.986058447608855 1.269218059673634 0
934 2.206113015968364 1.378652912184869 0
935 2.219733947918442 1.393297713747579 0
936 1.927578739118717 1.282639076611574 0
937 2.200240711756707 1.39777138605821 0
938 2.213861643706791 1.412416187620924 0
939 2.09526923684093 1.208612750373741 0
940 1.84960579281245 1.300533767899607 0
941 1.830112557368423 1.305007439325505 0
942 2.186619779806616 1.383126584495507 0
943 2.02316859640565 1.207388965742897 0
944 2.194368407545059 1.416889859931558 0
945 2.207989339495142 1.43153466149427 0
946 1.964688887919893 1.220809982675414 0
947 1.816491625537966 1.290362637615314 0
948 1.810619322153326 1.30948111046914 0
949 1.796998390065418 1.294836309076338 0
950 1.79112608596862 1.31395478280809 0
951 1.777505154014718 1.299309981250079 0
952 1.771632849825623 1.318428455095602 0
953 1.758011917874612 1.303783653534034 0
954 1.752139613666999 1.322902127402378 0
955 1.73851868182398 1.308257325872426 0
956 1.732646377523851 1.327375799717537 0
957 1.719025445648907 1.312730998220939 0
958 1.71315314136299 1.331849472035229 0
959 1.699532209378114 1.317204670506191 0
960 1.693659905183224 1.336323144342798 0
961 1.744390986154057 1.289138852013525 0
962 1.680038973170718 1.321678342834839 0
963 1.674166669010872 1.340796816655908 0
964 1.765760545617301 1.33754692896485 0
965 1.660545736999603 1.326152015148875 0
966 1.654673432845801 1.345270488967509 0
967 1.641052500895179 1.330625687404948 0
968 1.843733489829969 1.319652240257727 0
969 1.635180196697697 1.349744161264693 0
970 1.685911277246934 1.302559869239056 0
971 1.72677407330068 1.346494273588124 0
972 2.251459915505997 0.995064160924179 0
973 2.237839133945222 0.9804192194878563 0
974 2.257332416046411 0.9759457473549857 0
975 2.243711634485638 0.9613008059186455 0
976 2.263204916586826 0.9568273337857859 0
977 2.24958413502605 0.9421823923494497 0
978 2.26907741712724 0.9377089202165845 0
979 2.255456635566463 0.9230639787802528 0
980 2.274949917667651 0.9185905066473883 0
981 2.261329136106875 0.9039455652110562 0
982 2.280822418208062 0.8994720930781901 0
983 2.241835854005685 0.9084190373439205 0
984 2.247708354546098 0.8893006237747241 0
985 2.228215072444907 0.8937740959075861 0
986 2.234087572985318 0.8746556823383905 0
987 2.21459429088413 0.8791291544712543 0
988 2.220466791424541 0.8600107409020594 0
989 2.200973509323356 0.8644842130349267 0
990 2.206846009863762 0.8453657994657287 0
991 2.187352727762575 0.8498392715985961 0
992 2.226339291964948 0.8408923273328605 0
993 2.294443199768839 0.9141170345145202 0
994 2.300315700309247 0.8949986209453222 0
995 2.313936481870026 0.909643562381653 0
996 2.319808982410434 0.8905251488124541 0
997 2.333429763971211 0.9051700902487763 0
998 2.33930226451162 0.886051676679585 0
999 2.352923046072398 0.9006966181159066 0
1000 2.358795546612801 0.8815782045467218 0
1001 2.372416328173584 0.8962231459830453 0
1002 2.378288828713987 0.8771047324138554 0
1003 2.391909610274775 0.8917496738501793 0
1004 2.397782110815178 0.8726312602809806 0
1005 2.411402892375965 0.8872762017173121 0
1006 2.417275392916366 0.8681577881481114 0
1007 2.430896174477147 0.8828027295844472 0
1008 2.436768675017548 0.8636843160152307 0
1009 2.450389456578334 0.8783292574515754 0
1010 2.456261957118735 0.8592108438823592 0
1011 2.469882738679519 0.8738557853187029 0
1012 2.475755239219926 0.8547373717495058 0
1013 2.489376020780707 0.8693823131858354 0
1014 2.49524852132111 0.8502638996166372 0
1015 2.508869302881894 0.8649088410529662 0
1016 2.502996802341488 0.8840272546221646 0
1017 2.522490084442674 0.8795537824892941 0
1018 2.516617583902274 0.8986721960585149 0
1019 2.536110866003461 0.8941987239256478 0
1020 2.541983366543862 0.8750803103564315 0
1021 2.555604148104641 0.8897252517927581 0
1022 2.549731647564255 0.9088436653619804 0
1023 2.569224929665426 0.9043701932290826 0
1024 2.563352429125028 0.9234886067982844 0
1025 2.582845711226204 0.9190151346654077 0
1026 2.401288573836004 1.156158499748489 0
1027 2.289958264826934 1.341639749068972 0
1028 2.576973210685798 0.9381335482346096 0
1029 2.596466492787021 0.9336600761017043 0
1030 2.590593992246582 0.9527784896709328 0
1031 2.610087274347809 0.9483050175380306 0
1032 2.604214773807355 0.9674234311072667 0
1033 2.623708055908549 0.9629499589743951 0
1034 2.617835555368128 0.9820683725436036 0
1035 2.637328837469323 0.9775949004107292 0
1036 2.631456336928913 0.9967133139799281 0
1037 2.650949619030102 0.9922398418470593 0
1038 2.645077118489692 1.011358255416257 0
1039 2.664570400590879 1.006884783283391 0
1040 2.65869790005047 1.026003196852588 0
1041 2.678191182151658 1.021529724719721 0
1042 2.67231868161125 1.040648138288917 0
1043 2.691811963712437 1.03617466615605 0
1044 2.68593946317203 1.055293079725248 0
1045 2.705432745273218 1.050819607592378 0
1046 2.699560244732808 1.069938021161575 0
1047 2.719053526833997 1.065464549028707 0
1048 2.713181026293587 1.0845829625979 0
1049 2.732674308394776 1.080109490465035 0
1050 2.726801807854369 1.099227904034231 0
1051 2.746295089955556 1.094754431901364 0
1052 2.740422589415149 1.113872845470563 0
1053 2.752167590495962 1.075636018332166 0
1054 2.76578837205674 1.090280959768495 0
1055 2.77166087259715 1.071162546199297 0
1056 2.785281654157928 1.085807487635626 0
1057 2.791154154698338 1.066689074066423 0
1058 2.804774936259117 1.081334015502755 0
1059 2.810647436799525 1.062215601933546 0
1060 2.824268218360304 1.076860543369886 0
1061 2.830140718900709 1.057742129800687 0
1062 2.843761500461492 1.072387071237011 0
1063 2.849634001001898 1.053268657667822 0
1064 2.863254782562681 1.067913599104136 0
1065 2.869127283103097 1.048795185534907 0
1066 2.882748064663865 1.06344012697126 0
1067 2.888620565204296 1.044321713402038 0
1068 2.902241346765053 1.058966654838393 0
1069 2.90811384730547 1.039848241269205 0
1070 2.921734628866238 1.05449318270553 0
1071 2.927607129406644 1.035374769136334 0
1072 2.941227910967417 1.050019710572659 0
1073 2.947100411507829 1.030901297003465 0
1074 2.960721193068602 1.045546238439779 0
1075 2.966593693609016 1.0264278248706 0
1076 2.980214475169792 1.041072766306914 0
1077 2.986086975710204 1.021954352737733 0
1078 2.999707757270977 1.036599294174058 0
1079 3.005580257811387 1.017480880604865 0
1080 3.019201039372166 1.032125822041189 0
1081 3.025073539912571 1.013007408471994 0
1082 3.038694321473352 1.027652349908319 0
1083 2.837888999921079 1.09150548480621 0
1084 3.044566822013757 1.008533936339114 0
1085 3.058187603574538 1.023178877775444 0
1086 3.064060104114948 1.00406046420625 0
1087 3.077680885675724 1.018705405642571 0
1088 3.083553386216132 0.9995869920733772 0
1089 3.09717416777691 1.014231933509696 0
1090 3.103046668317317 0.9951135199404917 0
1091 3.116667449878097 1.009758461376814 0
1092 3.089425886756577 0.9804685785040905 0
1093 3.122539950418505 0.9906400478076185 0
1094 3.136160731979285 1.005284989243942 0
1095 3.142033232519685 0.9861665756747449 0
1096 3.155654014080473 1.000811517111069 0
1097 2.935355410427012 1.06913812414186 0
1098 3.161526514620867 0.9816931035418662 0
1099 3.175147296181648 0.9963380449781913 0
1100 2.991959476250607 1.00283593916853 0
1101 3.226022331805203 1.427897779318281 0
1102 3.181019796722049 0.9772196314089856 0
1103 3.194640578282828 0.9918645728453362 0
1104 3.200513078823234 0.9727461592761008 0
1105 3.214133860384022 0.9873911007124218 0
1106 3.220006360924421 0.9682726871432125 0
1107 3.233627142485214 0.9829176285795659 0
1108 3.032821820932944 1.046770763477513 0
1109 3.239499643025604 0.9637992150103403 0
1110 3.253120424586399 0.9784441564466886 0
1111 3.258992925126784 0.9593257428774598 0
1112 3.272613706687573 0.9739706843137805 0
1113 3.278486207227968 0.9548522707445624 0
1114 3.292106988788755 0.9694972121808877 0
1115 3.297979489329155 0.9503787986116753 0
1116 3.311600270889937 0.9650237400480028 0
1117 3.317472771430334 0.9459053264788018 0
1118 3.331093552991114 0.9605502679151283 0
1119 3.336966053531514 0.9414318543459194 0
1120 3.350586835092298 0.9560767957822451 0
1121 3.356459335632691 0.9369583822130438 0
1122 3.370080117193487 0.9516033236493517 0
1123 3.364207616653089 0.9707217372185628 0
1124 3.38370089875428 0.966248265085671 0
1125 3.596373636545167 1.4373505197312 0
1126 3.389573399294671 0.9471298515164636 0
1127 3.403194180855463 0.9617747929527853 0
1128 3.409066681395855 0.9426563793835862 0
1129 3.422687462956644 0.9573013208199074 0
1130 3.416814962416252 0.9764197343891047 0
1131 3.43630824451744 0.9719462622562284 0
1132 3.44218074505782 0.9528278486870159 0
1133 3.455801526618626 0.9674727901233383 0
1134 3.461674027159009 0.9483543765541286 0
1135 3.475294808719805 0.9629993179904432 0
1136 3.481167309260194 0.9438809044212415 0
1137 3.494788090820988 0.9585258458575578 0
1138 3.488915590280587 0.9776442594267354 0
1139 3.508408872381804 0.9731707872938475 0
1140 3.514281372922174 0.9540523737246664 0
1141 3.52790215448312 0.9686973151608396 0
1142 3.533774655023457 0.9495789015913216 0
1143 3.52202965394263 0.987815728730142 0
1144 3.541522936043944 0.9833422565971308 0
1145 3.535650435503405 1.002460670166477 0
1146 3.555143717604738 0.9979871980334823 0
1147 2.855506501542342 1.034150244098544 0
1148 3.549271217064226 1.017105611602769 0
1149 3.568764499165688 1.01263213946968 0
1150 3.266741206147203 0.9930890978830988 0
1151 3.18689229726246 0.9581012178397548 0
1152 3.169274795641257 1.01545645854744 0
1153 2.643201338009812 0.958476486841446 0
1154 3.562891998625033 1.031750553039015 0
1155 3.582385280726351 1.02727708090608 0
1156 3.576512780185768 1.046395494475371 0
1157 3.5960060622871 1.041922022342413 0
1158 3.601878562827806 1.022803608772995 0
1159 2.720929307313964 1.118346317603426 0
1160 2.734550088874741 1.132991259039761 0
1161 2.715056806773558 1.137464731172629 0
1162 2.728677588334334 1.152109672608961 0
1163 2.709184306233152 1.156583144741832 0
1164 2.722805087793931 1.171228086178161 0
1165 2.703311805692747 1.175701558311032 0
1166 2.716932587253526 1.19034649974736 0
1167 2.697439305152344 1.194819971880233 0
1168 2.711060086713125 1.209464913316558 0
1169 3.590133561746547 1.061040435911759 0
1170 3.570640279645339 1.065513908044473 0
1171 3.609626843847881 1.056566963778749 0
1172 3.603754343307342 1.075685377348079 0
1173 3.623247625408529 1.071211905215204 0
1174 2.575097430205892 0.8852517796598169 0
1175 3.264865425667214 0.9402073293080809 0
1176 3.617375124868093 1.090330318784361 0
1177 3.636868406969286 1.08585684665154 0
1178 3.630995906428872 1.104975260220679 0
1179 3.650489188530063 1.10050178808786 0
1180 3.656361689070831 1.081383374518362 0
1181 3.644616687989669 1.119620201657064 0
1182 3.625123405888474 1.124093673789703 0
1183 3.664109970090852 1.115146729524187 0
1184 3.658237469550465 1.134265143093397 0
1185 3.342838554071933 0.9223134407766596 0
1186 3.677730751651646 1.129791670960507 0
1187 3.671858251111246 1.148910084529712 0
1188 2.384161329254351 0.8579863188446171 0
1189 3.691351533212439 1.144436612396827 0
1190 3.685479032672039 1.163555025966033 0
1191 2.730553368814313 1.204991441183685 0
1192 2.724680868273911 1.224109854752885 0
1193 2.744174150375098 1.219636382620009 0
1194 2.738301649834697 1.23875479618921 0
1195 2.71880836773351 1.243228268322085 0
1196 2.732429149294294 1.257873209758411 0
1197 2.757794931935883 1.234281324056334 0
1198 2.683818523591566 1.180175030443903 0
1199 3.704972314773233 1.159081553833148 0
1200 3.710844815313621 1.13996314026394 0
1201 3.699099814232845 1.17819996740235 0
1202 3.679606532131653 1.182673439535239 0
1203 2.462134457659109 0.8400924303131184 0
1204 2.639204617949259 1.030476668985501 0
1205 3.693227313692452 1.197318380971556 0
1206 3.673734031591289 1.201791853104432 0
1207 3.712720595793635 1.192844908838655 0
1208 2.395416065398786 1.175276922426444 0
1209 2.414909294235272 1.170803458160215 0
1210 2.409036802572305 1.189921870418304 0
1211 2.428530077275616 1.185448399378038 0
1212 2.422657576981791 1.204566812910814 0
1213 3.687354813152068 1.21643679454076 0
1214 2.442150857629407 1.200093340992636 0
1215 2.436278357149515 1.219211754552892 0
1216 3.667861531050916 1.220910266673606 0
1217 2.455771638989688 1.214738282458586 0
1218 2.449899138444696 1.233856696028456 0
1219 2.469392420478348 1.229383223905576 0
1220 2.463519919949183 1.248501637473109 0
1221 3.681482312611689 1.235555208109958 0
1222 2.475264921030787 1.210264810334608 0
1223 2.58472149170616 0.9718969032401852 0
1224 2.425023673936741 0.9019211431536408 0
1225 2.193225228302984 0.8307208580293981 0
1226 2.173731946201798 0.8351943301622625 0
1227 3.661989030510521 1.240028680242822 0
1228 3.675609812071308 1.254673621679163 0
1229 2.488885702581548 1.224909751772427 0
1230 2.494758203122297 1.205791338203186 0
1231 2.179604446742208 0.816075916593067 0
1232 2.16011116464102 0.8205493887259325 0
1233 2.154238664100613 0.8396678022951245 0
1234 2.140617882539834 0.8250228608588026 0
1235 2.134745381999428 0.8441412744279951 0
1236 2.121124600438648 0.8294963329916732 0
1237 2.115252099898242 0.8486147465608728 0
1238 2.101631318337461 0.8339698051245448 0
1239 2.107503818877867 0.8148513915553455 0
1240 2.088010536776677 0.819324863688214 0
1241 2.082138036236275 0.8384432772574153 0
1242 2.06851725467549 0.8237983358210849 0
1243 2.062644754135093 0.842916749390287 0
1244 2.049023972574307 0.8282718079539576 0
1245 2.043151472033904 0.8473902215231575 0
1246 2.029530690473122 0.8327452800868269 0
1247 2.023658189932715 0.8518636936560184 0
1248 2.010037408371936 0.837218752219693 0
1249 2.004164907831527 0.8563371657888845 0
1250 1.990544126270749 0.8416922243525596 0
1251 1.984671625730339 0.8608106379217568 0
1252 1.97105084416956 0.8461656964854272 0
1253 1.976923344709968 0.8270472829162286 0
1254 1.957430062608781 0.8315207550490967 0
1255 1.963302563149187 0.8124023414798965 0
1256 1.943809281048003 0.8168758136127647 0
1257 1.949681781588412 0.7977574000435667 0
1258 1.930188499487224 0.8022308721764342 0
1259 1.936061000027632 0.7831124586072363 0
1260 1.916567717926445 0.787585930740104 0
1261 1.92244021846685 0.7684675171709079 0
1262 1.902946936365666 0.7729409893037746 0
1263 1.965178343629151 0.8652841100546254 0
1264 1.908819436906071 0.753822575734578 0
1265 1.889326154804884 0.7582960478674456 0
1266 2.054896473114711 0.8091533943847588 0
1267 2.697684464252877 1.017056252586791 0
1268 3.656116529970133 1.259147093812063 0
1269 3.642495748409345 1.244502152375598 0
1270 3.66973731153093 1.27379203524838 0
1271 3.689230593632105 1.269318563115479 0
1272 1.941933500568045 0.7639940450380345 0
1273 1.895198655345291 0.7391776342982483 0
1274 1.875705373244104 0.7436511064311173 0
1275 3.636623247868959 1.263620565944938 0
1276 3.623002466308154 1.248975624508554 0
1277 3.617129965767777 1.268094038077876 0
1278 3.60350918420697 1.253449096641572 0
1279 3.597636683666591 1.272567510210779 0
1280 3.584015902105835 1.257922568774358 0
1281 3.578143401565415 1.277040982343678 0
1282 3.564522620004613 1.262396040907367 0
1283 2.508378984680729 1.220436279639874 0
1284 2.677946023051156 1.199293444013102 0
1285 2.165983665181431 0.8014309751567341 0
1286 3.430435743977046 0.991064675825434 0
1287 3.09130166723651 1.033350347078906 0
1288 2.913986347845858 1.020729827700004 0
1289 2.514251485221539 1.201317866070621 0
1290 3.467546527699398 0.9292359629849156 0
1291 2.185476947282621 0.7969575030238707 0
1292 1.924315998946815 0.8213492857456309 0
1293 3.68335809309173 1.28843697668469 0
1294 3.70285137519291 1.283963504551794 0
1295 3.558650119464231 1.281514454476572 0
1296 3.545029337903432 1.266869513040262 0
1297 2.171856165721848 0.7823125615875357 0
1298 2.191349447823033 0.7778390894546727 0
1299 3.550901838443823 1.247751099470993 0
1300 3.531408556342632 1.252224571603938 0
1301 3.525536055802249 1.271342985173156 0
1302 3.511915274241455 1.256698043736844 0
1303 3.517787774781826 1.237579630167635 0
1304 3.498294492680654 1.242053102300537 0
1305 3.504166993220981 1.222934688731319 0
1306 3.484673711119843 1.227408160864237 0
1307 3.490546211660171 1.208289747295014 0
1308 3.471052929559036 1.212763219427925 0
1309 3.476925430099411 1.193644805858716 0
1310 3.457432147998202 1.198118277991558 0
1311 3.451559647457855 1.217236691560811 0
1312 3.437938865896982 1.202591750124343 0
1313 3.432066365356662 1.221710163693683 0
1314 3.418445583795827 1.20706522225727 0
1315 3.412573083255478 1.226183635826579 0
1316 3.398952301694679 1.211538694390267 0
1317 3.404824802235009 1.192420280820754 0
1318 3.385331520133895 1.196893752953977 0
1319 3.37945901959351 1.216012166523184 0
1320 3.365838238032693 1.201367225086765 0
1321 3.359965737492325 1.220485638656062 0
1322 3.346344955931509 1.205840697219635 0
1323 3.340472455391144 1.224959110788948 0
1324 3.326851673830308 1.210314169352507 0
1325 3.320979173289955 1.229432582921834 0
1326 3.307358391729113 1.214787641485392 0
1327 3.301485891188767 1.233906055054713 0
1328 3.287865109627966 1.219261113618393 0
1329 3.281992609087597 1.238379527187637 0
1330 3.268371827526751 1.223734585751163 0
1331 3.262499326986412 1.242852999320511 0
1332 3.24887854542552 1.228208057883879 0
1333 3.243006044885219 1.247326471453333 0
1334 3.229385263324378 1.232681530016869 0
1335 3.223512762784042 1.251799943586228 0
1336 3.209891981223242 1.237155002149927 0
1337 3.204019480682867 1.256273415719158 0
1338 3.19039869912207 1.241628474282851 0
1339 3.184526198581689 1.260746887852052 0
1340 3.170905417020893 1.246101946415752 0
1341 3.165032916480505 1.265220359984955 0
1342 3.151412134919707 1.25057541854864 0
1343 3.145539634379317 1.269693832117837 0
1344 3.131918852818467 1.255048890681294 0
1345 3.126046352278125 1.274167304250686 0
1346 3.112425570717277 1.259522362814137 0
1347 3.106553070176961 1.278640776383561 0
1348 3.092932288616097 1.263995834947005 0
1349 3.087059788075766 1.283114248516443 0
1350 3.073439006514911 1.268469307079892 0
1351 3.067566505974567 1.287587720649343 0
1352 3.053945724413714 1.272942779212736 0
1353 3.048073223873401 1.292061192782229 0
1354 3.034452442312535 1.27741625134562 0
1355 3.028579941772224 1.29653466491512 0
1356 3.014959160211425 1.28188972347881 0
1357 3.009086659671058 1.301008137048094 0
1358 2.995465878110251 1.286363195611765 0
1359 2.989593377569876 1.305481609180988 0
1360 2.975972596009068 1.290836667744674 0
1361 2.970100095468696 1.309955081313885 0
1362 2.983720877029498 1.324600022750197 0
1363 2.964227594928323 1.329073494883095 0
1364 2.977848376489122 1.343718436319404 0
1365 2.958355094387985 1.348191908452262 0
1366 2.971975875948791 1.362836849888579 0
1367 2.952482593847592 1.36731032202127 0
1368 2.944734312827137 1.33354696701578 0
1369 3.02083166075178 1.262771309909501 0
1370 3.176777917561152 1.226983532846156 0
1371 3.274244328067035 1.204616172181668 0
1372 3.371710738573032 1.182248811517358 0
1373 3.098804789156352 1.244877421377334 0
1374 3.463304648538513 1.178999864422199 0
1375 3.120173851737756 1.293285717819866 0
1376 1.883453654264479 0.7774144614366432 0
1377 1.881577873784508 0.7245326928619182 0
1378 1.862084591683323 0.7290061649947897 0
1379 2.037278971493493 0.866508635092359 0
1380 2.444026637849865 1.252975109605685 0
1381 2.457647419401567 1.267620051043364 0
1382 2.375922325988062 1.179749284092567 0
1383 3.696978874652535 1.303081918121 0
1384 3.71647215675371 1.298608445988105 0
1385 3.061694005434211 1.306706134218547 0
1386 3.506042773701075 1.275816457306044 0
1387 1.978799125189929 0.8799290514909558 0
1388 1.959305843088744 0.8844025236238227 0
1389 2.17772866626226 0.7631941480183394 0
1390 2.197221948363442 0.7587206758854728 0
1391 2.295830569038578 1.32252127519562 0
1392 2.309451500988661 1.33716607675833 0
1393 2.303579196777019 1.356284550631683 0
1394 2.323072432938746 1.351810878321041 0
1395 2.317200128727101 1.370929352194387 0
1396 2.33669336488883 1.366455679883752 0
1397 2.330821022479754 1.385573987318574 0
1398 1.901071155885696 0.7200592207290478 0
1399 1.887450374324913 0.7054142792927186 0
1400 2.797026655238769 1.047570660497151 0
1401 2.325681482950822 0.8714067352431818 0
1402 3.529777934962868 1.021579083735539 0
1403 3.354093236951941 1.239604052225289 0
1404 2.527872266781979 1.215962807507007 0
1405 2.712935867193107 1.262346681891281 0
1406 2.72655664875389 1.276991623327612 0
1407 2.707063366652704 1.281465095460482 0
1408 2.720684148213484 1.296110036896811 0
1409 2.701190866112299 1.300583509029678 0
1410 2.714811647673079 1.315228450466011 0
1411 2.734304929774267 1.310754978333136 0
1412 2.728432429233863 1.329873391902339 0
1413 2.747925711335049 1.325399919769455 0
1414 2.74205321079465 1.344518333338661 0
1415 2.533744767322409 1.196844393937806 0
1416 2.520123985761568 1.182199452501486 0
1417 2.539617267862767 1.177725980368622 0
1418 2.525996486301984 1.16308103893229 0
1419 3.710599656213336 1.317726859557311 0
1420 3.73009293831451 1.313253387424415 0
1421 3.735965438854889 1.294134973855209 0
1422 3.749586220415692 1.308779915291521 0
1423 3.755458720956072 1.289661501722316 0
1424 3.769079502516879 1.304306443158631 0
1425 3.774952003057257 1.285188029589428 0
1426 3.78857278461806 1.299832971025744 0
1427 3.794445285158439 1.280714557456538 0
1428 3.808066066719234 1.295359498892859 0
1429 3.813938567259618 1.276241085323649 0
1430 2.545489768403177 1.15860756679942 0
1431 2.5318689868424 1.143962625363094 0
1432 1.972926624649522 0.899047465060154 0
1433 1.953433342548335 0.9035209371930202 0
1434 3.217640262243692 1.270918357155474 0
1435 3.295613390648392 1.25302446862397 0
1436 3.827559348820413 1.290886026759971 0
1437 3.8334318493608 1.271767613190765 0
1438 3.819811067799999 1.257122671754443 0
1439 3.839304349901181 1.252649199621555 0
1440 3.825683568340378 1.238004258185247 0
1441 3.845176850441554 1.233530786052344 0
1442 3.831556068880745 1.218885844616036 0
1443 2.366543827633227 0.9153415595522435 0
1444 2.521999766241511 1.235081221076211 0
1445 2.541493048342693 1.23060774894336 0
1446 2.535620547802266 1.249726162512552 0
1447 2.695318365571889 1.319701922598882 0
1448 2.681697584011112 1.305056981162548 0
1449 2.675825083470704 1.324175394731749 0
1450 2.195101008782951 0.8836026266041366 0
1451 3.677485592551339 1.307555390253896 0
1452 1.906943656426099 0.700940807159848 0
1453 1.893322874865319 0.68629586572352 0
1454 3.851049350981916 1.214412372483129 0
1455 3.837428569421112 1.199767431046819 0
1456 2.183601166802665 0.7440757344491429 0
1457 2.20309444890385 0.739602262316275 0
1458 2.21671523046463 0.7542472037526029 0
1459 2.222587731005037 0.7351287901834057 0
1460 2.23620851256582 0.7497737316197344 0
1461 2.242081013106223 0.7306553180505351 0
1462 2.255701794667007 0.7453002594868626 0
1463 2.261574295207403 0.7261818459176653 0
1464 2.275195076768184 0.7408267873539605 0
1465 2.281067577308594 0.721708373784788 0
1466 2.294688358869373 0.7363533152210953 0
1467 2.300560859409784 0.7172349016519106 0
1468 2.314181640970555 0.7318798430881991 0
1469 2.320054141510963 0.7127614295190338 0
1470 2.333674923071741 0.7274063709553406 0
1471 2.339547423612149 0.7082879573861625 0
1472 2.353168205172927 0.7229328988224659 0
1473 2.359040705713335 0.7038144852532895 0
1474 2.372661487274112 0.718459426689584 0
1475 2.378533987814522 0.6993410131204276 0
1476 2.392154769375301 0.7139859545567387 0
1477 2.164107884701482 0.7485492065820086 0
1478 2.398027269915722 0.6948675409875666 0
1479 2.41164805147649 0.7095124824238701 0
1480 2.417520552016905 0.6903940688546749 0
1481 2.431141333577677 0.7050390102909884 0
1482 2.437013834118072 0.6859205967217836 0
1483 2.450634615678859 0.7005655381581057 0
1484 2.456507116219253 0.6814471245889032 0
1485 2.470127897780043 0.6960920660252242 0
1486 2.476000398320436 0.6769736524560211 0
1487 2.489621179881228 0.6916185938923416 0
1488 2.49549368042162 0.6725001803231381 0
1489 2.509114461982407 0.6871451217594574 0
1490 2.503241961442019 0.7062635353286612 0
1491 2.522735243543203 0.7017900631957767 0
1492 3.496418712200543 1.189171333725621 0
1493 2.763667432476284 1.215162910487133 0
1494 2.777288214037065 1.229807851923457 0
1495 1.967054124109112 0.9181658786293525 0
1496 1.947560842007924 0.9226393507622186 0
1497 1.933940060447148 0.907994409325888 0
1498 1.928067559906737 0.9271128228950881 0
1499 1.914446778345958 0.9124678814587575 0
1500 1.908574277805548 0.9315862950279556 0
1501 2.315323805200308 1.31804760288498 0
1502 2.301702873250223 1.303402801322271 0
1503 1.894953496244771 0.916941353591624 0
1504 2.364913206253745 0.6846960716841217 0
1505 3.591764183126193 1.291685923779995 0
1506 3.80219356617886 1.31447791246207 0
1507 3.85692185152229 1.195293958913923 0
1508 3.843301069961498 1.18064901747762 0
1509 2.680066962631622 1.074411493294442 0
1510 2.551362268943592 1.139489153230222 0
1511 2.537741487382817 1.124844211793899 0
1512 2.662204301909929 1.309530453295425 0
1513 2.656331801369525 1.328648866864624 0
1514 2.669952582930303 1.34329380830095 0
1515 2.65045930082912 1.347767280433823 0
1516 2.664080082389903 1.36241222187015 0
1517 3.724220437774135 1.332371800993624 0
1518 1.889080995704363 0.9360597671608201 0
1519 2.516862743002809 0.720908476764982 0
1520 2.536356025103994 0.716435004632098 0
1521 2.636838519268343 1.333122338997492 0
1522 2.78316071457747 1.210689438354259 0
1523 2.796781496138248 1.225334379790583 0
1524 2.321196109411952 1.298929129011629 0
1525 2.30757517746187 1.284284327448924 0
1526 3.847052630921582 1.286412554627082 0
1527 2.542228525644387 0.6973165910628959 0
1528 2.555849307205177 0.71196153249922 0
1529 2.54997680666478 0.7310799460684232 0
1530 2.569470088765963 0.7266064739355441 0
1531 2.575342589306364 0.7074880603663407 0
1532 2.58896337086715 0.7221330018026647 0
1533 2.583090870326749 0.7412514153718682 0
1534 2.602584152427935 0.7367779432389896 0
1535 2.608456652968337 0.717659529669788 0
1536 2.62207743452912 0.7323044711061144 0
1537 2.627949935069524 0.7131860575369138 0
1538 2.641570716630305 0.7278309989732423 0
1539 2.647443217170711 0.7087125854040401 0
1540 2.66106399873149 0.7233575268403689 0
1541 2.655191498191088 0.7424759404095691 0
1542 2.674684780292271 0.7380024682767015 0
1543 2.668812279751871 0.7571208818458969 0
1544 2.688305561853053 0.7526474097130291 0
1545 2.682433061312647 0.7717658232822285 0
1546 2.701926343413823 0.7672923511493531 0
1547 2.696053842873425 0.7864107647185561 0
1548 2.71554712497459 0.7819372925856635 0
1549 2.709674624434207 0.8010557061548776 0
1550 2.729167906535383 0.7965822340219879 0
1551 2.723295405994991 0.8157006475912034 0
1552 2.742788688096181 0.811227175458335 0
1553 2.748661188636563 0.7921087618891064 0
1554 2.762281970197351 0.8067537033254339 0
1555 2.756409469656963 0.8258721168946562 0
1556 2.775902751758143 0.8213986447617767 0
1557 2.781775252298516 0.8022802311925439 0
1558 2.795396033859323 0.8169251726288993 0
1559 2.801268534399708 0.7978067590596867 0
1560 2.814889315960512 0.8124517004960303 0
1561 2.82076181650092 0.7933332869268318 0
1562 2.834382598061711 0.8079782283631621 0
1563 2.840255098602082 0.7888598147939427 0
1564 2.853875880162898 0.8035047562302817 0
1565 2.859748380703268 0.7843863426610582 0
1566 2.873369162264076 0.7990312840973972 0
1567 2.879241662804466 0.7799128705281945 0
1568 2.89286244436526 0.7945578119645169 0
1569 2.898734944905652 0.7754393983953178 0
1570 2.912355726466443 0.790084339831634 0
1571 2.918228227006839 0.7709659262624373 0
1572 2.931849008567626 0.7856108676987565 0
1573 2.937721509108029 0.7664924541295632 0
1574 2.951342290668811 0.7811373955658847 0
1575 2.957214791209213 0.7620189819966893 0
1576 2.970835572769997 0.7766639234330108 0
1577 2.976708073310395 0.7575455098638126 0
1578 2.990328854871182 0.7721904513001374 0
1579 2.996201355411585 0.7530720377309378 0
1580 3.009822136972369 0.7677169791672592 0
1581 3.015694637512762 0.7485985655980582 0
1582 3.029315419073547 0.7632435070343787 0
1583 3.035187919613944 0.7441250934651675 0
1584 3.048808701174728 0.7587700349014882 0
1585 3.054681201715125 0.7396516213322823 0
1586 3.068301983275918 0.7542965627686039 0
1587 3.074174483816317 0.7351781491994123 0
1588 3.087795265377104 0.7498230906357294 0
1589 3.093667765917501 0.7307046770665334 0
1590 3.10728854747829 0.745349618502848 0
1591 3.021567138053168 0.7294801520288535 0
1592 3.0819227648367 0.768941504204915 0
1593 2.984456354330848 0.7913088648694894 0
1594 2.906483225926076 0.8092027534008839 0
1595 2.828510097521311 0.8270966419323722 0
1596 3.113161048018684 0.7262312049336519 0
1597 3.126781829579475 0.7408761463699611 0
1598 3.099540266457879 0.711586263497296 0
1599 2.770030251217744 0.8405170583309796 0
1600 3.132654330119866 0.7217577328007678 0
1601 3.146275111680655 0.7364026742370851 0
1602 3.14040261114026 0.7555210878062826 0
1603 3.159895893241443 0.7510476156734063 0
1604 2.924100727547224 0.7518475126932348 0
1605 3.154023392701046 0.7701660292426092 0
1606 3.173516674802235 0.7656925571097229 0
1607 3.179389175342627 0.7465741435405233 0
1608 3.193009956903415 0.761219084976841 0
1609 3.198882457443808 0.7421006714076382 0
1610 3.212503239004597 0.7567456128439544 0
1611 3.187137456363021 0.7803374985460392 0
1612 2.707798843954218 0.7481739375801486 0
1613 2.666936499271895 0.7042391132711684 0
1614 3.218375739544989 0.7376271992747507 0
1615 3.231996521105782 0.7522721407110653 0
1616 2.865620881243633 0.7652679290918418 0
1617 2.807141034940059 0.7786883454904643 0
1618 3.23786902164617 0.7331537271418604 0
1619 3.251489803206976 0.7477986685781716 0
1620 3.245617302666579 0.7669170821473793 0
1621 3.265110584767761 0.7624436100144892 0
1622 3.270983085308153 0.7433251964452749 0
1623 3.284603866868949 0.7579701378815904 0
1624 3.290476367409328 0.7388517243123707 0
1625 3.304097148970135 0.7534966657486961 0
1626 3.309969649510504 0.7343782521794877 0
1627 3.323590431071308 0.7490231936158045 0
1628 3.259238084227374 0.7815620235836932 0
1629 3.224248240085383 0.7185087857055465 0
1630 3.329462931611602 0.7299047800468601 0
1631 3.343083713172502 0.7445497214830993 0
1632 3.337211212632113 0.7636681350521499 0
1633 3.356704494733288 0.7591946629192474 0
1634 3.362576995273702 0.740076249350216 0
1635 3.376197776834471 0.7547211907863463 0
1636 3.382070277374867 0.7356027772172482 0
1637 3.395691058935644 0.7502477186534001 0
1638 3.401563559476021 0.7311293050842123 0
1639 3.415184341036775 0.7457742465205732 0
1640 3.42105684157719 0.726655832951279 0
1641 3.434677623137966 0.7413007743876762 0
1642 3.44055012367837 0.7221823608183741 0
1643 3.454170905239174 0.7368273022546943 0
1644 3.448298404698726 0.7559457158241534 0
1645 3.467791686799985 0.7514722436909828 0
1646 3.473664187340355 0.7323538301217744 0
1647 3.487284968901176 0.7469987715581279 0
1648 3.493157469441533 0.7278803579888674 0
1649 3.506778251002356 0.7425252994252342 0
1650 3.512650751542713 0.7234068858559597 0
1651 3.52627153310352 0.7380518272922731 0
1652 3.532144033643887 0.7189334137230439 0
1653 3.545764815204695 0.7335783551593498 0
1654 3.539892314664332 0.7526967687285678 0
1655 3.559385596765527 0.7482232965957392 0
1656 3.565258097305876 0.7291048830264547 0
1657 3.578878878866708 0.7437498244628453 0
1658 3.584751379407054 0.7246314108935468 0
1659 3.598372160967865 0.7392763523298445 0
1660 3.592499660427498 0.7583947658990374 0
1661 3.611992942528674 0.753921293766132 0
1662 3.617865443069034 0.7348028801969106 0
1663 3.631486224629857 0.7494478216332063 0
1664 3.625613724089493 0.7685662352024295 0
1665 3.645107006190676 0.7640927630695036 0
1666 3.639234505650318 0.7832111766387159 0
1667 3.658727787751492 0.7787377045057895 0
1668 3.652855287211142 0.7978561180749968 0
1669 3.672348569312313 0.7933826459420654 0
1670 3.678221069852659 0.7742642323728692 0
1671 3.691841851413481 0.788909173809144 0
1672 3.685969350873138 0.8080275873783578 0
1673 3.705462632974305 0.8035541152454316 0
1674 3.699590132433966 0.8226725288146413 0
1675 3.719083414535133 0.8181990566817189 0
1676 3.724955915075424 0.7990806431125128 0
1677 3.713210913994787 0.8373174702509277 0
1678 3.732704196095956 0.8328439981180114 0
1679 3.726831695555602 0.8519624116872282 0
1680 3.746324977656778 0.8474889395543049 0
1681 3.74045247711642 0.8666073531235274 0
1682 3.759945759217598 0.8621338809906005 0
1683 3.754073258677237 0.8812522945598134 0
1684 3.773566540778404 0.8767788224268914 0
1685 3.767694040238052 0.8958972359961047 0
1686 3.779439041318762 0.8576604088576836 0
1687 3.707338413454429 0.8564358838201507 0
1688 3.637358725170214 0.730329408063991 0
1689 3.787187322339216 0.8914237638631994 0
1690 3.78131482179887 0.9105421774324078 0
1691 3.761821539697694 0.915015649565319 0
1692 3.775442321258507 0.9296605910016167 0
1693 3.794935603359691 0.9251871188687067 0
1694 3.78906310281932 0.9443055324379134 0
1695 3.75594903915733 0.9341340631345293 0
1696 3.633362005109975 0.8023295902079353 0
1697 3.808556384920506 0.939832060304992 0
1698 3.802683884380144 0.9589504738742051 0
1699 3.389818558395202 0.7693661322226795 0
1700 3.481412468360758 0.7661171851274313 0
1701 3.822177166481334 0.954477001741282 0
1702 3.816304665940975 0.9735954153104941 0
1703 3.828049667021676 0.9353585881720661 0
1704 3.796811383839783 0.9780688874434201 0
1705 3.810432165400613 0.9927138288797095 0
1706 3.790938883299437 0.997187301012636 0
1707 3.804559664860272 1.011832242448923 0
1708 3.82405294696145 1.00735877031599 0
1709 3.818180446421106 1.026477183885207 0
1710 3.785066382759092 1.01630571458185 0
1711 2.703802123893804 0.8201741197240781 0
1712 3.837673728522278 1.022003711752262 0
1713 3.84167044858251 0.9500035296083493 0
1714 3.847542949122844 0.9308851160391256 0
1715 3.831801227981935 1.041122125321488 0
1716 2.662939779211459 0.7762392954150967 0
1717 3.518523252082992 0.7042884722868081 0
1718 3.862794352062604 1.176175545344451 0
1719 2.169980385241887 0.7294307930128123 0
1720 2.150487103140702 0.73390426514568 0
1721 3.851294510083108 1.036648653188542 0
1722 2.80265399667865 1.206215966221388 0
1723 2.816274778239436 1.220860907657716 0
1724 2.810402277699027 1.23997932122691 0
1725 2.829895559800218 1.235505849094047 0
1726 2.824023059259812 1.254624262663229 0
1727 2.835768060340622 1.216387435524848 0
1728 2.849388841901417 1.231032376961172 0
1729 2.855261342441812 1.211913963391984 0
1730 2.438154137299176 1.272093523176395 0
1731 2.451774918858235 1.286738464612987 0
1732 1.912816156966505 0.6818223935906492 0
1733 1.899195375405725 0.6671774521543192 0
1734 1.879702093304538 0.6716509242871905 0
1735 1.885574593844945 0.6525325107179925 0
1736 2.306433359950182 0.6981164880827108 0
1737 2.868882124002596 1.226558904828311 0
1738 2.87475462454299 1.207440491259114 0
1739 2.386282268834906 0.7331043681258771 0
1740 2.327802422531315 0.7465247845244303 0
1741 2.555113829903451 1.245252690379707 0
1742 2.549241329363028 1.264371103948897 0
1743 2.518248205281628 1.129317683926755 0
1744 2.524120705822053 1.110199270357566 0
1745 1.9611816235687 0.9372842921985525 0
1746 1.980674905669888 0.9328108200656857 0
1747 1.902701777265134 0.9507047085971523 0
1748 1.883208495163949 0.9551781807300153 0
1749 1.875460214143586 0.9214148257244876 0
1750 1.866081311743758 0.6570059828508632 0
1751 3.29634886794971 0.7197333107431777 0
1752 3.426929342117344 0.707537419382244 0
1753 3.861163730683675 0.9455300574754052 0
1754 3.867036231224015 0.9264116439061854 0
1755 3.864670132542733 1.229057313919428 0
1756 3.845422009542767 1.05576706675777 0
1757 3.825928727441601 1.06024053889072 0
1758 3.864915291643938 1.051293594624829 0
1759 2.557234769484003 1.120370739661037 0
1760 2.55911054996399 1.173252508235693 0
1761 2.444762115138464 0.7196839517273081 0
1762 3.426193864816286 1.240828577262909 0
1763 2.224218352384447 0.9657742780515446 0
1764 2.991469158049935 1.358363377755702 0
1765 2.9855966575096 1.377481791324882 0
1766 3.00508993961074 1.373008319192003 0
1767 2.999217439070375 1.392126732761207 0
1768 3.018710721171546 1.387653260628307 0
1769 3.012838220631179 1.406771674197514 0
1770 2.993344938529998 1.411245146330419 0
1771 3.00696572009081 1.425890087766723 0
1772 2.987472437989623 1.430363559899632 0
1773 3.8707877921843 1.032175181055609 0
1774 2.432281636756563 1.291211936745913 0
1775 2.445902418316964 1.305856878182305 0
1776 2.156359603681112 0.7147858515764806 0
1777 2.136866321579927 0.7192593237093472 0
1778 3.032331502732361 1.4022982020646 0
1779 2.247953513646629 0.7115369044813395 0
1780 2.8883754061038 1.222085432695534 0
1781 2.894247906644181 1.202967019126233 0
1782 2.882502905563387 1.241203846264782 0
1783 3.609381684747392 1.234330683071969 0
1784 2.504627423720853 1.114672742490419 0
1785 2.510499924261285 1.095554328921225 0
1786 3.823807787860313 1.185122489610497 0
1787 1.974802405129477 0.9519292336348839 0
1788 1.994295687230665 0.9474557615020187 0
1789 2.327068413623601 1.279810655138288 0
1790 2.313447481673522 1.265165853575576 0
1791 1.905067875946129 0.6480590385851186 0
1792 1.891447094385347 0.6334140971487932 0
1793 2.42339305255729 0.6712756552854744 0
1794 2.653315717711114 0.6895941718348402 0
1795 2.672808999812297 0.6851206997019684 0
1796 2.907868688205004 1.217611960562763 0
1797 2.913741188745361 1.198493546993378 0
1798 2.900120407184558 1.18384860555703 0
1799 2.919613689285742 1.179375133424142 0
1800 2.933234470846553 1.194020074860554 0
1801 2.939106971386928 1.174901661291261 0
1802 2.952727752947742 1.189546602727672 0
1803 2.958600253488108 1.170428189158379 0
1804 2.972221035048911 1.185073130594693 0
1805 2.978093535589284 1.165954717025473 0
1806 2.991714317150087 1.180599658461779 0
1807 2.997586817690463 1.161481244892571 0
1808 3.011207599251261 1.176126186328857 0
1809 3.017080099791646 1.15700777275965 0
1810 3.030700881352439 1.171652714195962 0
1811 3.03657338189283 1.152534300626757 0
1812 3.050194163453618 1.16717924206308 0
1813 3.056066663994015 1.148060828493866 0
1814 3.069687445554802 1.162705769930195 0
1815 3.075559946095201 1.143587356360982 0
1816 3.089180727655997 1.158232297797317 0
1817 3.095053228196381 1.139113884228107 0
1818 3.108674009757185 1.153758825664429 0
1819 3.114546510297562 1.134640412095214 0
1820 3.128167291858309 1.149285353531512 0
1821 3.134039792398735 1.130166939962324 0
1822 3.147660573959461 1.144811881398555 0
1823 3.153533074499912 1.125693467829426 0
1824 3.167153856060685 1.140338409265679 0
1825 3.173026356601103 1.121219995696544 0
1826 3.186647138161887 1.135864937132873 0
1827 3.192519638702289 1.116746523563673 0
1828 3.206140420263077 1.131391465000001 0
1829 3.212012920803474 1.112273051430792 0
1830 3.225633702364266 1.126917992867109 0
1831 3.231506202904652 1.107799579297902 0
1832 3.245126984465447 1.122444520734215 0
1833 3.250999485005826 1.103326107165005 0
1834 3.264620266566627 1.117971048601319 0
1835 3.270492767107005 1.098852635032104 0
1836 3.284113548667808 1.113497576468418 0
1837 3.289986049208193 1.094379162899262 0
1838 3.303606830768992 1.109024104335521 0
1839 3.309479331309435 1.089905690766397 0
1840 3.323100112870183 1.104550632202634 0
1841 3.328972613410623 1.085432218633453 0
1842 3.342593394971356 1.10007716006973 0
1843 3.348465895511741 1.080958746500528 0
1844 3.362086677072532 1.095603687936843 0
1845 2.269322576227793 0.7599452009231057 0
1846 2.233354879868523 1.407942515310295 0
1847 1.881332714683995 0.9022964121552918 0
1848 1.861839432582808 0.9067698842881566 0
1849 1.867711933123215 0.8876514707189582 0
1850 2.491006642160083 1.100027801054081 0
1851 2.496879142700513 1.080909387484881 0
1852 2.516372424801709 1.076435915352032 0
1853 2.502751643240937 1.061790973915686 0
1854 2.483258361139746 1.066264446048537 0
1855 2.489130861680165 1.047146032479345 0
1856 2.46963757957898 1.051619504612194 0
1857 2.475510080119407 1.032501091043001 0
1858 2.456016798018219 1.036974563175848 0
1859 2.461889298558648 1.017856149606658 0
1860 2.44239601645746 1.022329621739502 0
1861 2.481382580659834 1.013382677473811 0
1862 2.465395700417851 1.301383406049496 0
1863 2.459523199877478 1.320501819618682 0
1864 2.479016481978626 1.316028347485836 0
1865 2.473143981438202 1.335146761055029 0
1866 2.492637263539388 1.330673288922176 0
1867 2.486764762998974 1.349791702491367 0
1868 2.50625804510016 1.345318230358509 0
1869 2.500385544559741 1.364436643927703 0
1870 2.630966018727933 1.352240752566693 0
1871 2.453650699337008 1.33962023318788 0
1872 2.617345237167154 1.337595811130362 0
1873 2.611472736626749 1.356714224699563 0
1874 2.142738822120341 0.7001409101401486 0
1875 2.123245540019152 0.7046143822730144 0
1876 3.859042791103598 1.07041200819405 0
1877 3.829680288400712 1.166004076041304 0
1878 2.522244925342119 1.057317501782843 0
1879 2.664325241490379 1.184648502576775 0
1880 2.658452740949971 1.203766916145977 0
1881 2.467761799099072 0.9987377360374629 0
1882 2.568734611464218 1.259897631816045 0
1883 2.117373039478731 0.7237327958422137 0
1884 2.10375225791796 0.7090878544058801 0
1885 2.109624758458371 0.6899694408366824 0
1886 2.090131476357181 0.6944429129695537 0
1887 2.084258975816774 0.7135613265387495 0
1888 2.070638194255994 0.6989163851024257 0
1889 2.06476569371559 0.7180347986716208 0
1890 2.05114491215481 0.7033898572352919 0
1891 2.045272411614401 0.7225082708044861 0
1892 2.031651630053624 0.707863329368155 0
1893 1.896829276724721 0.9698231221663487 0
1894 1.877335994623534 0.9742965942992101 0
1895 3.367959177612918 1.076485274367637 0
1896 3.381579959173715 1.091130215803949 0
1897 3.878536073204769 1.065938536061117 0
1898 2.162232104221527 0.695667438007285 0
1899 1.848218651022028 0.8921249428518259 0
1900 1.854091151562437 0.8730065292826265 0
1901 3.880657012784847 0.9410565853424644 0
1902 3.88652951332518 0.921938171773246 0
1903 3.872908731764348 0.9072932303369688 0
1904 2.481872898860829 0.6578552388868195 0
1905 2.501366180962008 0.6533817667539364 0
1906 2.037524130594035 0.6887449157989587 0
1907 2.018030848492847 0.6932183879318234 0
1908 3.892402013865511 0.9028197582040243 0
1909 3.878781232304669 0.8881748167677521 0
1910 2.487255081200261 0.9942642639046158 0
1911 3.810187006299536 1.170477548174174 0
1912 2.905992907724953 1.164730191987827 0
1913 3.00345931823087 1.14236283132337 0
1914 3.237378703445034 1.088681165728725 0
1915 3.334845113951082 1.066313805064315 0
1916 1.83459786946125 0.8774800014154946 0
1917 1.84047037000166 0.8583615878462962 0
1918 3.77144560119826 1.001660773145568 0
1919 3.765573100657917 1.020779186714777 0
1920 3.751952319097097 1.006134245278493 0
1921 3.74607981855675 1.0252526588477 0
1922 3.732459036995948 1.010607717411403 0
1923 3.759700600117584 1.039897600283993 0
1924 2.596711651887537 0.7558963568081889 0
1925 2.128872881459026 0.8632596879971934 0
1926 1.820977087900473 0.8628350599791619 0
1927 1.826849588440882 0.8437166464099652 0
1928 2.096003976897586 0.6753244994003627 0
1929 2.659188218251514 0.6704757582656448 0
1930 2.678681500352698 0.6660022861327718 0
1931 2.692302281913482 0.6806472275690949 0
1932 2.698174782453884 0.6615288139998945 0
1933 2.711795564014665 0.6761737554362229 0
1934 2.684554000893097 0.646883872563573 0
1935 2.704047282994282 0.6424104004306904 0
1936 2.690426501433496 0.627765458994368 0
1937 2.709919783534678 0.6232919868614855 0
1938 2.696299001973884 0.6086470454251659 0
1939 1.910940376486531 0.6289406250159184 0
1940 1.897319594925744 0.6142956835795934 0
1941 3.898274514405847 0.8837013446347982 0
1942 3.884653732844995 0.8690564031985276 0
1943 3.87266357266442 1.085056949630334 0
1944 3.816059506839933 1.151359134604979 0
1945 3.740207318016412 1.044371072416919 0
1946 3.753828099577253 1.059016013853213 0
1947 2.597851955065971 1.342069283263238 0
1948 2.591979454525558 1.361187696832433 0
1949 2.60560023608634 1.375832638268763 0
1950 2.574607112004635 1.240779218246852 0
1951 2.473634299639493 0.9796193224682704 0
1952 1.926436938527286 0.6964673350269774 0
1953 2.43652351591703 1.041448035308694 0
1954 2.422902734356267 1.026803093872345 0
1955 2.025779129513213 0.7269817429373534 0
1956 3.761331221496453 1.270543088153112 0
1957 2.588227893565408 1.255424159683184 0
1958 1.988423186690251 0.9665741750712151 0
1959 2.00791646879144 0.9621007029383511 0
1960 3.159405575040319 1.106575054260239 0
1961 3.08143244663561 1.124468942791822 0
1962 3.387452459714103 1.07201180223475 0
1963 3.401073241274898 1.086656743671061 0
1964 2.418660855195709 1.276566995309589 0
1965 2.412788354654704 1.29568540887887 0
1966 2.332940717835254 1.260692181264945 0
1967 2.319319785885174 1.246047379702226 0
1968 2.299826549723442 1.25052105201286 0
1969 2.305698853935094 1.231402578139509 0
1970 2.286205617773366 1.235876250450134 0
1971 2.292077921985018 1.216757776576794 0
1972 2.272584685823288 1.221231448887417 0
1973 2.278456990034941 1.202112975014078 0
1974 2.258963753873207 1.206586647324711 0
1975 2.264836058084862 1.187468173451362 0
1976 2.245342821923128 1.191941845761994 0
1977 2.251215126134784 1.172823371888647 0
1978 2.231721889973052 1.17729704419927 0
1979 2.237594194184714 1.158178570325931 0
1980 2.21810095802298 1.162652242636547 0
1981 2.223973262234644 1.143533768763206 0
1982 2.204480026072906 1.148007441073826 0
1983 2.487745399401219 0.6387368253176172 0
1984 2.507238681502397 0.6342633531847337 0
1985 3.892156854765599 1.080583477497408 0
1986 1.842346150481613 0.9112433564210171 0
1987 3.904147014946171 0.8645829310655742 0
1988 3.890526233385322 0.8499379896293037 0
1989 3.871032951284152 0.8544114617622567 0
1990 3.876905451824481 0.8352930481930347 0
1991 3.896398733925641 0.8308195760600734 0
1992 3.882777952364793 0.8161746346238012 0
1993 3.863284670263635 0.82064810675677 0
1994 3.869157170803952 0.8015296931875395 0
1995 3.849663888702786 0.8060031653205103 0
1996 3.8555363892431 0.786884751751278 0
1997 3.875029671344261 0.7824112796183076 0
1998 3.86140888978341 0.7677663381820572 0
1999 3.841915607682251 0.7722398103150052 0
2000 3.847788108222566 0.7531213967457916 0
2001 3.82829482612141 0.7575948688787243 0
2002 3.834167326661733 0.7384764553095036 0
2003 3.853660608762871 0.734002983176569 0
2004 3.840039827202049 0.7193580417402888 0
2005 3.820546545100891 0.7238315138732336 0
2006 3.826419045641209 0.704713100304022 0
2007 3.806925763540046 0.7091865724369703 0
2008 3.845912327742386 0.7002396281710512 0
2009 3.812798264080362 0.6900681588677507 0
2010 3.793304981979202 0.6945416310006997 0
2011 3.799177482519518 0.6754232174314734 0
2012 3.779684200418348 0.6798966895644362 0
2013 3.773811699878065 0.6990151031336588 0
2014 3.760190918317206 0.6843701616973995 0
2015 3.766063418857487 0.6652517481281781 0
2016 3.746570136756326 0.6697252202611594 0
2017 3.75244263729662 0.6506068066919191 0
2018 3.732949355195455 0.655080278824913 0
2019 3.738821855735749 0.6359618652556693 0
2020 3.719328573634584 0.6404353373886679 0
2021 3.725201074174874 0.6213169238194378 0
2022 3.705707792073721 0.6257903959524161 0
2023 3.711752476636696 0.6074222791610817 0
2024 3.740697636216056 0.6888436338303626 0
2025 3.699835291533419 0.6449088095216489 0
2026 3.686214509972562 0.6302638680853887 0
2027 3.680342009432256 0.6493822816546198 0
2028 3.666721227871403 0.6347373402183627 0
2029 2.023903349033258 0.6740999743626275 0
2030 1.807356306339695 0.8481901185428318 0
2031 1.813228806880106 0.8290717049736327 0
2032 3.886284354225238 1.099701891066625 0
2033 3.7343348174761 1.063489485986162 0
2034 3.747955599036914 1.078134427422433 0
2035 3.297734330228617 1.128142517904718 0
2036 3.39520074073451 1.10577515724026 0
2037 3.414694022835693 1.101301685107369 0
2038 3.420566523376073 1.082183271538163 0
2039 3.434187304936871 1.096828212974475 0
2040 3.440059805477248 1.077709799405261 0
2041 3.453680587038052 1.092354740841572 0
2042 3.044321662913212 1.18629765563221 0
2043 3.219761201823869 1.146036406436258 0
2044 3.122294791317988 1.168403767100733 0
2045 2.966348534508554 1.204191544163992 0
2046 3.804314505759141 1.189595961743389 0
2047 3.898029355305971 1.061465063928187 0
2048 3.771935919397785 0.646133334558941 0
2049 2.723540565095452 0.6379369282978034 0
2050 2.644831959389189 1.189121974709649 0
2051 2.650704459929591 1.170003561140448 0
2052 3.822422325581079 0.7767132824479603 0
2053 3.818670764620679 0.6709497452985232 0
2054 3.350831994192915 0.7783130764884232 0
2055 3.023442918533142 0.7823619206035748 0
2056 3.720714035915304 1.048844544549866 0
2057 2.198607721861242 1.167125914947163 0
2058 2.184986789911171 1.152481113384443 0
2059 2.841640560881014 1.197269021955654 0
2060 2.004410066932071 0.6785734464954936 0
2061 3.553513096225107 0.7673417101651335 0
2062 2.480892262458551 1.368910116060562 0
2063 2.494513044019322 1.383555057496899 0
2064 2.750536969116565 0.8449905304638613 0
2065 2.764157750677348 0.859635471900186 0
2066 2.744664468576163 0.864108944033062 0
2067 2.758285250136947 0.8787538854693882 0
2068 2.738791968035763 0.8832273576022627 0
2069 2.752412749596547 0.8978722990385868 0
2070 2.771906031697731 0.8933988269057149 0
2071 2.766033531157329 0.9125172404749136 0
2072 2.785526813258516 0.9080437683420396 0
2073 2.779654312718111 0.9271621819112401 0
2074 2.799147594819297 0.9226887097783674 0
2075 2.746540249056141 0.9169907126077875 0
2076 2.793275094278889 0.9418071233475693 0
2077 2.812768376380071 0.9373336512146995 0
2078 2.818640876920482 0.9182152376454962 0
2079 2.832261658481261 0.9328601790818258 0
2080 2.838134159021668 0.9137417655126228 0
2081 2.851754940582451 0.9283867069489484 0
2082 2.857627441122854 0.909268293379748 0
2083 2.871248222683633 0.9239132348160722 0
2084 2.877120723224035 0.9047948212468715 0
2085 2.890741504784816 0.9194397626831977 0
2086 2.896614005325216 0.9003213491139916 0
2087 2.910234786886003 0.9149662905503153 0
2088 2.916107287426398 0.89584787698111 0
2089 2.929728068987192 0.9104928184174319 0
2090 2.935600569527578 0.8913744048482268 0
2091 2.949221351088378 0.9060193462845441 0
2092 2.955093851628759 0.8869009327153382 0
2093 2.968714633189557 0.901545874151662 0
2094 2.974587133729915 0.882427460582478 0
2095 2.988207915290737 0.8970724020187606 0
2096 2.994080415831127 0.8779539884495717 0
2097 3.007701197391916 0.8925989298858785 0
2098 3.01357369793234 0.8734805163166872 0
2099 3.0271944794931 0.888125457752985 0
2100 3.033066980033491 0.8690070441837837 0
2101 3.046687761594266 0.8836519856201034 0
2102 3.052560262134681 0.8645335720509104 0
2103 3.066181043695458 0.8791785134872332 0
2104 3.07205354423587 0.8600600999180372 0
2105 3.085674325796653 0.8747050413543533 0
2106 3.091546826337048 0.8555866277851518 0
2107 3.105167607897835 0.8702315692214704 0
2108 3.021321978952698 0.907243871322208 0
2109 3.099295107357444 0.8893499827906736 0
2110 3.118788389458623 0.8848765106577929 0
2111 3.124660889999012 0.8657580970885812 0
2112 3.138281671559808 0.8804030385248988 0
2113 2.923855568446796 0.9296112319866717 0
2114 2.865375722143233 0.9430316483852721 0
2115 2.806895875839662 0.9564520647838989 0
2116 2.787402593738478 0.960925536916764 0
2117 3.144154172100194 0.8612846249556784 0
2118 3.157774953660994 0.8759295663919912 0
2119 3.112915888918223 0.9039949242270092 0
2120 2.962842132649179 0.9206642877208548 0
2121 3.704727155672956 1.336845273126517 0
2122 3.718347937233759 1.351490214562827 0
2123 3.698854655132575 1.355963686695721 0
2124 3.712475436693367 1.370608628132034 0
2125 3.731968718794548 1.366135155999154 0
2126 3.692982154592194 1.37508210026493 0
2127 3.706602936152991 1.389727041701241 0
2128 3.687109654051821 1.394200513834139 0
2129 3.673488872490999 1.379555572397833 0
2130 3.700730435612635 1.40884545527045 0
2131 3.519663555261864 1.290461398742363 0
2132 3.500170273160683 1.29493487087525 0
2133 3.513791054721475 1.309579812311569 0
2134 3.494297772620295 1.314053284444461 0
2135 3.507918554181086 1.328698225880776 0
2136 3.488425272079909 1.33317169801368 0
2137 3.474804490519114 1.318526756577363 0
2138 3.502046053640696 1.347816639449999 0
2139 3.521539335741884 1.343343167317094 0
2140 3.46893198997873 1.337645170146581 0
2141 3.455311208417932 1.323000228710267 0
2142 3.449438707877552 1.342118642279474 0
2143 3.435817926316751 1.327473700843169 0
2144 3.515666835201482 1.362461580886309 0
2145 3.535160117302669 1.357988108753425 0
2146 3.561016218145426 0.978868784464042 0
2147 3.331338712091743 0.7827865486213399 0
2148 3.344959493652556 0.7974314900576253 0
2149 3.325466211551371 0.8019049621905441 0
2150 3.339086993112188 0.8165499036268412 0
2151 3.319593711011001 0.8210233757597458 0
2152 3.333214492571813 0.8356683171960536 0
2153 3.352707774672995 0.8311948450631506 0
2154 3.31372121047062 0.8401417893289335 0
2155 1.924561158047316 0.6435855664522437 0
2156 2.282698198688017 0.9523538616529106 0
2157 3.25662682644607 1.261971412889734 0
2158 2.493127581740685 0.9751458503354202 0
2159 2.506748363301448 0.9897907917717764 0
2160 2.602338993327428 0.9145416625324929 0
2161 2.417030233815841 1.045921507441536 0
2162 2.403409452255073 1.031276566005192 0
2163 2.4092819527955 1.012158152436 0
2164 2.389788670694302 1.016631624568851 0
2165 2.395661171234737 0.9975132109996603 0
2166 2.376167889133537 1.001986683132506 0
2167 2.298194770984145 1.019880559759654 0
2168 3.902271234465955 0.8117011624908358 0
2169 1.969175063689592 0.7932839279106862 0
2170 3.660113250030439 1.187146911667928 0
2171 2.95297291204828 1.011782883434219 0
2172 3.487039809800589 0.9247624908520398 0
2173 3.4734190282398 0.9101175494157193 0
2174 3.492912310340985 0.9056440772828396 0
2175 3.479291528780204 0.8909991358465209 0
2176 3.498784810881385 0.886525663713648 0
2177 3.485164029320614 0.8718807222773197 0
2178 3.465670747219426 0.8763541944101911 0
2179 3.504657311421796 0.8674072501444604 0
2180 3.518278092982577 0.8820521915807986 0
2181 3.524150593522998 0.8629337780116073 0
2182 3.537771375083761 0.8775787194479553 0
2183 3.543643875624195 0.8584603058787459 0
2184 3.557264657184956 0.8731052473151006 0
2185 3.471543247759827 0.8572357808409928 0
2186 3.452049965658644 0.8617092529738617 0
2187 3.530023094063415 0.8438153644424158 0
2188 3.549516376164609 0.8393418923095473 0
2189 3.457922466199054 0.8425908394046628 0
2190 3.387942777915041 0.7164843636482996 0
2191 2.013788969331853 0.9429822893691543 0
2192 2.027409750892626 0.9576272308054918 0
2193 2.033282251433041 0.9385088172362931 0
2194 2.046903032993813 0.9531537586726297 0
2195 2.052775533534233 0.9340353451034372 0
2196 2.066396315095004 0.9486802865397734 0
2197 2.072268815635426 0.9295618729705812 0
2198 2.085889597196195 0.9442068144069112 0
2199 2.423147893456729 0.8490393745788349 0
2200 2.956479313907891 1.295310139877579 0
2201 2.614329153508742 0.698541116100577 0
2202 2.570855551044805 1.135015681097344 0
2203 2.57672805158519 1.115897267528171 0
2204 3.697714351953769 0.7697907602399178 0
2205 2.173486787101247 1.012958049455641 0
2206 2.464010238139134 0.8929741988879251 0
2207 2.754043370975929 1.128517786906893 0
2208 2.670442901131374 0.9877663697140939 0
2209 3.395445899835068 0.9280114379472599 0
2210 1.999923008062522 1.106100977427131 0
2211 1.804747017937846 1.328599584347269 0
2212 1.856212091142917 0.7481245785639874 0
2213 1.842591309582137 0.733479637127662 0
2214 1.968929904589066 0.971047647204082 0
2215 2.463765079038561 1.070737918181391 0
2216 3.841180130381209 1.305530968196287 0
2217 3.860673412482375 1.301057496063391 0
2218 3.854800911942013 1.320175909632599 0
2219 3.874294194043204 1.315702437499685 0
2220 3.868421693502807 1.334820851068909 0
2221 3.880166694583535 1.296584023930441 0
2222 3.887914975604006 1.330347378935999 0
2223 3.88204247506361 1.349465792505219 0
2224 3.862549192962414 1.353939264638109 0
2225 2.668076802450327 1.290412039726221 0
2226 2.078386475276359 0.732679740107949 0
2227 2.577218369786353 0.7603698289410727 0
2228 2.59083915134714 0.7750147703773914 0
2229 2.571345869245958 0.7794882425102747 0
2230 2.584966650806746 0.7941331839465927 0
2231 2.565473368705563 0.7986066560794778 0
2232 2.551852587144772 0.7839617146431557 0
2233 1.863226726076952 1.315178567841981 0
2234 1.857354422084353 1.334297041445286 0
2235 1.876847658319708 1.329823369043898 0
2236 3.060553702255512 0.7205332077630464 0
2237 2.882993223764434 0.8856764076776684 0
2238 2.758040091036375 1.056517604762914 0
2239 2.798902435718707 1.100452429071952 0
2240 2.253580855086482 0.8701822102054378 0
2241 2.327557263430822 0.9242885038179542 0
2242 2.420781804969264 1.151685041761795 0
2243 2.61196305482773 1.0011867861128 0
2244 3.796566224738744 1.155832606737864 0
2245 3.62912012594942 1.052093491645585 0
2246 3.597881842766892 1.09480379091726 0
2247 2.498754923180414 1.133791156059621 0
2248 3.152147612221045 0.7172842606678795 0
2249 2.746049930855076 1.272518151194732 0
2250 1.646924804969734 1.311507213563083 0
2251 1.627431568931714 1.315980885838411 0
2252 2.963087291749602 0.7429005684274606 0
2253 1.998537566391661 0.6976918600646931 0
2254 3.801053262999726 0.7283049860061925 0
2255 1.836718809041731 0.7525980506968599 0
2256 1.823098027480949 0.7379531092605329 0
2257 1.828970528021356 0.718834695691333 0
2258 1.809477245920169 0.7233081678242046 0
2259 1.803604745379763 0.7424265813934046 0
2260 1.789983963818982 0.7277816399570762 0
2261 1.795856464359386 0.7086632263878778 0
2262 1.776363182258201 0.7131366985207476 0
2263 1.782235682798606 0.6940182849515503 0
2264 1.76274240069742 0.6984917570844186 0
2265 1.784111463278577 0.7469000535262752 0
2266 1.768614901237826 0.6793733435152213 0
2267 1.74912161913664 0.6838468156480924 0
2268 1.743249118596234 0.7029652292172897 0
2269 1.729628337035452 0.6883202877809639 0
2270 1.723755836495045 0.707438701350162 0
2271 1.710135054934268 0.6927937599138334 0
2272 1.716007555474671 0.673675346344635 0
2273 1.696514273373487 0.6781488184775051 0
2274 1.702386773913891 0.6590304049083064 0
2275 1.682893491812703 0.6635038770411756 0
2276 1.688765992353111 0.6443854634719767 0
2277 1.669272710251926 0.6488589356048438 0
2278 1.675145210792333 0.6297405220356469 0
2279 1.663400209711519 0.6679773491740423 0
2280 1.655651928691147 0.6342139941685129 0
2281 1.661524429231555 0.6150955805993183 0
2282 1.642031147130368 0.619569052732183 0
2283 1.647928144986749 0.6005573869143459 0
2284 1.704262554393859 0.7119121734830306 0
2285 1.717883335954637 0.7265571149193605 0
2286 1.636158646589962 0.6386874663013811 0
2287 1.788108183339013 0.6748998713823531 0
2288 1.774487401778235 0.6602549299460225 0
2289 1.793980683879421 0.6557814578131547 0
2290 2.077896157075263 1.088207178694671 0
2291 3.623737943609384 0.7156844666276982 0
2292 2.896368846224645 1.078085068407586 0
2293 3.159160415940102 1.284338773554133 0
2294 3.30385198986958 0.9312603850423311 0
2295 3.093422606817051 0.9084683963598754 0
2296 3.571130597846248 0.7099864694572321 0
2297 3.030946040452969 0.9938889949027888 0
2298 3.459553087578425 1.073236327272349 0
2299 3.473173869139233 1.087881268708655 0
2300 3.479536687880549 0.7132354165527183 0
2301 3.463059489438347 1.356763583715776 0
2302 3.734579976576073 0.8857257666927441 0
2303 3.646982786670807 0.8169745316442063 0
2304 3.627489504569677 0.8214480037771663 0
2305 3.641110286130483 0.8360929452134316 0
2306 3.225878861464862 0.9491542735738766 0
2307 3.138526830660251 0.7026393192315679 0
2308 3.158020112761426 0.6981658470986712 0
2309 3.144399331200626 0.6835209056623615 0
2310 3.16389261330181 0.679047433529462 0
2311 3.150271831741009 0.6644024920931527 0
2312 3.169765113842214 0.6599290199602492 0
2313 3.156144332281422 0.6452840785239321 0
2314 3.13665105018022 0.6497575506568335 0
2315 3.142523550720616 0.6306391370876261 0
2316 3.123030268619422 0.6351126092205074 0
2317 3.12890276915984 0.6159941956512938 0
2318 3.109409487058639 0.6204676677841806 0
2319 3.115281987599062 0.6013492542149681 0
2320 3.095788705497857 0.6058227263478506 0
2321 3.101661206038275 0.5867043127786571 0
2322 3.121154488139468 0.5822308406457614 0
2323 3.107533706578676 0.5675858992094563 0
2324 3.127026988679865 0.5631124270765768 0
2325 3.113406207119086 0.5484674856402623 0
2326 3.131724989112195 0.5478176962212326 0
2327 3.127493966235919 0.5223614262790266 0
2328 3.082167923937091 0.5911777849115254 0
2329 3.076295423396666 0.6102961984807169 0
2330 3.16201683282183 0.6261656649547174 0
2331 3.062674641835899 0.5956512570443868 0
2332 3.056802141295483 0.6147696706135812 0
2333 3.043181359734707 0.6001247291772585 0
2334 3.037308859194296 0.6192431427464511 0
2335 3.023688077633517 0.6045982013101234 0
2336 3.017815577093109 0.6237166148793217 0
2337 3.004194795532332 0.6090716734429921 0
2338 2.998322294991925 0.628190087012189 0
2339 3.14632452076307 0.5592762353960065 0
2340 2.984701513431148 0.6135451455758585 0
2341 2.978829012890744 0.6326635591450642 0
2342 3.101154635321029 0.5326579365719188 0
2343 3.112755307594086 0.4931209007629275 0
2344 2.992449794451532 0.6473085005813942 0
2345 2.972956512350349 0.6517819727142725 0
2346 2.959335730789555 0.6371370312779421 0
2347 2.953463230249165 0.6562554448471516 0
2348 2.939842448688371 0.6416105034108288 0
2349 2.93396994814798 0.6607289169800353 0
2350 2.92034916658718 0.6460839755437149 0
2351 2.914476666046792 0.6652023891129168 0
2352 2.900855884485994 0.6505574476765972 0
2353 2.894983383945606 0.6696758612457967 0
2354 2.881362602384826 0.6550309198094793 0
2355 2.875490101844415 0.6741493333786701 0
2356 3.103536986518211 0.6395860813533553 0
2357 3.050929640755069 0.6338880841827684 0
2358 2.114762473002664 1.204139078063119 0
2359 2.101141541052591 1.189494276500398 0
2360 1.877826312824559 0.6187691557124688 0
2361 1.883698813364959 0.5996507421432711 0
2362 1.902494490849405 0.5958260892727754 0
2363 1.889783022388785 0.5785069553939572 0
2364 2.94497947192732 1.155783247722063 0
2365 3.523660275322079 1.218461216598265 0
2366 2.960966352169129 0.8677825191461911 0
2367 1.982550686149841 0.9856925886404123 0
2368 3.03820400327269 1.383179788495353 0
2369 3.051824784833525 1.397824729931685 0
2370 3.045952284293181 1.416943143500896 0
2371 3.065445566394354 1.412469671367979 0
2372 3.071318066934682 1.393351257798746 0
2373 3.08493884849553 1.40799619923505 0
2374 3.090811349035866 1.388877785665816 0
2375 3.1044321305967 1.403522727102117 0
2376 3.110304631137054 1.384404313532908 0
2377 3.123925412697876 1.399049254969207 0
2378 3.129797913238237 1.379930841399998 0
2379 3.143418694799046 1.3945757828363 0
2380 3.149291195339407 1.375457369267084 0
2381 2.076020376595299 1.035325410119969 0
2382 3.880902171884534 0.7632928660490632 0
2383 1.890956776184309 0.9889415357355468 0
2384 1.87146349408312 0.9934150078684084 0
2385 1.857842712522346 0.9787700664320713 0
2386 1.851970211981933 0.99788848000127 0
2387 1.963057404048653 0.9901660607732798 0
2388 3.163647454201381 0.8568111528227806 0
2389 3.177268235762179 0.8714560942591008 0
2390 3.876415133623454 1.19082048678099 0
2391 3.882287634163774 1.1717020732115 0
2392 3.895908415724639 1.186347014648088 0
2393 3.901780916265047 1.16722860107884 0
2394 3.672593728411711 0.6156189266491318 0
2395 3.653100446310552 0.6200923987820962 0
2396 3.130533390539407 0.8466396835193748 0
2397 2.993835256730562 1.05571770774324 0
2398 3.183140736302557 0.8523376806898966 0
2399 3.196761517863353 0.8669826221262018 0
2400 3.202634018403737 0.8478642085570025 0
2401 3.216254799964532 0.8625091499933024 0
2402 3.04244588243324 1.133415887057573 0
2403 3.438429184097866 0.8470643115375323 0
2404 3.752197478197107 0.8283705259851082 0
2405 3.12041901083795 1.115521998526032 0
2406 3.130288231438895 1.024403402813175 0
2407 3.227754641944821 1.002036042148795 0
2408 3.198392139242684 1.097628109994474 0
2409 3.276365267647406 1.079734221463059 0
2410 3.325221052450746 0.9796686814844657 0
2411 3.373831678153317 1.057366860798431 0
2412 3.802438725279145 1.136714193168663 0
2413 3.647227945770244 0.6392108123513376 0
2414 3.633607164209389 0.6245658709150743 0
2415 3.627734663669084 0.6436842844843175 0
2416 3.614113882108227 0.6290393430480596 0
2417 1.921949887491406 1.123994900793838 0
2418 1.773748744050547 1.193551121463393 0
2419 1.892588246902886 1.219586198761696 0
2420 2.403163746855603 1.20903908276517 0
2421 2.214349131783574 1.056892873764629 0
2422 2.342565669100475 1.347337206010402 0
2423 2.35618660105056 1.361982007573112 0
2424 2.49361789994161 0.6196184117484123 0
2425 2.51311118204279 0.6151449396155275 0
2426 2.526731963603578 0.6297898810518485 0
2427 2.532604464143969 0.6106714674826389 0
2428 2.54622524570476 0.6253164089189568 0
2429 2.499490400482004 0.6004999981792094 0
2430 1.687787600969575 1.355441618209927 0
2431 3.720223717713798 1.404371983137565 0
2432 2.148611322660759 0.6810224965709487 0
2433 3.900150294886016 0.9365831132095179 0
2434 3.894277794345682 0.9557015267787428 0
2435 2.168104604761945 0.6765490244380904 0
2436 2.99057401397156 0.5944267320066549 0
2437 3.901535757164805 1.344992320372309 0
2438 3.895663256624423 1.364110733941529 0
2439 3.907408257705222 1.325873906803078 0
2440 2.474124617840441 0.6240918838813622 0
2441 2.887235102925198 0.6359125062402576 0
2442 1.79373552477892 0.833545177106499 0
2443 3.744694356276039 0.6168434516864575 0
2444 3.682411653619523 1.409495244689504 0
2445 3.905777636326416 1.09522841893371 0
2446 3.04905386027512 0.5810063156080628 0
2447 1.708259274454294 0.6399119913391083 0
2448 2.861869320283646 0.6595043919423488 0
2449 2.855996819743231 0.6786228055115339 0
2450 1.62253786502918 0.6240425248650512 0
2451 1.616665364488775 0.6431609384342516 0
2452 1.930433658587716 0.6244671528830439 0
2453 1.864205531263775 0.6041242142761437 0
2454 3.686420047162891 1.42228497487644 0
2455 3.05957306585399 1.431588084937194 0
2456 1.69839005385345 0.7310305870522267 0
2457 2.842376038182458 0.663977864075206 0
2458 2.83650353764205 0.6830962776444084 0
2459 2.822882756081268 0.6684513362080863 0
2460 2.817010255540868 0.6875697497772887 0
2461 2.803389473980083 0.6729248083409658 0
2462 2.797516973439683 0.6920432219101673 0
2463 1.648801128645491 1.364388962829658 0
2464 1.629307892485644 1.368862635138405 0
2465 3.137451532233896 1.413281703939162 0
2466 1.712010835414229 0.7456755284885574 0
2467 2.670933219332308 0.6322389311272384 0
2468 3.429945425776369 1.346592114412358 0
2469 3.41632464421557 1.331947172976063 0
2470 1.838349430421158 0.9832435385649347 0
2471 1.832476929880746 1.002361952134133 0
2472 2.971080731870374 0.5989002041395197 0
2473 2.97695323241079 0.5797817905703265 0
2474 1.87097535413393 1.34894184288533 0
2475 1.890468590323172 1.344468170540801 0
2476 3.162911976900226 1.390102310703379 0
2477 3.168784477440586 1.370983897134166 0
2478 3.911895295966706 0.8983462860710724 0
2479 1.681017711332739 0.6106221084664591 0
2480 3.915401697825843 1.181873542515263 0
2481 3.909529197285461 1.200991956084467 0
2482 3.621617004029355 0.8405664173463949 0
2483 3.635237785590156 0.8552113587826539 0
2484 3.467301368598864 1.106999682277869 0
2485 3.486794650700042 1.102526210144962 0
2486 2.962351814448265 1.276191726308373 0
2487 3.408821522295296 1.120420098676583 0
2488 3.336720894430959 1.119195573638912 0
2489 3.332724174370639 1.191195755783093 0
2490 3.444301684638274 0.8279458979683323 0
2491 2.942858532347078 1.280665198441283 0
2492 3.346835274132539 0.850313258632428 0
2493 3.215764481763488 1.21803658858025 0
2494 3.180774637621463 1.154983350701918 0
2495 2.519878826660931 1.359963171794845 0
2496 2.525751327201349 1.340844758225652 0
2497 3.190889017322977 0.8861010356954113 0
2498 3.151902453120559 0.8950479799612504 0
2499 3.147905733060078 0.9670481621055385 0
2500 2.801023375299258 0.9755704783530967 0
2501 2.781530093198068 0.9800439504859614 0
2502 2.579094150266359 0.813251597515799 0
2503 2.59858743236754 0.8087781253829085 0
2504 2.986577293911142 0.6664269141505945 0
2505 2.83063103710164 0.7022146912135875 0
2506 2.889110883405186 0.6887942748150055 0
2507 2.091762097736606 0.9250884008377193 0
2508 2.105382879297378 0.9397333422740536 0
2509 3.432556683557461 0.86618272510674 0
2510 2.928097447607575 0.6798473305492478 0
2511 2.253091449661559 1.225705121198059 0
2512 1.944054440148503 0.6391120943193671 0
2513 2.120634777214328 1.185020604189778 0
2514 2.107013845264255 1.170375802627057 0
2515 2.087520609102518 1.174849474937679 0
2516 3.422197144755933 1.31282875940686 0
2517 3.40270386265477 1.317302231539756 0
2518 3.396831362114387 1.336420645108957 0
2519 3.383210580553589 1.321775703672655 0
2520 3.377338080013205 1.340894117241877 0
2521 3.363717298452409 1.326249175805557 0
2522 3.357844797912021 1.3453675893748 0
2523 3.344224016351229 1.330722647938459 0
2524 3.35009651689161 1.311604234369247 0
2525 3.330603234790426 1.316077706502149 0
2526 3.324730734250052 1.335196120071357 0
2527 3.311109952689246 1.320551178635065 0
2528 3.305237452148878 1.339669592204261 0
2529 3.291616670588074 1.32502465076796 0
2530 3.285744170047695 1.344143064337154 0
2531 3.272123388486899 1.329498122900832 0
2532 3.266250887946498 1.348616536470031 0
2533 3.252630106385716 1.333971595033705 0
2534 3.246757605845309 1.353090008602904 0
2535 3.233136824284533 1.338445067166572 0
2536 3.389083081093968 1.302657290103462 0
2537 2.824513377460889 0.8990968240762922 0
2538 2.144614602600293 0.7530226787148792 0
2539 2.648583520349149 1.294885511859098 0
2540 2.230336012025417 0.7688921451889108 0
2541 2.562862110923792 1.279016045385241 0
2542 2.297706892565375 1.375403024505029 0
2543 3.700975594712869 1.231081735977064 0
2544 1.920319278886365 0.8933494678895594 0
2545 2.280333313561716 1.25499472432349 0
2546 3.461183708958315 1.303881815141051 0
2547 2.654456020889541 1.275767098289899 0
2548 1.859963652102844 0.8538881157134244 0
2549 3.724465596874418 1.154608081700254 0
2550 2.789033215117869 1.191571024785058 0
2551 3.07792604477627 0.8409416863488373 0
2552 2.631211177828406 1.174477033273317 0
2553 2.637083678368815 1.155358619704117 0
2554 3.222127300504923 0.8433907364241069 0
2555 3.235748082065729 0.858035677860411 0
2556 3.229875581525312 0.8771540914296151 0
2557 3.249368863626517 0.87268061929672 0
2558 3.019446198472803 0.8543621027475542 0
2559 2.0410305324534 0.9722721722418257 0
2560 1.865590993542708 1.012533421437606 0
2561 3.859287950203504 0.8926482889007105 0
2562 2.099510378756968 0.9588517558432459 0
2563 2.119003660858159 0.9543782837103849 0
2564 2.124876161398565 0.9352598701411901 0
2565 2.138496942959348 0.9499048115775223 0
2566 2.783896191878901 0.6773982804738502 0
2567 2.778023691338499 0.6965166940430439 0
2568 3.096683849576205 1.369759372096569 0
2569 3.843791388162479 0.8251215788897432 0
2570 3.155163695879764 1.35633895569787 0
2571 3.393324960254498 1.052893388665551 0
2572 3.424808402537089 0.8324193701011993 0
2573 3.492667151240415 1.083407796575746 0
2574 3.506287932801237 1.098052738012052 0
2575 3.500415432260864 1.117171151581261 0
2576 3.519908714362065 1.112697679448344 0
2577 3.643231225710562 0.7112109944947751 0
2578 3.608241381567935 0.648157756617169 0
2579 3.594620600007036 0.6335128151809538 0
2580 3.60049310054735 0.6143944016117926 0
2581 3.580999818446187 0.6188678737447878 0
2582 3.575127317905861 0.6379862873139246 0
2583 3.561506536345028 0.6233413458777669 0
2584 3.555634035804724 0.6424597594469812 0
2585 3.54201325424387 0.6278148180107559 0
2586 1.845852029232436 1.194771645671259 0
2587 2.270708362296515 1.168349699578016 0
2588 2.311571158146747 1.212284104266162 0
2589 2.340689345573684 1.294455456700998 0
2590 2.210352330284564 1.128888967200486 0
2591 2.229845566446301 1.124415294889859 0
2592 2.338813022046905 1.241573707391599 0
2593 1.8514821179765 1.353415515190661 0
2594 1.615686960535891 1.354217833575368 0
2595 1.609814656324208 1.373336307448715 0
2596 2.010282567472487 0.6594550329262934 0
2597 2.029775849573674 0.6549815607934331 0
2598 3.529287616762283 1.377106522322629 0
2599 3.548780898863477 1.372633050189743 0
2600 3.509794334661084 1.381579994455492 0
2601 3.554653399403853 1.353514636620538 0
2602 3.568274180964651 1.368159578056845 0
2603 1.81510458736006 0.8819534735483567 0
2604 1.780359902318643 0.6411365163768208 0
2605 1.799853184419828 0.6366630442439526 0
2606 1.9606568418979 0.5528542734508466 0
2607 1.934671357420267 0.5702327104291227 0
2608 3.913771076446852 0.9512280546458065 0
2609 3.907898575906521 0.9703464682150204 0
2610 3.921274198366624 1.162755128945558 0
2611 3.915892016026801 0.8263461039271103 0
2612 3.921764516567124 0.8072276903578779 0
2613 2.552097746245148 0.6061979953497465 0
2614 2.565718527805947 0.6208429367860591 0
2615 3.586872318986472 0.5997494601755784 0
2616 2.352433953996986 1.256218508954319 0
2617 3.835552788941305 1.146885662471766 0
2618 3.683603252192223 1.110673257391157 0
2619 3.005335098710882 1.195244599898063 0
2620 3.059818224953956 1.253824365643011 0
2621 3.083308227115596 1.177350711366513 0
2622 3.13779135335871 1.235930477111593 0
2623 3.25874776602624 1.137089462170484 0
2624 2.638959458848753 1.208240388278884 0
2625 2.514741803422299 0.8457904274837662 0
2626 2.501121021861514 0.8311454860474401 0
2627 2.479506800179913 0.9605009088990819 0
2628 2.460013518078734 0.9649743810319352 0
2629 2.791644472899285 0.7111616354793662 0
2630 2.772151190798095 0.7156351076122403 0
2631 2.557479928584614 0.942607020367495 0
2632 2.076265535695878 0.8575616908266119 0
2633 2.35267788810255 1.078460336721128 0
2634 2.144369443499759 0.9307863980083231 0
2635 2.225849585761391 1.196415518072622 0
2636 2.382040389673973 0.9828682695633134 0
2637 2.362547107572778 0.9873417416961555 0
2638 2.867496661723709 0.81814969766662 0
2639 2.921979787966793 0.8767294634119326 0
2640 2.039399911073987 0.7416266843736842 0
2641 2.019906628972799 0.746100156506548 0
2642 2.09388303731708 0.8002064501190144 0
2643 1.832722088981293 0.8245982328407679 0
2644 2.484888982519035 1.296909933916654 0
2645 2.94546979012846 0.8002558091351726 0
2646 2.448023358189252 1.18097492742058 0
2647 1.79773224483936 0.7615449949626042 0
2648 1.778238962738171 0.7660184670954689 0
2649 2.157990225060535 0.9454313394446572 0
2650 1.998047248185713 1.053219298654777 0
2651 3.377828398213881 0.9853666786548441 0
2652 3.445932306017621 1.05859138583605 0
2653 3.465425588118785 1.054117913703127 0
2654 2.09339291331418 1.155731001064341 0
2655 2.073899677152442 1.160204673374968 0
2656 2.112886149475918 1.151257328753704 0
2657 2.362058614547589 1.342864509325237 0
2658 2.375679922140054 1.357509079047339 0
2659 2.369808375840174 1.376627498133465 0
2660 2.389300769162379 1.372153136825182 0
2661 2.383431978806797 1.391268546433772 0
2662 3.664848469824602 1.444256269114537 0
2663 3.915156538725613 1.359637261808616 0
2664 3.90928403818524 1.378755675377845 0
2665 3.889790756084054 1.38322914751075 0
2666 2.926221667127559 0.6269655619745151 0
2667 1.787863024238509 0.8526635906756994 0
2668 3.658972946850867 0.6009739852128597 0
2669 2.53847696468435 0.5915530539134317 0
2670 2.154483823201176 0.6619040830017554 0
2671 1.633303873063562 1.296862411940603 0
2672 1.613810636986726 1.301336084265093 0
2673 2.557054736965805 0.586798369540223 0
2674 3.18240525900141 1.385628838570452 0
2675 3.176532758461047 1.404747252139668 0
2676 1.760204041964437 1.179220949590977 0
2677 1.75427072156542 1.198074139757012 0
2678 3.85317029056289 1.089530421763631 0
2679 3.730338097414803 1.135489668131054 0
2680 3.535895594603824 0.8246969508732193 0
2681 3.555388876705008 0.8202234787403455 0
2682 3.463794966739467 0.8234724258354684 0
2683 3.514036213821675 1.131816093017585 0
2684 3.533529495922871 1.12734262088464 0
2685 3.615744503489015 0.859684830915616 0
2686 3.62936528504984 0.8743297723518868 0
2687 3.52765699538249 1.146461034453889 0
2688 3.547150277483676 1.141987562320932 0
2689 3.541277776943321 1.161105975890157 0
2690 3.560771059044487 1.156632503757235 0
2691 3.55489855850414 1.175750917326436 0
2692 3.574391840605325 1.171277445193498 0
2693 2.948731032887455 1.261546784872075 0
2694 3.568519340064969 1.190395858762718 0
2695 3.588012622166157 1.185922386629787 0
2696 2.592714931827156 0.827896538952118 0
2697 2.612208213928334 0.8234230668192239 0
2698 2.606335713387948 0.8425414803884319 0
2699 2.625828995489127 0.8380680082555383 0
2700 2.619956494948743 0.8571864218247434 0
2701 2.639449777049922 0.8527129496918511 0
2702 2.633577276509541 0.8718313632610554 0
2703 2.653070558610724 0.8673578911281601 0
2704 2.647198058070342 0.8864763046973652 0
2705 2.666691340171511 0.8820028325644996 0
2706 2.660818839631141 0.9011212461336793 0
2707 3.255241364166912 0.8535622057275317 0
2708 3.609872002948615 0.8788032444849901 0
2709 3.623492784509518 0.8934481859211402 0
2710 3.642986066610677 0.8889747137881752 0
2711 3.637113566070346 0.9080931273573922 0
2712 3.617620283969082 0.9125665994904844 0
2713 3.63124106553001 0.9272115409266199 0
2714 3.65073434763118 0.9227380687936632 0
2715 3.644861847090853 0.9418564823628766 0
2716 3.664355129192019 0.9373830102299343 0
2717 3.658482628651694 0.9565014237991499 0
2718 3.677975910752853 0.9520279516662196 0
2719 3.672103410212523 0.9711463652354262 0
2720 3.625368564989694 0.9463299544958235 0
2721 3.670227629732327 0.9182645966607504 0
2722 3.652610128111356 0.9756198373683702 0
2723 3.666230909672191 0.9902647788046453 0
2724 3.430680903077494 0.813300956531994 0
2725 2.603724455606383 1.322950869694069 0
2726 3.613868723008849 0.8068030623410245 0
2727 3.174656977980919 1.351865483564967 0
2728 3.107043388377838 0.9231133377962012 0
2729 3.08755010627666 0.9275868099290792 0
2730 2.968224314988638 1.257073312739168 0
2731 3.336475735330803 1.296959292932946 0
2732 3.693962790993099 0.6640272230908333 0
2733 2.820516657400443 0.9710970062202284 0
2734 3.300100428909812 0.8254968478926321 0
2735 2.814644156860044 0.9902154197894257 0
2736 2.834137438961231 0.9857419476565507 0
2737 3.268862145727702 0.8682071471638478 0
2738 3.574146681505031 1.349041164487645 0
2739 3.587767463065825 1.363686105923954 0
2740 3.593639963606205 1.344567692354752 0
2741 3.607260745167004 1.35921263379106 0
2742 3.61313324570738 1.340094220221844 0
2743 2.559846027265559 0.6399613503552692 0
2744 2.579339309366746 0.6354878782223693 0
2745 3.18338589540299 0.6745739613965762 0
2746 3.18925839594341 0.6554555478273627 0
2747 1.984916784830884 0.6830469186283624 0
2748 1.979044284290474 0.7021653321975615 0
2749 3.534019814123929 0.7718151822979391 0
2750 2.497369460901623 0.7253819488978613 0
2751 2.722559928693463 1.348991805471544 0
2752 2.73618071025425 1.363636746907865 0
2753 2.755673992355435 1.359163274774982 0
2754 2.749801491815044 1.378281688344183 0
2755 2.716687428153057 1.368110219040747 0
2756 3.453925746138609 0.914591021548596 0
2757 2.038665851882475 1.274915516615028 0
2758 2.052286783832562 1.289560318177746 0
2759 2.032793547670818 1.294033990488367 0
2760 2.046414479620893 1.308678792051087 0
2761 2.026921243459152 1.313152464361705 0
2762 2.065907715782644 1.304205119740465 0
2763 2.060035411570965 1.323323593613804 0
2764 2.079528647732711 1.318849921303185 0
2765 2.073656343521038 1.337968395176525 0
2766 2.093149579682779 1.333494722865912 0
2767 2.087277275471112 1.352613196739248 0
2768 2.106770511632849 1.348139524428634 0
2769 2.100898207421186 1.367257998301967 0
2770 2.0541631073593 1.342442067487141 0
2771 2.120391443582918 1.362784325991355 0
2772 2.114519139371246 1.381902799864696 0
2773 2.081404971259449 1.371731670612584 0
2774 2.09902188389445 1.314376248992576 0
2775 3.202879177504176 0.6701004892637041 0
2776 3.208751678044594 0.6509820756945042 0
2777 3.222372459605373 0.6656270171308443 0
2778 3.228244960145779 0.6465086035616452 0
2779 3.214624178585014 0.6318636621253022 0
2780 3.241865741706563 0.6611535449979742 0
2781 3.247738242246965 0.6420351314287805 0
2782 3.261359023807742 0.6566800728651094 0
2783 3.85529123014334 0.9646484710446266 0
2784 3.406700582715103 1.245302049395808 0
2785 1.912081483466672 1.215112525955448 0
2786 1.898460551569743 1.200467724327213 0
2787 1.917953787807341 1.195994051923065 0
2788 2.695563524672373 1.141938203305501 0
2789 2.699315085632322 1.247701740454956 0
2790 3.738331537536316 0.9914893038421631 0
2791 2.015909908912342 0.8181003386504918 0
2792 2.783651032778526 0.8551619997673128 0
2793 2.973851656428764 1.415718618463236 0
2794 2.967979155888376 1.434837032032434 0
2795 2.981599937449241 1.449481973468826 0
2796 2.962106655348062 1.453955445601725 0
2797 2.948485873787148 1.439310504165229 0
2798 2.769294773916227 1.373808216211301 0
2799 2.763422273375834 1.392926629780502 0
2800 2.782915555477017 1.388453157647622 0
2801 2.77704305493662 1.407571571216826 0
2802 2.757549772835438 1.412045043349701 0
2803 2.771170554396223 1.426689984786028 0
2804 2.796536337037805 1.403098099083944 0
2805 2.802408837578199 1.383979685514741 0
2806 2.81602961913899 1.398624626951061 0
2807 2.821902119679383 1.379506213381858 0
2808 2.835522901240177 1.394151154818188 0
2809 2.829650400699784 1.413269568387395 0
2810 2.841395401780578 1.375032741248979 0
2811 2.855016183341381 1.389677682685317 0
2812 2.827774620219783 1.360387799812656 0
2813 2.847267902320978 1.355914327679779 0
2814 2.83364712076018 1.341269386243449 0
2815 2.853140402861364 1.336795914110571 0
2816 2.866761184422164 1.3514408555469 0
2817 2.872633684962552 1.332322441977697 0
2818 2.859012903401761 1.317677500541369 0
2819 2.878506185502948 1.313204028408494 0
2820 2.814153838658995 1.345742858376338 0
2821 2.820026339199385 1.326624444807127 0
2822 1.992419906750709 0.8945739929272885 0
2823 2.510990242462409 0.7400268903341868 0
2824 2.491496960361224 0.7445003624670574 0
2825 2.505117741922002 0.7591453039033917 0
2826 2.48562445982081 0.7636187760362576 0
2827 3.38932824019411 1.124893570809456 0
2828 2.184743456279829 1.330244835186123 0
2829 2.222342571904486 0.9128925094767968 0
2830 3.134530110599857 0.7746395013754817 0
2831 2.262716400926758 1.312350145943548 0
2832 3.169519954741787 0.8376927392535871 0
2833 1.684769272292674 0.7163856456158949 0
2834 2.401533671775175 0.9783947974304749 0
2835 3.767448881138088 1.073660955289496 0
2836 3.656852007271392 0.7258559359310706 0
2837 2.804529777158618 1.259097734796108 0
2838 3.478801210579467 1.246526574433432 0
2839 1.807601465440199 0.6704263992494808 0
2840 2.543368828822601 1.283489517518088 0
2841 2.208966949444259 0.7204838487470817 0
2842 2.5358657069029 1.071962443219186 0
2843 2.541738207443314 1.052844029649997 0
2844 3.022707441231863 1.315653078484404 0
2845 2.179114485699506 1.17159958725778 0
2846 2.864885403942165 1.29855908697217 0
2847 3.763207001976504 1.323424856727833 0
2848 3.243741522186577 0.7140353135726529 0
2849 2.996446514511974 0.5753083184374579 0
2850 3.630750747328555 1.282738979514171 0
2851 2.76790931163729 0.9653990090496276 0
2852 2.762036811096879 0.9845174226188238 0
2853 2.7484160295361 0.9698724811824931 0
2854 3.006070576012321 0.6619534420177031 0
2855 3.806190286239208 1.242477730318128 0
2856 2.556989610383365 1.298134458954434 0
2857 2.645322277590305 0.8335945361226493 0
2858 2.499000082281102 0.9560274367662247 0
2859 2.886254466523343 1.346967383414014 0
2860 2.555358989004085 1.067488971086339 0
2861 2.56123148954451 1.048370557517147 0
2862 2.574852271105275 1.063015498953494 0
2863 2.547610707983743 1.033725616080804 0
2864 2.886499625623769 1.169203664120708 0
2865 2.892372126164169 1.150085250551506 0
2866 2.872878844062985 1.154558722684383 0
2867 2.87875134460339 1.135440309115172 0
2868 2.859258062502211 1.139913781248047 0
2869 2.898244626704577 1.130966836982315 0
2870 3.239744802126193 0.7860354957165852 0
2871 2.884378686043421 1.294085614839365 0
2872 3.551392156644522 0.8922236608843017 0
2873 2.725171186474976 0.868582416165936 0
2874 2.719298685934587 0.8877008297351239 0
2875 3.411187620976332 0.8177744286648476 0
2876 3.405315120435943 0.8368928422340005 0
2877 3.761576380597738 1.092779368858713 0
2878 3.781069662698853 1.088305896725994 0
2879 3.512160433341605 1.078934324442831 0
2880 1.78337745825065 1.280191507442227 0
2881 3.536140753703552 0.6469332315798977 0
2882 3.522519972142707 0.6322882901437301 0
2883 3.516647471602358 0.6514067037128628 0
2884 3.503026690041533 0.6367617622767322 0
2885 3.497154189501216 0.6558801758459509 0
2886 3.483533407940376 0.6412352344097418 0
2887 3.477660907400089 0.6603536479789743 0
2888 3.464040125839221 0.6457087065427276 0
2889 2.395172771750978 1.353035785854359 0
2890 2.408793878567836 1.367679318391769 0
2891 1.789581239829319 1.082814339416943 0
2892 1.949926940688903 0.6199936807501651 0
2893 1.642928824435642 1.383507436701196 0
2894 3.929022479386649 1.196518483951595 0
2895 3.923149978846241 1.21563689752079 0
2896 2.173977105302365 0.657430610868897 0
2897 2.187597886863134 0.6720755523052324 0
2898 3.562401680424297 1.387277991626052 0
2899 3.26723152434815 0.6375616592959252 0
2900 3.280852305908925 0.6522066007322589 0
2901 1.603044582927994 0.628515996997923 0
2902 1.6089170834684 0.609397583428722 0
2903 1.597172082387589 0.647634410567124 0
2904 1.610792863948372 0.6622793520034504 0
2905 1.692517553313041 0.7501490006214253 0
2906 3.903411537644847 1.397874088947068 0
2907 3.922904819746039 1.393400616814172 0
2908 2.848248538722886 0.6448594505060139 0
2909 3.601388244626615 1.378331047360268 0
2910 2.789768692419298 0.658279866904643 0
2911 1.774242242677731 0.8380186492393642 0
2912 3.469912626379525 0.6265902929735168 0
2913 3.450419344278372 0.6310637651064823 0
2914 3.444546843738055 0.6501821786757012 0
2915 3.430926062177209 0.6355372372394336 0
2916 3.42505356163689 0.6546556508086522 0
2917 3.411432780076042 0.6400107093724001 0
2918 3.40556027953573 0.6591291229416275 0
2919 3.391939497974887 0.6444841815053683 0
2920 3.386066997434579 0.6636025950745986 0
2921 3.372446215873728 0.6489576536383334 0
2922 3.366573715333411 0.6680760672075643 0
2923 3.352952933772557 0.6534311257712846 0
2924 3.347080433232224 0.6725495393403694 0
2925 3.436798562717521 0.6164188236702193 0
2926 1.884596286109485 1.363586644416636 0
2927 1.904089522275467 1.359112972100778 0
2928 1.909961826487839 1.339994498226566 0
2929 1.923582758438399 1.354639299788682 0
2930 1.92945506265026 1.335520825915093 0
2931 1.943075994600451 1.350165627477673 0
2932 1.948948298812163 1.331047153604265 0
2933 1.962569230762268 1.345691955166953 0
2934 1.968441534973941 1.326573481293591 0
2935 1.982062466924022 1.341218282856302 0
2936 3.508899190581824 0.617643348707511 0
2937 3.098559630056343 1.422641140671375 0
2938 3.318858233709679 1.354314533640598 0
2939 3.523415116221886 1.396224935891828 0
2940 3.503921834120693 1.400698408024692 0
2941 2.982825732951202 0.5606633770011347 0
2942 2.962544277195436 0.565041058078761 0
2943 2.968445804963207 0.5477776747029776 0
2944 1.591299581847185 0.6667528241363222 0
2945 1.604920363407966 0.6813977655726502 0
2946 3.927391858007681 0.9658729960820708 0
2947 3.921519357467357 0.9849914096512894 0
2948 3.260378387406099 1.367734950039225 0
2949 3.240885105304918 1.37220842217209 0
2950 2.193470387403554 0.6529571387360398 0
2951 2.207091168964325 0.6676020801723745 0
2952 2.212963669504737 0.6484836666031708 0
2953 2.226584451065514 0.6631286080395117 0
2954 2.232456951605925 0.6440101944703065 0
2955 2.2460777331667 0.6586551359066501 0
2956 2.251950233707116 0.6395367223374546 0
2957 2.265571015267891 0.6541816637737931 0
2958 2.27144351580831 0.6350632502045986 0
2959 2.285064297369083 0.6497081916409387 0
2960 2.290936797909501 0.6305897780717424 0
2961 2.304557579470273 0.6452347195080793 0
2962 2.310430080010688 0.6261163059388853 0
2963 2.324050861571449 0.6407612473752156 0
2964 2.329923362111876 0.6216428338060265 0
2965 2.343544143672629 0.6362877752423461 0
2966 2.349416644213064 0.6171693616731674 0
2967 2.363037425773826 0.6318143031094975 0
2968 2.368909926314253 0.6126958895403135 0
2969 2.38253070787502 0.6273408309766626 0
2970 2.388403208415449 0.6082224174074676 0
2971 2.37478242685468 0.5935774759711218 0
2972 2.402023989976215 0.6228673588438132 0
2973 2.335795862652295 0.6025244202368309 0
2974 1.768369742137323 0.8571370628085671 0
2975 1.976190162712368 1.360336756729645 0
2976 1.995683398874104 1.355863084419012 0
2977 2.016155068012891 0.6403366193570876 0
2978 3.93326435854803 0.9467545825128516 0
2979 1.706610247384335 0.764355031649719 0
2980 1.596193724374189 1.358691505885942 0
2981 1.590321420162527 1.377809979759268 0
2982 1.818856148319969 0.9877170106977993 0
2983 1.824728648860379 0.9685985971286024 0
2984 1.812983647779557 1.006835424266994 0
2985 1.826604429340334 1.021480365703329 0
2986 1.937203690388811 1.369284101350995 0
2987 2.399167554516153 1.281039412321165 0
2988 3.888160134704399 1.152583659642211 0
2989 3.728462316935602 1.082607899555543 0
2990 3.646737627571023 0.994738250937603 0
2991 3.660358409131862 1.009383192373859 0
2992 3.402949021754889 1.139538512245785 0
2993 3.422442303856073 1.135065040112925 0
2994 2.897999467604214 1.308730556275855 0
2995 3.494542931720445 1.13628956515058 0
2996 3.262989645187298 0.8873255607330419 0
2997 3.282482927288483 0.882852088600184 0
2998 2.929237750786262 1.266020257004985 0
2999 2.539372108762175 1.355489699661978 0
3000 2.533499608221817 1.374608113231153 0
3001 2.586106953985149 1.380306110401631 0
3002 2.599727735545923 1.394951051837961 0
3003 2.58023445344474 1.39942452397083 0
3004 2.593855235005525 1.414069465407152 0
3005 2.619221017647127 1.390477579705096 0
3006 2.594100394105819 1.236305746113984 0
3007 2.580724771645705 1.0438970853843 0
3008 2.594345553206468 1.058542026820648 0
3009 2.57322164972596 0.8323700110850423 0
3010 2.775657592657654 0.9991623640551621 0
3011 2.756164310556461 1.003635836188017 0
3012 2.520614303962706 0.826672013914569 0
3013 2.485379300720307 0.9413824953298706 0
3014 2.785771972358881 0.730280049048565 0
3015 2.766278690257686 0.7347535211814412 0
3016 2.75265790869691 0.7201085797451406 0
3017 3.000198075471936 0.6810718555869185 0
3018 3.019691357573115 0.6765983834540249 0
3019 2.980704793370752 0.6855453277197965 0
3020 2.13401237553298 1.377429127554095 0
3021 2.128140071321295 1.396547601427434 0
3022 3.27799588902729 1.31037970933163 0
3023 3.239009324824947 1.319326653597374 0
3024 3.219516042723757 1.323800125730246 0
3025 2.506993522401932 0.8120270724782276 0
3026 2.356674607032339 1.006460155265348 0
3027 2.343053825471584 0.9918152138289922 0
3028 2.139884679744656 1.358310653680752 0
3029 3.620881526727799 1.373857575227375 0
3030 2.130748661938982 0.9161414565719805 0
3031 2.634962738788361 1.280240570422776 0
3032 2.387912890214418 0.9637498559941206 0
3033 2.40740617231562 0.9592763838612866 0
3034 2.163862725600948 0.9263129258754548 0
3035 2.383916170153881 1.035750038138046 0
3036 1.996661785911698 0.6448100914899476 0
3037 2.078141316175836 0.9104434594013842 0
3038 2.573466808826366 0.6546062917915739 0
3039 2.59296009092755 0.6501328196586701 0
3040 3.560525899944233 1.334396223051341 0
3041 3.516402312502638 0.8291704230060835 0
3042 2.039154751973456 0.9193904036671011 0
3043 3.902026075366187 0.9894648817842435 0
3044 3.915646856927039 1.004109823220517 0
3045 1.725710269060099 0.7602473181902136 0
3046 1.720976820667765 0.7791155245761807 0
3047 3.42032136427591 1.259946990832116 0
3048 2.40504017550469 1.261921493292473 0
3049 2.113376319418269 0.7957329779861447 0
3050 2.033527410533576 0.7607450979428834 0
3051 2.014034128432386 0.76521857007574 0
3052 2.000413346871608 0.7505736286394113 0
3053 2.348926326012021 0.9726968002598061 0
3054 2.32943304391083 0.977170272392638 0
3055 1.910450058285496 0.9844680636026808 0
3056 1.904577557745087 1.003586477171884 0
3057 1.760866620217456 0.6456099885096931 0
3058 1.766739120757859 0.6264915749404907 0
3059 2.705923063474261 0.6952921690054216 0
3060 1.860208811203352 0.6761243964200607 0
3061 2.580479612545041 1.221660804677656 0
3062 2.042661832567394 1.202915293432279 0
3063 2.029040900617324 1.188270491869557 0
3064 2.009547664455584 1.192744164180164 0
3065 2.01541996866726 1.173625690306828 0
3066 1.995926732505524 1.178099362617431 0
3067 2.640835239328754 1.261122156853575 0
3068 2.800533057098205 1.331097916940016 0
3069 2.742298369895112 1.166754614045281 0
3070 2.617590396267631 1.159832091836984 0
3071 2.623462896808037 1.140713678267789 0
3072 2.642956178909222 1.136240206134918 0
3073 2.629335397348443 1.121595264698592 0
3074 2.611717895727216 1.178950505406177 0
3075 2.648828679449625 1.117121792565716 0
3076 2.635207897888846 1.102476851129404 0
3077 1.882719962520742 1.31070489518365 0
3078 2.51612726570107 1.254199634645406 0
3079 2.099755537857483 0.7810880365498183 0
3080 3.743958878975602 1.150134609567363 0
3081 2.610332433448325 0.7705412982445073 0
3082 2.806405557638596 1.311979503370812 0
3083 1.819101307420522 0.8099532914044395 0
3084 1.838594589521705 0.8054798192715749 0
3085 2.165493553749439 1.156954785695052 0
3086 2.171365857961105 1.137836311821721 0
3087 1.780114743218145 0.8189002356701699 0
3088 1.760621461116957 0.8233737078030263 0
3089 2.177483507161723 0.9409578673117883 0
3090 3.654731067691336 0.8507378866497258 0
3091 1.97667818560943 1.004811002209606 0
3092 1.996171467710617 1.000337530076738 0
3093 1.957184903508242 1.009284474342478 0
3094 3.148150892160643 0.7892844428118033 0
3095 3.128657610059458 0.7937579149446774 0
3096 3.569009658265774 0.8348684201766547 0
3097 2.171611006621311 0.9600762808809904 0
3098 2.113131160317743 0.9734966972795824 0
3099 2.09363787821655 0.977970169412439 0
3100 3.253365583686993 0.8006804371528895 0
3101 3.274979805368521 0.6713250143014352 0
3102 2.76440290977774 0.6818717526067301 0
3103 2.672563840711883 0.86288441899531 0
3104 3.208506518944147 0.8287457949878212 0
3105 3.691596692313687 0.9666728931024717 0
3106 3.697469192854016 0.9475544795332569 0
3107 3.553022778024043 1.122869148751723 0
3108 3.161036196420121 1.337220542128679 0
3109 3.14154291431895 1.341694014261571 0
3110 3.580264341145651 1.152159031624279 0
3111 3.679851691233016 1.004909720240918 0
3112 3.673979190692687 1.024028133810133 0
3113 3.379704178693707 1.038248447229235 0
3114 3.399197460794918 1.033774975096412 0
3115 3.549761535264481 0.6615781730159731 0
3116 3.451804806558054 1.039472972266879 0
3117 3.47129808865919 1.034999500133933 0
3118 3.641355445230073 0.6583292259205021 0
3119 3.662724507811705 0.706737522361888 0
3120 3.676345289372513 0.7213824637981748 0
3121 3.294473087469639 0.6668515421686407 0
3122 1.843970805719591 1.141892981955562 0
3123 1.904332855887258 1.181349250323375 0
3124 1.923826092058148 1.176875578001452 0
3125 2.001799036717202 1.158980888744096 0
3126 1.982305800555453 1.163454561054688 0
3127 2.021292272878934 1.154507216433491 0
3128 2.099265217525847 1.136612527190997 0
3129 2.118758453687571 1.132138854880361 0
3130 2.358306258208638 1.23710003508097 0
3131 2.216224634496221 1.109770493327138 0
3132 2.235717870657954 1.105296821016509 0
3133 2.249338802608035 1.11994162257922 0
3134 2.393295069457223 1.300158705158173 0
3135 1.58542708130678 0.6858712377055209 0
3136 1.599047862867563 0.7005161791418479 0
3137 1.618541144968748 0.6960427070089766 0
3138 1.612668644428344 0.7151611205781754 0
3139 1.63216192652953 0.7106876484453047 0
3140 3.615009026187406 1.392975988796582 0
3141 2.035648350114091 0.6358631472242386 0
3142 2.049269131674863 0.650508088660579 0
3143 3.935385298127967 0.8218726317941523 0
3144 3.941257798668294 0.8027542182249173 0
3145 3.927637017107441 0.7881092767886623 0
3146 2.108646835159552 1.401021273738025 0
3147 2.122491512382654 1.415734799421631 0
3148 2.141798294150191 1.411203857010324 0
3149 2.135932205084967 1.430324239887016 0
3150 3.390958861574021 1.355539058678184 0
3151 3.606365601087623 0.5952759880425742 0
3152 2.598832591467924 0.6310144060894647 0
3153 2.612453373028731 0.6456593475257779 0
3154 2.393498761418368 0.5890812255328278 0
3155 2.379695191536768 0.5742002442368903 0
3156 3.300345588009877 0.6477331285995969 0
3157 3.592744819526726 0.5806310466063427 0
3158 2.542991863152709 0.576202080610001 0
3159 2.567179894576226 0.5593696124876368 0
3160 2.05514163221529 0.6313896750913843 0
3161 3.935140139028203 0.9996363510875447 0
3162 3.929267638487906 1.018754764656782 0
3163 2.618325873569106 0.6265409339565804 0
3164 2.160356323741597 0.6427856694325573 0
3165 2.140863041640405 0.647259141565431 0
3166 3.883918255543661 1.402347561079965 0
3167 3.917032319205639 1.412519030383382 0
3168 3.93652560130681 1.408045558250504 0
3169 2.29680929844992 0.6114713645025488 0
3170 1.589423801367214 0.6138710555615949 0
3171 3.94239810184725 1.388927144681322 0
3172 1.805522698041598 0.9733280067481938 0
3173 1.811892296193277 0.9542225510873523 0
3174 1.603942352112587 1.392454781321996 0
3175 1.584449115950866 1.396928453632588 0
3176 1.570828184000805 1.382283652069856 0
3177 1.565155318471956 1.401216630720507 0
3178 1.551368187619539 1.386726408510013 0
3179 1.545462643627391 1.4058757982538 0
3180 1.595296301907618 0.5947526419923959 0
3181 1.806275476114057 1.025239903992499 0
3182 1.820592650279071 1.040479790298577 0
3183 1.52658112561651 1.395834771405462 0
3184 3.358825434312898 0.6343127122020633 0
3185 3.253610742787375 0.6229167178595919 0
3186 1.740652325073672 1.183437562628757 0
3187 1.734770274258359 1.202513193316274 0
3188 1.748389581889266 1.217150854201675 0
3189 1.728894873163153 1.221617566793075 0
3190 1.742515289080887 1.236260018143288 0
3191 1.723021721499273 1.240732138984305 0
3192 1.709400734158202 1.226087078947334 0
3193 1.703528279656931 1.245204859487595 0
3194 3.573251537425597 0.5851045187393489 0
3195 3.254505886865699 1.386853363608431 0
3196 3.00231901505239 0.5561899048682672 0
3197 1.989883832375071 1.375298500015297 0
3198 2.009316453776283 1.370560709602212 0
3199 1.61969768002644 1.281619309689778 0
3200 1.639178633754732 1.27764422127187 0
3201 1.600410800025889 1.285707410086028 0
3202 1.594354250004856 1.305645777806864 0
3203 3.273999168966885 1.382379891475559 0
3204 3.942643260947424 1.211163425387922 0
3205 3.936770760407024 1.230281838957124 0
3206 3.917277478305834 1.234755311089991 0
3207 3.930898259866665 1.249400252526319 0
3208 3.911404977765436 1.253873724659174 0
3209 3.925025759326286 1.268518666095499 0
3210 1.580659689730569 1.290984143340256 0
3211 2.11666375005403 1.43486695448569 0
3212 2.130068360378192 1.449445312126021 0
3213 2.149513773014576 1.444956950657131 0
3214 2.140924361914994 1.461148638711049 0
3215 3.196026040562236 1.400273780006787 0
3216 3.190153540021871 1.419392193575982 0
3217 1.689907313344084 1.230559899327679 0
3218 1.684034978438706 1.24967823103009 0
3219 1.625478069141481 1.262317418341814 0
3220 1.80007410034772 1.043380788808486 0
3221 2.255210795534442 1.100823438228067 0
3222 3.899905135786063 1.114346832502925 0
3223 3.919398417887244 1.109873360370016 0
3224 3.925270918427603 1.090754946800808 0
3225 3.938891699988408 1.105399888237105 0
3226 3.9447629943366 1.086281104168317 0
3227 3.933019199448063 1.124518301806313 0
3228 3.749831379516156 1.131016195997978 0
3229 3.570885438745718 0.8877501887514536 0
3230 3.565012938205317 0.9068686023205457 0
3231 3.640865127030687 1.013856664506803 0
3232 3.627244345469848 0.9992117230705571 0
3233 3.880411853684883 1.118820304635844 0
3234 3.522274813043053 0.8100520094368898 0
3235 3.383455739653705 1.144011984378649 0
3236 2.954603533427836 1.242428371302865 0
3237 2.974096815529024 1.237954899169884 0
3238 3.101170887837466 0.9422317513654002 0
3239 3.416569803315671 1.154183453682107 0
3240 3.436063085416843 1.149709981549281 0
3241 3.582140121625794 1.205040800199003 0
3242 3.601633403726962 1.200567328066088 0
3243 3.607505904267342 1.181448914496875 0
3244 3.081677605736286 0.946705223498294 0
3245 3.068056824175479 0.9320602820619728 0
3246 3.062184323635091 0.9511786956311805 0
3247 2.57835867296478 1.346542755396097 0
3248 3.57488215880616 0.8157500066074577 0
3249 2.188496103333411 1.436008333804907 0
3250 2.202117035283498 1.450653135367617 0
3251 3.120664169938637 0.9377582792325043 0
3252 2.64132555752996 0.905594718266571 0
3253 2.654946339090761 0.9202396597028814 0
3254 2.674439621191936 0.9157661875700095 0
3255 2.668567120651554 0.9348846011391961 0
3256 2.68806040275274 0.9304111290063194 0
3257 2.682187902212346 0.9495295425755087 0
3258 2.701681184313536 0.9450560704426204 0
3259 2.695808683773136 0.9641744840118238 0
3260 3.276610426748066 0.9019705021693808 0
3261 3.29610370884925 0.8974970300365301 0
3262 3.257117144646892 0.9064439743022437 0
3263 2.599972894646251 1.217187332544748 0
3264 2.614083994408329 0.8763048353939589 0
3265 2.615714615787642 1.106950323262316 0
3266 3.417060121516712 0.7986560150956706 0
3267 3.397566839415545 0.8031294872284519 0
3268 3.436553403617891 0.7941825429627876 0
3269 2.77989947181847 0.7493984626177692 0
3270 2.393785390754871 0.9446314424249369 0
3271 2.50487258282149 0.93690902319698 0
3272 2.799392753919643 0.744924990484889 0
3273 3.562646839524624 1.209514272331936 0
3274 3.180529478521299 1.332747069995864 0
3275 3.634502308288604 1.388502516663677 0
3276 2.769785092117227 1.018280777624363 0
3277 2.750291810016034 1.022754249757236 0
3278 2.736671028455267 1.008109308320896 0
3279 2.760406189717282 0.7538719347506477 0
3280 2.994325574931551 0.7001902691561473 0
3281 2.97483229283036 0.7046637412889989 0
3282 2.413278672856064 0.9401579702920967 0
3283 3.830170606601618 0.8104766374534929 0
3284 3.824298106061336 0.8295950510227172 0
3285 3.810677324500468 0.8149501095864485 0
3286 3.484918870219968 1.049644441570208 0
3287 3.490791370760284 1.030526028001012 0
3288 3.31184542999056 0.7872600207542294 0
3289 2.828264938420834 1.004860361225754 0
3290 2.847758220522022 1.000386889092881 0
3291 3.931143217935946 1.071636471481656 0
3292 2.808771656319647 1.009333833358632 0
3293 3.0485635420743 0.9365337541948708 0
3294 3.042691041533899 0.955652167764055 0
3295 3.535405276402883 1.18022438945943 0
3296 3.870297473982872 1.387702619643644 0
3297 3.864424973442484 1.406821033212845 0
3298 3.850804191881697 1.392176091776538 0
3299 3.844931691341316 1.411294505345738 0
3300 3.831310909780518 1.396649563909436 0
3301 3.825438409240143 1.415767977478645 0
3302 3.811817627679336 1.401123036042338 0
3303 3.817690128219712 1.382004622473135 0
3304 3.798196846118527 1.386478094606038 0
3305 3.792324345578151 1.405596508175239 0
3306 3.778703564017347 1.390951566738922 0
3307 3.772831063476959 1.410069980308146 0
3308 3.784576064557723 1.371833153169695 0
3309 1.97643349634378 1.18257303492803 0
3310 1.96281256439372 1.16792823336529 0
3311 3.805049983059828 0.6563048038622418 0
3312 3.824543265160978 0.6518313317292722 0
3313 3.810922483600131 0.637186390293017 0
3314 3.830415765701281 0.6327129181600357 0
3315 3.844036547262152 0.6473578595962993 0
3316 3.849909047802446 0.6282394460270589 0
3317 3.863529829363308 0.6428843874633149 0
3318 3.869402329903608 0.6237659738941004 0
3319 3.883023111464467 0.6384109153303505 0
3320 3.888895612004772 0.6192925017611368 0
3321 3.902516393565627 0.6339374431973914 0
3322 3.896643893025302 0.6530558567666194 0
3323 3.908388894105942 0.6148190296281602 0
3324 3.855781548342743 0.609121032457846 0
3325 3.916137175126471 0.6485823846336594 0
3326 3.910264674586128 0.6677007982028977 0
3327 3.894768112545084 0.6001740881919082 0
3328 3.914261394646251 0.5957006160589312 0
3329 3.816794984140418 0.6180679767237844 0
3330 3.927882176207111 0.610345557495179 0
3331 3.933754676747403 0.591227143925949 0
3332 3.9297579566873 0.6632273260699399 0
3333 3.923885456146959 0.6823457396391676 0
3334 3.904392174045788 0.6868192117721188 0
3335 3.918012955606617 0.7014641532083923 0
3336 3.900640613085395 0.5810556746226757 0
3337 3.898519673505457 0.7059376253413339 0
3338 3.912140455066275 0.7205825667776168 0
3339 3.931633737167444 0.7161090946446786 0
3340 3.925761236627099 0.7352275082139033 0
3341 3.945254518728275 0.7307540360809757 0
3342 3.947375458308273 0.6058720853621888 0
3343 3.94150295776797 0.624990498931429 0
3344 3.857657328823022 0.6620028010325425 0
3345 3.029070259973113 0.9410072263277615 0
3346 3.023197759432729 0.9601256398969535 0
3347 3.009576977871919 0.9454806984606621 0
3348 3.003704477331562 0.9645991120298747 0
3349 2.990083695770745 0.9499541705935773 0
3350 2.98421119523038 0.9690725841627912 0
3351 2.970590413669568 0.9544276427264931 0
3352 2.964717913129217 0.9735460562957156 0
3353 2.951097131568409 0.9589011148594111 0
3354 1.965423502729697 0.6875203907612306 0
3355 1.971296003270102 0.6684019771920302 0
3356 1.959551002189287 0.7066388043304274 0
3357 2.337181324931146 1.010933627398176 0
3358 2.350802106491901 1.025578568834539 0
3359 3.170660257920688 1.423865665708873 0
3360 1.970402719165437 1.379824995946415 0
3361 3.197006676963792 0.6892189028329014 0
3362 2.204970229383821 0.7924840308908884 0
3363 2.808526497219051 1.187097552652189 0
3364 2.79490571565827 1.172452611215859 0
3365 2.814398997759455 1.167979139082987 0
3366 2.800778216198673 1.153334197646663 0
3367 3.835307629840841 1.324649381765505 0
3368 2.587087590387161 0.6692512332278855 0
3369 2.053020692634761 0.7562716258100186 0
3370 3.3602108965926 1.042721919362195 0
3371 3.881147330984236 0.5855291467556606 0
3372 3.400828082174741 1.264420462965018 0
3373 3.439814646377087 1.255473518699232 0
3374 1.937447024009755 1.191520379562285 0
3375 2.192735417649577 1.186244388820509 0
3376 2.173242181487854 1.190718061131126 0
3377 2.186863113437909 1.205362862693854 0
3378 2.361001689317525 0.5788893981739358 0
3379 1.662422060597373 1.379033764390596 0
3380 1.656549756385995 1.398152238263638 0
3381 1.676042992547784 1.393678565952984 0
3382 2.825898839739788 1.307506031237926 0
3383 1.954820603023868 1.311928679730868 0
3384 3.652364969010048 1.153383556662481 0
3385 3.213643542183336 1.342918539299398 0
3386 2.660328521429941 1.256648684720703 0
3387 3.502781530941868 0.8145254815697448 0
3388 3.50865403148226 0.7954070680004862 0
3389 3.489160749381052 0.7998805401333368 0
3390 3.640374808828995 1.369384103094453 0
3391 3.358335116112637 0.9898401507878513 0
3392 2.553973526725177 0.6590797639244804 0
3393 2.518493364382279 0.9515539646333814 0
3394 1.938181939608103 0.6582305078885685 0
3395 1.6147895840088 0.5902791698595167 0
3396 2.027654909993168 0.779863511512081 0
3397 2.008161627891973 0.7843369836449396 0
3398 3.04007978375281 1.436061557070104 0
3399 3.053700565313614 1.450706498506414 0
3400 3.034207283212434 1.455179970639311 0
3401 2.975727436908883 1.46860038703805 0
3402 3.045103908461071 1.466895923788356 0
3403 3.022446806298845 1.470995360514835 0
3404 3.054268748184803 1.497564534670699 0
3405 3.068706921457194 1.465373747271283 0
3406 3.301976209389689 0.8783786164673147 0
3407 3.315596990950421 0.8930235579036496 0
3408 2.506503204200786 1.16755451106515 0
3409 2.85363072106242 0.9812684755236771 0
3410 2.867251502623207 0.9959134169600007 0
3411 1.74724583865667 0.6309650470733672 0
3412 2.534235085523488 0.8413169553509008 0
3413 1.949436622487875 0.9755211193369504 0
3414 3.685233873571772 1.341318745259415 0
3415 2.600218053746881 1.039423613251457 0
3416 2.613838835307637 1.054068554687731 0
3417 2.586597272186132 1.024778671815095 0
3418 1.764618181177392 0.7513735256591454 0
3419 1.758745680636984 0.7704919392283341 0
3420 3.272858865788171 0.7962069650200051 0
3421 2.791399313798917 0.8889253547728421 0
3422 1.84658802964257 0.6614794549837339 0
3423 1.945685061527965 0.8697575821874943 0
3424 1.97431383918561 1.307455007420235 0
3425 2.344685326258557 1.22245523351825 0
3426 2.270953197607183 0.9905906887913198 0
3427 2.781284934097494 1.157807669779532 0
3428 3.738086378435212 1.169253023136556 0
3429 3.533284336822645 1.305106340178694 0
3430 2.497124301801083 0.9031456681913649 0
3431 1.840715529102167 0.6805978685529328 0
3432 3.90977435638673 1.023228236789746 0
3433 2.080262255756298 0.7855615086826849 0
3434 2.288081941300138 1.28875799975956 0
3435 2.639694936150332 0.6749492303985117 0
3436 3.433942145836698 1.274591932268435 0
3437 1.840201997814306 1.036105475644009 0
3438 2.26459272445356 1.365231895252966 0
3439 1.915834130700214 1.320876024352328 0
3440 3.414939181936246 0.9235379658143827 0
3441 3.401318400375468 0.9088930243780511 0
3442 3.381825118274277 0.9133664965109505 0
3443 3.387697618814675 0.8942480829417302 0
3444 3.368204336713498 0.8987215550746331 0
3445 2.013300311509081 1.298507662798988 0
3446 2.884623845143802 1.116321895545977 0
3447 2.421026953876376 0.9739213252976302 0
3448 2.430651015376608 1.060566448877887 0
3449 2.411157733275416 1.065039921010731 0
3450 2.424778514836182 1.079684862447078 0
3451 2.40528523273499 1.084158334579926 0
3452 2.391664451174219 1.069513393143589 0
3453 2.418906014295751 1.098803276016281 0
3454 3.929512797587638 0.8409910453633995 0
3455 2.524611024023194 0.7546718317705117 0
3456 2.518738523482788 0.7737902453397165 0
3457 2.672073522510751 1.218411857582303 0
3458 1.887205215224402 0.8831779985860904 0
3459 2.873124003163604 0.9767950033908047 0
3460 2.886744784724392 0.9914399448271471 0
3461 2.892617285264792 0.972321531257926 0
3462 2.906238066825571 0.9869664726942864 0
3463 2.912110567365994 0.9678480591250841 0
3464 1.637056520224301 1.402625910574196 0
3465 1.852215371082478 0.8201247607079025 0
3466 3.374076837253879 0.8796031415054179 0
3467 3.393570119355068 0.8751296693725008 0
3468 2.109379599357838 0.8677331601300722 0
3469 3.786942163239257 1.069187483156563 0
3470 2.015178655527852 1.351398216045131 0
3471 3.757579660536404 1.164779551003662 0
3472 3.751707159996011 1.183897964572868 0
3473 3.716717315854004 1.120844726694741 0
3474 2.88038196598296 1.366085796983219 0
3475 2.899875248084135 1.361612324850328 0
3476 2.894002747543747 1.380730738419536 0
3477 3.843546229062611 1.002885298183041 0
3478 2.286694918748449 0.8803536795089151 0
3479 2.786912275537418 1.316452975503691 0
3480 2.79278477607781 1.297334561934504 0
3481 3.355969017431992 1.292485820800038 0
3482 3.342348235871178 1.277840879363731 0
3483 3.322854953769999 1.282314351496647 0
3484 3.361841517972359 1.273367407230843 0
3485 1.781990523698101 0.8717820042448943 0
3486 2.09763459827702 0.9059699872685064 0
3487 2.183356007702127 0.9218394537425924 0
3488 2.169735226141361 0.9071945123062342 0
3489 2.913496029644936 1.376257266286629 0
3490 2.907623529104551 1.395375679855841 0
3491 2.888130247003354 1.39984915198874 0
3492 2.90175102856415 1.414494093425049 0
3493 2.882257746462978 1.418967565557954 0
3494 2.956234154807701 1.473073859170948 0
3495 2.972875188223639 1.492068756392013 0
3496 2.945341817192493 1.506617945553564 0
3497 2.93691140539949 1.476608783152418 0
3498 2.895878528023778 1.433612506994255 0
3499 2.876385245922607 1.43808597912717 0
3500 2.890006027483424 1.452730920563468 0
3501 2.870512745382245 1.457204392696383 0
3502 2.884133526943061 1.471849334132684 0
3503 2.864640244841855 1.476322806265594 0
3504 2.87765275551979 1.494704047417289 0
3505 2.85818721972755 1.510962139091763 0
3506 2.851019463280981 1.461677864829278 0
3507 2.921244310665334 1.410020621292161 0
3508 3.004623430699244 1.492911279304018 0
3509 2.909499309584593 1.448257448430598 0
3510 2.894274387194674 1.491403399834134 0
3511 3.708723875733287 1.264845090982582 0
3512 2.787157434637894 1.138689256210334 0
3513 3.185261675883022 0.7274557299713251 0
3514 1.850339590602512 0.7672429921331819 0
3515 1.852460530182973 0.6423610414145374 0
3516 2.477140701498694 1.263146578911111 0
3517 2.753798211875456 1.306281506200255 0
3518 2.438399296396943 1.09432980388343 0
3519 2.432526795856509 1.113448217452635 0
3520 2.452020077957696 1.108974745319784 0
3521 1.830731887549736 0.9495249994585855 0
3522 1.817132895680444 0.9348875273387851 0
3523 2.134255709164406 1.19966540575248 0
3524 2.152362883620652 0.7867860337204022 0
3525 2.645567436690728 0.6558308168293163 0
3526 1.830846308501328 0.771716464266057 0
3527 1.973171783750065 0.721283745766758 0
3528 1.953678501648878 0.7257572178996249 0
3529 1.96729928320965 0.7404021593359549 0
3530 3.520153873462557 0.9349339601553101 0
3531 3.800562944799855 1.083832424593302 0
3532 2.618080714468709 0.8043046532500188 0
3533 2.481137421559192 1.19114639676719 0
3534 3.446422624218519 0.7030639472494833 0
3535 2.771415713496659 1.248926265492653 0
3536 2.472003678260033 0.7489738345999346 0
3537 2.46613117771962 0.7680922481691184 0
3538 2.479751959280385 0.7827371896054565 0
3539 2.460258677179195 0.787210661738298 0
3540 2.446637895618426 0.7725657203019707 0
3541 2.440765395078 0.7916841338711407 0
3542 2.427144613517233 0.7770391924348027 0
3543 2.421272112976796 0.7961576060039866 0
3544 2.407651331416048 0.7815126645676256 0
3545 2.401778830875597 0.8006310781368153 0
3546 2.388158049314854 0.7859861367004491 0
3547 2.382285548774402 0.8051045502696353 0
3548 2.368664767213659 0.7904596088332747 0
3549 2.36279226667322 0.8095780224025084 0
3550 2.349171485112461 0.7949330809661111 0
3551 2.34329898457203 0.8140514945353465 0
3552 2.329678203011267 0.7994065530989445 0
3553 2.323805702470825 0.8185249666681325 0
3554 2.310184920910071 0.8038800252317675 0
3555 2.304312420369629 0.822998438800957 0
3556 2.290691638808874 0.8083534973646024 0
3557 2.284819138268434 0.82747191093379 0
3558 2.271198356707679 0.8128269694974348 0
3559 2.298439919829188 0.8421168523701412 0
3560 2.337426484031614 0.8331699081046691 0
3561 2.39590633033514 0.8197494917059991 0
3562 2.434892894537552 0.8108025474403382 0
3563 2.47387945873995 0.8018556031746664 0
3564 3.45343542793788 1.270118460135549 0
3565 3.797301702039251 0.6225414488567687 0
3566 3.803174202579541 0.6034230352875454 0
3567 3.822667484680697 0.5989495631545537 0
3568 3.783680920478366 0.6078965074205275 0
3569 3.010962440151083 1.353889905622719 0
3570 2.537496328282181 1.302607931087282 0
3571 2.523875546721409 1.287962989650945 0
3572 1.791859744298956 0.7806634085317962 0
3573 2.028799924226589 1.366044484930642 0
3574 2.936986031806704 1.299783612010443 0
3575 2.820271498299855 1.148860725513797 0
3576 2.853385561961804 1.159032194817257 0
3577 3.711089974414856 0.9621994209695121 0
3578 3.808801544020236 0.7620683410116638 0
3579 3.80292904347991 0.7811867545809196 0
3580 3.789308261919068 0.7665418131446042 0
3581 3.783435761378747 0.7856602267138496 0
3582 3.769814979817897 0.7710152852775363 0
3583 3.590623879947416 0.7055129973243238 0
3584 2.905747748624479 1.34249391128116 0
3585 3.124906049099446 0.6879943777952502 0
3586 3.266986365247787 0.8153253785891985 0
3587 2.586352113085508 1.20254239110838 0
3588 2.259698514727472 0.6733000773429847 0
3589 3.742328257596523 0.9194891216982162 0
3590 2.524629916111554 0.5775360191880826 0
3591 3.759210281916165 1.395425038871817 0
3592 3.753337781375769 1.414543452441031 0
3593 3.833922167562032 0.9162401746028661 0
3594 3.097419326877441 0.8364682142159482 0
3595 3.083798545316651 0.8218232727796162 0
3596 3.064305263215481 0.8262967449125205 0
3597 3.070177763755858 0.8071783313433083 0
3598 2.545244609302564 1.336371286092799 0
3599 2.87075790448259 1.27944067340299 0
3600 2.851264622381395 1.283914145535849 0
3601 3.595515744086223 1.397449460929463 0
3602 2.19673139833449 1.114244165637771 0
3603 3.577003098386528 0.6908680558880619 0
3604 2.220711950525099 0.6822470216087116 0
3605 2.06876241377605 0.6460346165277291 0
3606 2.074634914316486 0.6269162029585372 0
3607 3.050684481654678 0.811651803476217 0
3608 3.420811682476656 0.9044195522451678 0
3609 2.576482892484602 1.293660986821581 0
3610 3.775687480358242 0.7518968717083224 0
3611 3.75619419825707 0.7563703438412295 0
3612 2.413523831956489 0.762394250998454 0
3613 2.904117127244997 1.111848423413122 0
3614 2.10725865977732 0.9926151108487723 0
3615 3.678466228952024 0.5965005130799054 0
3616 3.664845447391193 0.5818555716436375 0
3617 3.684338729492355 0.5773820995106886 0
3618 3.645352165290029 0.5863290437765845 0
3619 1.970805685069021 1.023929415778797 0
3620 2.613593676207008 1.231832273981113 0
3621 3.14227839162023 0.8084028563809962 0
3622 2.318178361031032 0.6598796609444061 0
3623 2.917737908805758 1.126493364849467 0
3624 2.923610409346186 1.10737495128027 0
3625 3.490301052559901 1.386053466588382 0
3626 3.484428552019514 1.40517188015758 0
3627 3.498049333580321 1.419816821593886 0
3628 3.478556051479137 1.424290293726797 0
3629 3.464944810071217 1.409636479305954 0
3630 2.196976789262893 0.9364843951789079 0
3631 2.265325856167232 0.8319453830666191 0
3632 2.251705074606485 0.8173004416302668 0
3633 2.446147577417263 1.128093158888986 0
3634 3.88489889194465 0.6912926839050486 0
3635 3.837918887622174 0.8442399924589676 0
3636 3.818425605521043 0.8487134645919175 0
3637 2.087765377676126 0.997088582981623 0
3638 2.588473052666032 1.077660440389823 0
3639 2.374292108653667 0.9491049145577757 0
3640 2.945224631027995 0.9780195284285804 0
3641 3.939382018187927 0.7498724496501963 0
3642 3.547885754784185 0.6086964044415354 0
3643 3.832046387081866 0.8633584060281922 0
3644 2.89025118658384 1.274967201270345 0
3645 2.088255695877235 0.6415611443948731 0
3646 2.094128196417675 0.6224427308256935 0
3647 3.762066698797436 0.7372519302720375 0
3648 3.742573416696266 0.7417254024049248 0
3649 2.59809711416645 1.164305563969862 0
3650 1.951312402967828 1.028402887911665 0
3651 3.089671045857035 0.8027048592104031 0
3652 3.161771673721427 0.8039293842481106 0
3653 1.88483961972205 1.18582292263831 0
3654 2.376658207334587 0.6464592445458354 0
3655 3.892647172965114 0.7250560389105578 0
3656 3.576757939286262 0.8686317751820989 0
3657 2.725416345575428 0.6908186968725364 0
3658 2.71954384503503 0.7099371104417498 0
3659 2.707553684853921 0.9259376568734126 0
3660 2.12675194187852 0.9881416387159039 0
3661 3.147415414859325 1.322575600692412 0
3662 2.355043985652916 0.7758146673969413 0
3663 3.919888736086825 0.7543459217831361 0
3664 2.937231190906958 1.122019892716596 0
3665 2.943103691447368 1.102901479147403 0
3666 2.956724473008155 1.117546420583726 0
3667 2.962596973548544 1.098428007014525 0
3668 2.976217755109336 1.113072948450828 0
3669 2.982090255649722 1.09395453488164 0
3670 2.99571103721051 1.108599476317926 0
3671 3.001583537750908 1.089481062748756 0
3672 3.015204319311699 1.104126004185083 0
3673 3.021076819852115 1.08500759061589 0
3674 2.731288846115824 0.6717002833033154 0
3675 3.477170589199601 1.015881086564791 0
3676 3.77519716215835 1.107424310295303 0
3677 3.718838255435208 0.9959627759750866 0
3678 3.693472472793812 1.019554661677223 0
3679 3.76394247927761 0.7901336988467623 0
3680 2.296564139349322 0.7892350837954447 0
3681 3.127922132758143 1.327049072825262 0
3682 3.354583555152697 0.8840766136383202 0
3683 3.034697601412883 1.099652532052209 0
3684 3.040570101953303 1.080534118483027 0
3685 3.054190883514081 1.095179059919331 0
3686 3.060063384054498 1.076060646350174 0
3687 3.736700916155891 0.7608438159741296 0
3688 3.723080134595113 0.7461988745378056 0
3689 3.728952635135462 0.7270804609686399 0
3690 2.721174466414684 0.9405825983097822 0
3691 3.621126685828125 1.196093855933199 0
3692 3.20189854110261 1.381155366437647 0
3693 3.410942461875852 0.9955381479582555 0
3694 3.777563260838466 0.8047786402830647 0
3695 3.687599972253453 1.038673075246452 0
3696 3.668106690152329 1.043146547379343 0
3697 3.681727471713113 1.057791488815686 0
3698 3.073684165615266 1.090705587786479 0
3699 3.07955666615569 1.071587174217319 0
3700 3.093177447716445 1.086232115653672 0
3701 3.099049948256877 1.067113702084467 0
3702 3.366328556233721 0.8458397864995488 0
3703 3.682217789912713 0.702264050229041 0
3704 2.257577575146934 0.7981820280611041 0
3705 3.424563243436601 1.010183089394515 0
3706 3.674469508891965 0.6685006952238111 0
3707 3.36070121479307 0.6871944807766956 0
3708 3.112670729817637 1.081758643520795 0
3709 3.118543230358069 1.062640229951618 0
3710 3.132164011918824 1.077285171387935 0
3711 3.138036512459252 1.058166757818776 0
3712 3.504412152321134 1.045170969437256 0
3713 3.151657294020025 1.072811699255102 0
3714 3.157529794560445 1.053693285685899 0
3715 3.17115057612121 1.068338227122235 0
3716 3.177023076661631 1.049219813553043 0
3717 3.190643858222398 1.063864754989382 0
3718 3.196516358762818 1.044746341420185 0
3719 3.210137140323588 1.059391282856523 0
3720 3.216009640864009 1.040272869287315 0
3721 3.596496380487801 0.6863945837551159 0
3722 3.629610444149715 0.6965660530585926 0
3723 3.229630422424764 1.054917810723615 0
3724 3.235502922965193 1.035799397154454 0
3725 3.249123704525944 1.050444338590755 0
3726 3.254996205066393 1.031325925021597 0
3727 3.268616986627142 1.045970866457934 0
3728 3.274489487167584 1.026852452888768 0
3729 3.288110268728329 1.04149739432507 0
3730 3.293982769268773 1.022378980755927 0
3731 3.307603550829521 1.03702392219222 0
3732 3.313476051369967 1.017905508623089 0
3733 3.53801653418425 0.6998150001539292 0
3734 3.491281688960975 0.6749985894152223 0
3735 3.339332152211798 0.6387861843349307 0
3736 3.399687778995435 0.6782475365107812 0
3737 3.341207932691871 0.6916679529091379 0
3738 1.762008439145232 1.231785953978924 0
3739 1.697655905296214 1.264323008988808 0
3740 1.756135645499052 1.250902140491063 0
3741 1.77562892923178 1.246428692007181 0
3742 1.678162656940894 1.268796626910201 0
3743 1.910205090038373 1.162230920503463 0
3744 1.929698322179475 1.157757305564369 0
3745 1.98817808463958 1.144336228775063 0
3746 2.414665262758854 1.348562025117598 0
3747 2.105137523426987 1.117494177666927 0
3748 2.202603714201136 1.095125859536699 0
3749 2.241590177005784 1.086178544845466 0
3750 2.379674503653664 1.28551071461929 0
3751 2.08564446701166 1.121968246692071 0
3752 2.12463102793014 1.113021267932478 0
3753 2.183110769560574 1.099600084314134 0
3754 2.364178562420288 1.217981561207624 0
3755 2.350557630470213 1.20333675964491 0
3756 2.373801748434977 1.304629201194362 0
3757 2.268831859941245 1.115468116594581 0
3758 2.377799494370377 1.232626362770326 0
3759 2.428286692337407 1.363207911968087 0
3760 2.475019761918134 1.388028529629756 0
3761 2.488640543478904 1.402673471066095 0
3762 2.469147256170395 1.407146920581538 0
3763 2.489832156695431 1.431154470105525 0
3764 2.422414233684397 1.382325327380016 0
3765 2.508133825580093 1.398199998933219 0
3766 1.814698288038496 1.059429282617671 0
3767 2.238329452146345 0.6248917809011061 0
3768 1.579537052686773 0.70491327216914 0
3769 3.948515761487848 1.19204501181874 0
3770 3.235000220990355 1.391272873092996 0
3771 3.943376205897887 0.6778714896577835 0
3772 3.949248284379874 0.6587529464471231 0
3773 1.574855482632666 1.310196846263762 0
3774 1.561203232735686 1.295638627324398 0
3775 3.579291492510185 0.5660375412842377 0
3776 1.645078843718229 1.258665119103943 0
3777 3.949727227862783 1.244722726593291 0
3778 1.898217218064177 1.378231445973664 0
3779 1.878723981902503 1.382705118284212 0
3780 3.273104024888562 0.618443245726727 0
3781 3.39783868509548 0.6254820554690097 0
3782 1.602049461143204 0.5762266586359452 0
3783 1.621610039671546 0.5715055884144282 0
3784 2.022028576421449 0.621222597601963 0
3785 1.753118339197074 0.6118466335041679 0
3786 1.733625057095883 0.6163201056370438 0
3787 1.772699094355955 0.6072740378097924 0
3788 3.946972905734093 0.7837821911840834 0
3789 1.795540416949315 0.9412545723404684 0
3790 1.803060562787713 0.9205233245701212 0
3791 1.577678800286403 0.6521078826999959 0
3792 2.585781183908906 0.5843221661694461 0
3793 1.688305010051196 0.7685639313921825 0
3794 1.673300930758283 0.754505225621219 0
3795 1.781907807195171 0.9240613823254831 0
3796 1.626877002852779 0.7292595759705096 0
3797 1.645880637567582 0.7252415088743023 0
3798 1.651671530210258 0.7061989961445472 0
3799 3.958788226606031 0.7450195514657159 0
3800 3.626347029187196 1.411262149337145 0
3801 3.949913866029216 1.066941031736878 0
3802 3.946885140108851 0.9613995239491369 0
3803 3.949006079688801 0.8365175732304416 0
3804 3.942763881794395 0.8555224288465362 0
3805 3.651949488979173 0.5690480775881126 0
3806 1.606920184541766 0.7359067450579169 0
3807 1.746494784846125 1.164453633024802 0
3808 1.936334227673711 0.6054710487999022 0
3809 1.955832187865826 0.6010179615813677 0
3810 1.969425680562843 0.6155439910173512 0
3811 2.080943828544408 0.6079318402407056 0
3812 2.100081488592679 0.6033817634013559 0
3813 2.113634943791287 0.6179788330503149 0
3814 3.181791604962886 1.441011914794145 0
3815 3.159417039896911 1.438391546153514 0
3816 3.127205525001592 1.450980520717262 0
3817 3.887019831524528 0.5664107331864232 0
3818 3.867526549423372 0.570884205319429 0
3819 3.906603333159875 0.5623303952406198 0
3820 3.955610863303554 1.40344675677091 0
3821 3.94967035941237 1.422544282115614 0
3822 3.786357544840687 1.424304005952587 0
3823 1.793490365678372 1.011308896399853 0
3824 3.948284290802358 1.014134888708974 0
3825 3.954390010835589 0.9948658743065472 0
3826 1.763887711249567 0.8751552328333227 0
3827 3.561261377245391 0.8011050651710554 0
3828 3.580754659346667 0.7966315930381224 0
3829 3.576267621085452 1.224159213768351 0
3830 3.430190584876403 1.168828395118477 0
3831 3.584506220306619 0.9023951301876424 0
3832 3.578633719766202 0.9215135437566779 0
3833 3.422932622057103 0.7795376015263985 0
3834 3.299855269809175 1.003260567186635 0
3835 3.114791669398247 0.9568766928017742 0
3836 2.635453056989538 0.9247131318358141 0
3837 3.05631182309466 0.9702971092004864 0
3838 2.566613671883966 1.384779582534521 0
3839 2.560741171343553 1.403897996103699 0
3840 2.730798527914817 1.027227721890214 0
3841 2.880872284183987 1.010558358396398 0
3842 2.82239243788041 1.023978774795026 0
3843 2.540107586063923 0.8221985417816549 0
3844 3.202388859303224 1.025627927850957 0
3845 3.321469491490861 0.8739051443344528 0
3846 2.174875171383331 1.421363532242186 0
3847 3.602123721928145 0.8450398894793433 0
3848 2.62134195722757 1.265595628986458 0
3849 2.61546945668718 1.284714042555664 0
3850 3.942808981750963 1.033375305457255 0
3851 2.774026971278069 0.7685168761869676 0
3852 3.441935585957263 1.130591567980068 0
3853 3.455556367518033 1.145236509416443 0
3854 2.988453074391166 0.7193086827253734 0
3855 2.140128013376067 1.180546931879143 0
3856 2.399657891295302 0.9255130288557475 0
3857 2.995956196311104 0.93083575702435 0
3858 3.294227928369412 0.8446152614618123 0
3859 2.862764464361796 1.423441037690876 0
3860 2.15350561169472 1.372955455243488 0
3861 2.159377915906397 1.353836981370149 0
3862 2.14575698395634 1.339192179807413 0
3863 3.647664778625054 1.403415102505398 0
3864 2.123000380918625 0.8823781015663994 0
3865 2.14249366301981 0.8779046294335213 0
3866 2.167369877276187 1.2098365350045 0
3867 2.524365864922677 0.9324355510641148 0
3868 3.225388543264168 1.304681712161043 0
3869 3.244881825365354 1.300208240028166 0
3870 3.205895261162949 1.309155184293897 0
3871 3.328727454310376 1.26319593792742 0
3872 2.084013816716242 0.8913250458321766 0
3873 2.064520534615062 0.8957985179650605 0
3874 2.590348833146018 1.13054220896445 0
3875 3.054436042614679 0.9174153406256474 0
3876 3.233872301585788 0.8051539092857676 0
3877 2.115497258998785 0.6708510272674945 0
3878 2.465640859518447 1.123619686756138 0
3879 2.459768358978022 1.142738100325329 0
3880 2.385791950633802 1.088631806712792 0
3881 3.065935884594911 1.056942232780978 0
3882 3.599512464146585 1.325449278785537 0
3883 3.619005746247749 1.320975806652626 0
3884 3.632626527808562 1.335620748088923 0
3885 3.638499028348934 1.316502334519704 0
3886 3.652119809909758 1.331147275956012 0
3887 2.987717597089816 1.25259984060625 0
3888 2.99359009763007 1.233481427036949 0
3889 2.119248819958667 0.776614564416943 0
3890 2.105628038397887 0.7619696229806177 0
3891 2.683573364491084 1.357938749737281 0
3892 2.677700863950683 1.377057163306477 0
3893 2.658207581849504 1.381530635439356 0
3894 2.671828363410286 1.396175576875676 0
3895 2.75167727229504 1.431163456918905 0
3896 2.765298053855827 1.445808398355229 0
3897 2.745804771754639 1.450281870488105 0
3898 2.759425553315427 1.464926811924431 0
3899 2.739932271214243 1.469400284057308 0
3900 2.757878379264984 1.490911273211807 0
3901 2.728012461727856 1.505474079537887 0
3902 2.720404027431925 1.473441149858607 0
3903 2.775085900282274 1.477121280190545 0
3904 2.732183990193855 1.435636929051785 0
3905 2.78479133595701 1.44133492622234 0
3906 2.652335081309108 1.400649049008557 0
3907 2.665955862869891 1.415293990444874 0
3908 2.646462580768706 1.419767462577753 0
3909 2.660083362329487 1.434412404014074 0
3910 2.640590080228299 1.438885876146945 0
3911 2.654210861789084 1.453530817583273 0
3912 2.634717579687891 1.458004289716144 0
3913 2.648338361248675 1.472649231152472 0
3914 2.618191953673763 1.486048496131213 0
3915 2.639180851949449 1.516382250635758 0
3916 2.664965049821288 1.492437186009142 0
3917 2.614268172600041 1.46043923770435 0
3918 2.673704143890277 1.449057345450391 0
3919 2.685449144971067 1.410820518311993 0
3920 2.626969298667513 1.424240934710614 0
3921 2.961211511269556 0.6900187998526901 0
3922 2.955339010729183 0.7091372134218866 0
3923 3.486549491599891 1.280289929438928 0
3924 3.220251520024995 0.790508967849466 0
3925 3.8945229534454 0.777937807485328 0
3926 2.26295970475335 1.134586451862953 0
3927 2.282452970719834 1.130112751831323 0
3928 2.717422905454589 0.8348190611604052 0
3929 3.122049632217769 1.34616748639447 0
3930 3.108428850656963 1.331522544958167 0
3931 1.960692907235539 1.292810205857513 0
3932 3.044811981114346 0.8307702170454269 0
3933 3.031191199553539 0.8161252756091605 0
3934 1.937691621407053 1.013757946475346 0
3935 1.931819120866645 1.032876360044544 0
3936 3.122785109519036 0.8128763285138727 0
3937 2.898489785805205 0.9532031176887319 0
3938 1.741373338116263 0.6500834606425656 0
3939 3.496909030401441 0.8336438951389337 0
3940 2.794660556557811 1.350216330509221 0
3941 2.654701179990024 1.098003378996514 0
3942 2.668321961550813 1.112648320432837 0
3943 2.641080398429244 1.083358437560235 0
3944 3.387207300613923 1.249775521528716 0
3945 1.854336310662949 0.6952428099892586 0
3946 2.06802737294079 1.179323147248311 0
3947 3.014710905944685 1.455169155319652 0
3948 2.00742800729742 1.317626136672325 0
3949 2.348437227693839 1.328219205311453 0
3950 2.700050562933853 0.7144105825746259 0
3951 2.968469474088933 1.079309593445323 0
3952 1.908085502958839 1.287112748919897 0
3953 2.646707739869157 1.242003743284377 0
3954 1.858087871622887 0.8010063471387068 0
3955 1.871708653183666 0.8156512885750362 0
3956 3.015939796613159 0.5708348463045938 0
3957 3.021812297153576 0.5517164327354017 0
3958 1.832967248081788 0.6468345135474102 0
3959 1.838839748622188 0.6277160999782125 0
3960 2.074144596115356 0.9824436415452925 0
3961 2.068272095574943 1.001562055114468 0
3962 1.776849593589318 0.890445159383205 0
3963 1.588456457819857 1.324886470217693 0
3964 3.230120740625776 0.6993903721363468 0
3965 3.670472788832177 0.7405008773673979 0
3966 3.115036828498688 0.7791129735083496 0
3967 2.754288530076552 0.9507540676132982 0
3968 2.518003046180992 1.307081403220141 0
3969 2.549486488463665 1.086607384655528 0
3970 3.369834958092919 1.129367042942327 0
3971 3.363962457552517 1.148485456511519 0
3972 2.062889913235626 0.6651530300969133 0
3973 3.782945443177964 1.141187665301554 0
3974 1.76649396165737 0.8042552942338366 0
3975 1.747000679556176 0.8087287663666949 0
3976 2.566858830984313 1.207015863241271 0
3977 2.335305544451246 0.9580518588234536 0
3978 2.315812262350017 0.9625253309563186 0
3979 2.309939761809585 0.9816437445255408 0
3980 2.705677904373808 0.8730558882988021 0
3981 2.054406440990717 1.164678345685597 0
3982 2.060278888476206 1.145560114908645 0
3983 3.02556385811349 0.6574799698848171 0
3984 3.039184639674285 0.6721249113211314 0
3985 3.033312139133912 0.6912433248903455 0
3986 3.052805421235091 0.6867698527574473 0
3987 3.058677921775464 0.6676514391882478 0
3988 3.07229870333627 0.6822963806245536 0
3989 3.056556982195073 0.7925333899070093 0
3990 2.818150558719401 1.273742676232427 0
3991 3.680096850332807 0.827146000947566 0
3992 3.364452775753735 0.7929580179246879 0
3993 3.412818242355668 1.048419916532702 0
3994 3.897784196204666 1.239228783222863 0
3995 3.891911695664256 1.258347196792041 0
3996 2.857137122921812 1.264795731966669 0
3997 3.771200442097193 1.17942449243997 0
3998 3.765327941556809 1.198542906009179 0
3999 3.745834659455633 1.203016378142072 0
4000 3.759455441016435 1.217661319578383 0
4001 3.739962158915247 1.222134791711273 0
4002 3.778948723117625 1.213187847445481 0
4003 3.773076222577239 1.23230626101469 0
4004 2.151872621799361 1.142309984132365 0
4005 2.157745170222498 1.123191861885987 0
4006 3.249614022726957 0.6949169000034568 0
4007 3.263234804287762 0.7095618414397601 0
4008 2.101386159236908 1.01173352441794 0
4009 3.078171203876645 0.6631779670553606 0
4010 3.091791985437443 0.6778229084916922 0
4011 3.545519656104122 0.9113420744532738 0
4012 3.496663871300808 1.011407614432029 0
4013 3.812553104980711 0.8678318781611222 0
4014 3.826173886541538 0.8824768195973995 0
4015 3.288600586929303 0.6859699557377478 0
4016 3.308093869030216 0.6814964836050308 0
4017 2.6979296233534 0.8392925332932776 0
4018 2.684308841792625 0.824647591856944 0
4019 2.970345254568926 1.132191362020006 0
4020 2.570610391944258 1.312779400390737 0
4021 2.699805403833452 0.8921743018679855 0
4022 3.716962474955138 0.9430810074003003 0
4023 3.703341693394294 0.9284360659640756 0
4024 3.73058325651596 0.9577259488365526 0
4025 2.238084293045771 0.8026555001940447 0
4026 3.709459353034344 0.731553933101541 0
4027 3.715331853574656 0.7124355195323725 0
4028 3.366083397132945 1.023603505793131 0
4029 3.32709683293074 1.032550450059188 0
4030 3.332969333471084 1.013432036490118 0
4031 3.372201056774093 0.8267213729303005 0
4032 3.444056525537811 1.00570961726157 0
4033 3.626999186368489 1.176975442364111 0
4034 3.613378404807762 1.162330500927813 0
4035 3.582875598926605 0.6717496423190612 0
4036 3.3017310502891 1.056142335761272 0
4037 3.524395752623109 0.6851700587179229 0
4038 3.438674343197804 0.6693005922446993 0
4039 3.471788406859857 0.6794720615479048 0
4040 3.354828714252894 0.7063128943454298 0
4041 2.461398980357363 1.373383588193422 0
4042 2.261083583167276 1.081706139347893 0
4043 2.387422826875835 1.319275199899002 0
4044 3.950554583700518 0.7114597905489717 0
4045 3.789062909253323 0.5892343028186053 0
4046 3.769978386956612 0.5933276008121627 0
4047 1.72644423226247 1.168637616267687 0
4048 1.550447397871161 1.435717625433647 0
4049 1.650272111059748 1.416213569498247 0
4050 2.367034145834348 0.5598141209655906 0
4051 2.390604451396645 0.5454815123188321 0
4052 2.412379211711244 0.5640441272570603 0
4053 3.838410664595894 1.430045906093965 0
4054 3.345818611298487 0.6202452812374895 0
4055 3.62777285197673 1.43401483668466 0
4056 3.775495813244801 0.5753236305160356 0
4057 3.756352927660989 0.5788177100361727 0
4058 2.146854411195654 0.6286587031105288 0
4059 2.166421632556952 0.6245074234073236 0
4060 3.952275506099229 0.9427295279729068 0
4061 3.939056503330062 0.9277109052091266 0
4062 3.952777722342951 0.5871608748565136 0
4063 3.93954880453676 0.5721765975339752 0
4064 3.966325933566115 0.6009505024383042 0
4065 2.532696993842608 0.5572875106830996 0
4066 2.511235401562753 0.5622631710408033 0
4067 1.57699069068115 0.5995909246169115 0
4068 3.459763961967908 1.428682725824674 0
4069 1.668422083096557 0.7735157183387001 0
4070 3.951628394348419 1.121032357709719 0
4071 3.946560887127998 1.139243975954473 0
4072 2.003432026612533 1.389626359855069 0
4073 2.199510512607506 0.6345691544076236 0
4074 1.741498419549469 0.8275028313117201 0
4075 1.729789317174973 0.813035890735307 0
4076 1.974975442441969 0.5967056517570744 0
4077 1.988201882024147 0.6117201932989267 0
4078 1.569440090793325 1.328940310943284 0
4079 1.695931999933136 1.212105404240748 0
4080 3.962136543048607 1.20668995325508 0
4081 2.118625528933431 0.6004452519590333 0
4082 1.597932505240694 1.410973937370493 0
4083 3.962381702149925 1.028926233960078 0
4084 2.604854268172262 0.6125460318992076 0
4085 1.677366636747275 1.217217652917304 0
4086 2.347617420856836 0.5646495611732565 0
4087 1.749385586251968 0.8614242728858991 0
4088 3.76687215271269 0.5553594972541285 0
4089 3.734284809905452 0.5517105775126719 0
4090 3.736946075255474 0.5830800966810123 0
4091 3.611399490681121 0.5769375391164427 0
4092 1.632140932944893 1.246761190366452 0
4093 1.566349005474079 0.619163043944818 0
4094 2.124689304666353 1.463493093470734 0
4095 2.13783940801269 1.491886109870734 0
4096 3.877185107388438 1.425154978061401 0
4097 3.560744738867754 0.5715999962199252 0
4098 3.95714441838584 0.9240282015149522 0
4099 3.944748346535081 0.9086744622027061 0
4100 3.964835054496176 1.382301593054484 0
4101 3.948287701997552 1.369681388105204 0
4102 3.092050306594635 1.568703611363261 0
4103 3.152046749333425 1.654241272232684 0
4104 3.043646843164866 1.674416508260414 0
4105 3.491300136408741 1.438113017901458 0
4106 1.73968244067366 0.5925048724878227 0
4107 1.72003508937466 0.6008923609373867 0
4108 1.722652541258258 0.5836894598907457 0
4109 1.7058512571447 0.5870885404303854 0
4110 1.567069548248074 0.6904507373383328 0
4111 1.560317293788653 0.7081117159603474 0
4112 1.755707359246411 1.126707417080145 0
4113 3.957601042146319 0.5682238690503829 0
4114 3.945233379495746 0.5530997297881313 0
4115 3.250483857070496 1.409993791424906 0
4116 3.959961474199496 0.7978229951249701 0
4117 2.62490553285418 0.6088007550349219 0
4118 2.637937015461084 0.6222971675983142 0
4119 1.5371090760321 1.373952835979509 0
4120 1.640244448890466 0.7438944264148097 0
4121 3.97551216550919 1.39909861398489 0
4122 1.961735175446066 0.584030342753515 0
4123 3.513350846409686 1.436398453294532 0
4124 1.631036322836821 1.419165732170259 0
4125 3.968009043589042 1.187571539685895 0
4126 3.953403899847148 1.172624236998047 0
4127 3.261205072995684 0.6004115030116278 0
4128 3.240173164039966 0.6078038215121735 0
4129 1.893396496072698 1.396512915285095 0
4130 1.912161412652458 1.392404459962949 0
4131 1.874375339860708 1.40003744023181 0
4132 1.859476304800903 1.386844564038855 0
4133 1.713952735138243 0.5663347813658272 0
4134 1.688890697604983 0.5702258349326257 0
4135 1.708150028671994 0.548020018157382 0
4136 3.324509421885112 0.6216129852004232 0
4137 3.819839057244302 1.435284427603341 0
4138 1.554838761867995 0.7388910139407103 0
4139 1.533972977749614 0.7327290408658239 0
4140 1.610701630986531 0.7569434951668799 0
4141 1.761278900227626 1.052082657784982 0
4142 1.76977045709108 1.010800549455766 0
4143 1.531359830721074 1.264957871931479 0
4144 1.521733157558201 1.283318337585041 0
4145 1.544550551677329 1.283405527148654 0
4146 1.708369098247861 0.8347455807914007 0
4147 1.695219033501597 0.8196146679539767 0
4148 1.699725331684613 0.8018752250967296 0
4149 1.760040273984265 0.9278274484283338 0
4150 1.740588227520057 0.8897191813466307 0
4151 1.571866510031196 1.256697822656538 0
4152 1.764508059936624 0.9687769778965178 0
4153 1.779429562687924 0.9559919782872647 0
4154 1.784764192734798 0.9766629107650318 0
4155 0.5804189460659103 0.9896275995849716 0
4156 3.364832607634926 0.6154725947562473 0
4157 0.6692353766424134 0.1457954267340141 0
4158 3.965360489463177 0.9044229955170021 0
4159 3.950043865451349 0.8899030845138759 0
4160 2.591820276781831 0.1183911406903437 0
4161 0.5871671842320041 0.6877793322519417 0
4162 0.665886421070093 0.5982885388752393 0
4163 1.332970312324715 1.249798463508241 0
4164 1.317134519859791 1.222661814887684 0
4165 1.479548106294441 1.455710135723296 0
4166 3.965400044107671 0.5479699876761328 0
4167 1.444192615749883 1.29207137947506 0
4168 1.412342925435969 1.284982271399749 0
4169 2.874515435911144 0.1401730342902438 0
4170 1.235665589664228 1.06558651362035 0
4171 1.230654149670305 0.9863137636857782 0
4172 1.237157632847196 0.9338647681887166 0
4173 1.532148135893477 1.297269440952296 0
4174 1.240237875115575 0.9081712018901926 0
4175 1.265607150021025 0.8587265847558543 0
4176 3.874642939026207 0.5515428882731658 0
4177 1.775597957865339 1.06719470243135 0
4178 1.279478124609357 0.834964101581778 0
4179 1.270944411026016 0.8009708424367612 0
4180 1.29561288239248 0.7816297580603588 0
4181 1.266328944220641 1.141988963410004 0
4182 1.244145803188998 1.092145054359509 0
4183 2.082944234758002 0.586136523097694 0
4184 3.203774321582672 1.434037135012293 0
4185 0.7114205633435544 1.093998932606348 0
4186 0.7785045094285513 0.6173117232635654 0
4187 1.409044201636042 1.256393166253259 0
4188 3.049547584065883 1.882982251049011 0
4189 2.909338634670958 1.86329402025959 0
4190 2.819946704544995 1.752254223752759 0
4191 2.684722695044063 1.751652802116888 0
4192 2.755167864634215 1.636020787798441 0
4193 2.869587145605539 1.64512596768932 0
4194 2.629615847569812 1.634091828415917 0
4195 2.560129359486078 1.736879475852915 0
4196 2.504743223757284 1.615649653279393 0
4197 2.439738303658523 1.726473312422669 0
4198 2.386864452824218 1.62007276612064 0
4199 2.32163803593021 1.709903463527404 0
4200 2.273933762048862 1.617195063097791 0
4201 2.212220242363388 1.698489560974305 0
4202 2.327224962250062 1.526347762654425 0
4203 2.171686565179222 1.615786201423498 0
4204 2.443965782194851 1.895371377100965 0
4205 2.421161648362054 1.513195542722648 0
4206 2.939458053765242 1.726620121734893 0
4207 1.383520048543861 1.246466687444238 0
4208 1.363619622760266 0.7648007581396953 0
4209 3.920215518323022 1.784778382450241 0
4210 2.587618110540406 1.865572353863624 0
4211 0.6662813676925627 1.470249262337437 0
4212 0.7212494587474964 1.581632225306543 0
4213 0.1115474874631041 1.356948609090623 0
4214 1.743016689128402 1.111177013692806 0
4215 0.6008659819861784 1.260264328836916 0
4216 0.5656876849617526 0.2552602348114745 0
4217 0.4343523161093563 0.2382107529413084 0
4218 1.720242273062286 1.149389507736954 0
4219 2.995111197649557 1.552742895674508 0
4220 1.759369362943352 0.5914959061793914 0
4221 0.6505541561946718 0.9239283558283266 0
4222 1.591635193835619 0.7503785056533585 0
4223 3.965894441174764 0.9567554664793453 0
4224 3.850623468096578 0.2740955413185627 0
4225 1.587115778894707 1.270485659156705 0
4226 1.780100292234048 1.046625639560886 0
4227 1.656728328765308 1.442887105702743 0
4228 3.854078389267001 0.5533959815937587 0
4229 3.848062037556258 0.5748837970708469 0
4230 3.834427576476208 0.5618443543107081 0
4231 1.748188393909885 1.14385470813326 0
4232 1.770480483518739 1.141196484644774 0
4233 3.177888766002702 0.1206170768876955 0
4234 3.115211767820665 0.2385303431688812 0
4235 3.25213094629267 0.2391577172590368 0
4236 3.17200071201731 0.3566381879317463 0
4237 3.057069034910412 0.3546117516602624 0
4238 1.681839548466359 1.19689950262029 0
4239 1.568537482523165 0.1212815780598345 0
4240 3.113455237348558 1.774219977642273 0
4241 3.006149745933458 0.5361305351678036 0
4242 3.02768479769399 0.5325980191662097 0
4243 3.041305579254761 0.5472429606025553 0
4244 3.049902236107335 0.5310535353206719 0
4245 3.061252887407977 0.5432576531842707 0
4246 0.256061619082146 1.209982191004117 0
4247 0.832896247163218 1.534201432283084 0
4248 1.207099814852596 1.056419318018766 0
4249 3.608350781801069 1.761948027196998 0
4250 1.298852569976719 1.369224422310641 0
4251 1.613218244062969 1.243740149404041 0
4252 3.283029571677823 0.5996287696211282 0
4253 3.292776336951406 0.6144354535680674 0
4254 0.1228100547842368 0.3587153168643378 0
4255 0.244522397701149 0.4285784821951683 0
4256 0.2294517519234807 0.2882757426004654 0
4257 0.1391060823081031 1.637418133920844 0
4258 1.096236643808414 0.1166149250247131 0
4259 3.961681585196354 0.852264261269198 0
4260 3.969007874064048 0.831372543245305 0
4261 3.972628984997139 0.8698051912719733 0
4262 1.594240070196365 1.446144168159825 0
4263 0.1266029474538704 0.6317538765865381 0
4264 1.658669413544368 1.273270265771315 0
4265 1.664589598988704 1.254344986054882 0
4266 3.927133516593943 1.143650170827816 0
4267 3.894032635245588 1.133465246072251 0
4268 3.75570388005686 1.111897782428448 0
4269 3.662234189611645 1.062264960948812 0
4270 3.675854971172383 1.07690990238517 0
4271 3.695348253273824 1.072436430252071 0
4272 3.648613408050828 1.04762001951252 0
4273 3.689475752733101 1.091554843821549 0
4274 3.621371844929512 1.018330136639773 0
4275 3.607751063368579 1.003685195203521 0
4276 3.61362356390902 0.98456678163428 0
4277 3.594130281807829 0.9890402537671751 0
4278 3.60000278234822 0.9699218401979832 0
4279 3.580509500246973 0.974395312330913 0
4280 3.586382000787168 0.9552768987617954 0
4281 3.566888718686263 0.9597503708945385 0
4282 3.598127001867868 0.917040071623588 0
4283 3.61525418528776 1.215212269502454 0
4284 3.634747467388937 1.210738797369499 0
4285 3.528147313583471 0.7909335958676479 0
4286 3.556774338984266 1.228632685901211 0
4287 2.960476033968222 1.223309957733591 0
4288 2.940982751867018 1.227783429866446 0
4289 3.377583239113354 1.163130397947894 0
4290 3.358089957012157 1.167603870080774 0
4291 3.344469175451334 1.152958928644385 0
4292 3.338596674910964 1.172077342213644 0
4293 3.324975893350155 1.157432400777263 0
4294 3.319103392809761 1.176550814346503 0
4295 3.305482611248968 1.161905872910122 0
4296 3.299610110708577 1.181024286479427 0
4297 3.285989329147771 1.166379345042968 0
4298 3.280116828607403 1.185497758612335 0
4299 3.266496047046595 1.170852817175859 0
4300 3.260623546506132 1.189971230744959 0
4301 3.24700276494538 1.175326289308633 0
4302 3.241130264404954 1.194444702877798 0
4303 3.227509482844189 1.179799761441471 0
4304 3.221636982303789 1.1989181750107 0
4305 3.208016200742992 1.18427323357429 0
4306 3.202143700202639 1.2033916471437 0
4307 3.188522918641803 1.188746705707139 0
4308 3.182650418101458 1.207865119276587 0
4309 3.169029636540639 1.193220177839967 0
4310 3.16315713600027 1.212338591409423 0
4311 3.149536354439443 1.197693649972778 0
4312 3.155408854979881 1.178575236403615 0
4313 3.143663853899066 1.216812063542207 0
4314 3.130043072338196 1.202167122105479 0
4315 3.124170571797719 1.221285535674611 0
4316 3.110549790236981 1.206640594238302 0
4317 3.10467728969659 1.225759007807565 0
4318 3.091056508135778 1.211114066371086 0
4319 3.085184007595402 1.230232479940397 0
4320 3.071563226034587 1.215587538503872 0
4321 3.065690725494206 1.234705952073202 0
4322 3.052069943933392 1.220061010636687 0
4323 3.046197443393003 1.239179424205988 0
4324 3.032576661832143 1.224534482769988 0
4325 3.02670416129178 1.243652896339353 0
4326 3.391204020674239 1.177775339384245 0
4327 2.232211792505339 0.8217739137632712 0
4328 3.570395120545082 1.24327762733762 0
4329 3.442425904158276 0.7750641293935809 0
4330 3.456046685719077 0.7897090708299117 0
4331 3.567133877785837 0.7819866516018477 0
4332 3.586627159887059 0.7775131794688888 0
4333 3.270737926207649 0.9210889157386976 0
4334 3.251244644106461 0.9255623878716137 0
4335 3.237623862545692 0.9109174464351832 0
4336 3.514526532022702 0.7762886544311165 0
4337 3.23175136200528 0.9300358600045403 0
4338 3.218130580444484 0.915390918568133 0
4339 3.628874966848557 1.229857210938894 0
4340 3.309724490410007 0.9121419714729756 0
4341 3.594375440907432 0.8112765344744768 0
4342 3.874539353144099 1.137938718205012 0
4343 3.860918571583706 1.123293776768775 0
4344 3.868666852603357 1.157057131774799 0
4345 3.212258079904172 0.9345093321373277 0
4346 3.19863729834333 0.9198643907010443 0
4347 2.676315401671877 0.9686479561447834 0
4348 2.689936183232645 0.9832928975811243 0
4349 2.709429465333873 0.9788194254481801 0
4350 2.703556964793384 0.9979378390174591 0
4351 3.192764797802979 0.9389828042702862 0
4352 3.179144016242174 0.9243378628339696 0
4353 3.94058804073875 1.158246961297866 0
4354 3.959427135739794 1.153487363475631 0
4355 3.574636999706348 0.9935137259002691 0
4356 2.558865390863378 1.351016227529097 0
4357 2.997831976791165 0.983717525599114 0
4358 3.461919186259504 0.7705906572605798 0
4359 2.168083719502562 1.440199686785986 0
4360 2.173176408158789 1.470746192097832 0
4361 2.59222461362602 1.183423977539031 0
4362 2.606090554287293 1.020305199682152 0
4363 2.605845395186764 1.198068918975417 0
4364 2.724926027374404 1.046346135459509 0
4365 2.621832275428755 0.9100681903994808 0
4366 3.428805122597495 0.7604191879571742 0
4367 3.907651219753753 1.148112430084319 0
4368 3.329217772511214 0.9076684993400084 0
4369 3.543153557423303 1.21398774446513 0
4370 2.763912591576798 1.037399191193644 0
4371 3.260868705606813 1.01220751145238 0
4372 3.254751045965828 1.209089644314405 0
4373 2.802899155779197 1.028452246927892 0
4374 3.956029379902501 1.047897263269437 0
4375 3.313230892269387 1.195669227915832 0
4376 3.13428495149942 0.9524032206688691 0
4377 3.14015745203979 0.9332848070996462 0
4378 3.153778233600578 0.9479297485361255 0
4379 2.958845412588732 0.9926644698649421 0
4380 3.461428868058457 1.126118095847191 0
4381 3.185016516782491 0.9052194492647664 0
4382 2.956969632108777 0.9397827012901405 0
4383 3.47504964961923 1.140763037283562 0
4384 3.469177149078867 1.159881450852877 0
4385 3.48867043118008 1.15540797871994 0
4386 3.508163713281254 1.150934506586924 0
4387 3.502291212740891 1.170052920156171 0
4388 2.578603832065231 1.168779036102781 0
4389 3.630183175810455 0.5694903857203497 0
4390 2.545980086604356 0.8030801282124005 0
4391 3.936906880726331 1.052484626804576 0
4392 2.55372836762472 0.8368434832179855 0
4393 3.274734646268133 0.8490887335946663 0
4394 3.075805105195903 0.9658236370675253 0
4395 2.146000317587704 1.161428458005698 0
4396 2.946855252407401 1.20866501629716 0
4397 2.979969316069409 1.218836485600477 0
4398 2.999462598170337 1.21436301346738 0
4399 2.596221333686417 1.111423795395254 0
4400 2.937476350007601 0.9442561734230471 0
4401 3.085919484897071 0.696941322060928 0
4402 3.04693292069471 0.7058882663266842 0
4403 3.163402295100862 1.034574872116677 0
4404 3.231261043804538 1.285563298591815 0
4405 2.510745083361874 0.9177906096277317 0
4406 3.892892332064841 0.5472923196171796 0
4407 2.487500240300723 0.8165005446110727 0
4408 2.491251801260686 0.9222640817606043 0
4409 2.471758519159541 0.9267375538935207 0
4410 3.002073855951955 0.7339536241617406 0
4411 3.027439638593543 0.7103617384595862 0
4412 2.547120389782755 1.389253054667389 0
4413 2.541247889242267 1.408371468236599 0
4414 2.55486867080314 1.423016409672903 0
4415 2.535375388701896 1.42748988180578 0
4416 2.54899617026276 1.442134823242101 0
4417 2.531357012978825 1.455809108602089 0
4418 2.568489452363942 1.437661351109229 0
4419 2.515882106600789 1.43196335393865 0
4420 2.619466176747469 1.212713860411849 0
4421 3.92878017022141 1.374260979410476 0
4422 3.934651517216667 1.3551511564409 0
4423 3.95372131369788 1.350536467189563 0
4424 3.940452305893852 1.336017628841816 0
4425 3.95977967106862 1.331684835473023 0
4426 3.946189865646226 1.317084357678784 0
4427 3.971584500750432 1.347821580014586 0
4428 3.980918636418162 1.328599046588056 0
4429 3.926855711183978 1.321422042649635 0
4430 3.932732242866211 1.302311854954469 0
4431 3.951305190104294 1.298854566465937 0
4432 3.913266153895115 1.306764066872674 0
4433 3.938479219249839 1.28334291609036 0
4434 3.96063915680101 1.279902943248936 0
4435 2.626074154589546 0.6603042889621797 0
4436 3.124415730898485 1.043521816382401 0
4437 3.224003080984843 0.8962725049988711 0
4438 3.931205410099345 0.893982888860959 0
4439 2.331308827532884 1.030052038461167 0
4440 3.210093559702408 1.414587111534711 0
4441 3.36045605569311 0.8649582000690433 0
4442 2.783405873677997 1.032925719060775 0
4443 3.379949337794295 0.8604847279361248 0
4444 3.385576679234185 1.019130033660175 0
4445 3.01732525889232 0.9792440534662383 0
4446 2.180990809226264 1.224481336567252 0
4447 2.200484045388007 1.220007664256615 0
4448 3.625461080044582 0.5905668905800874 0
4449 3.753582940476042 1.236779733147586 0
4450 3.734089658374858 1.241253205280479 0
4451 3.165523234681353 0.9096929213975949 0
4452 2.925731348926755 0.982493000561401 0
4453 2.919858848386313 1.001611414130692 0
4454 2.136621162479407 0.8970230430027337 0
4455 3.646247309369392 1.350265689525224 0
4456 3.816549825040769 0.7958316960172184 0
4457 3.607377428508161 1.409284063931119 0
4458 3.590742946315753 1.417511711346464 0
4459 3.333459651671513 0.6579045979038018 0
4460 2.493372740841154 0.7973821310418359 0
4461 2.512866022942359 0.7929086589089684 0
4462 2.468006958199511 0.8209740167438802 0
4463 3.65799231045013 1.312028862386798 0
4464 3.39944261989551 0.8560112558032122 0
4465 2.189228508242538 0.9027210401733692 0
4466 3.470809360484211 1.39052545989051 0
4467 3.451325883540184 1.394989812567088 0
4468 3.269541164962491 1.401892880509088 0
4469 3.288228245187679 1.397042691178908 0
4470 3.293593833511422 1.377909395720527 0
4471 3.307605165342173 1.392389326703493 0
4472 3.750321697716773 0.775488757410428 0
4473 3.66773573676458 1.398081312915644 0
4474 3.31298573316929 1.373432947209843 0
4475 3.326606514730046 1.388077888646192 0
4476 3.332479015270456 1.368959475076948 0
4477 3.34555437505736 1.383423740198711 0
4478 3.351881393742654 1.364455890224945 0
4479 3.365210760447598 1.377891983540327 0
4480 2.816519937339942 1.043097188364301 0
4481 3.917504430771508 1.056985999360644 0
4482 3.821932007380361 1.132240721035769 0
4483 3.808311225819641 1.11759577959949 0
4484 3.827804507920707 1.113122307466543 0
4485 3.841425289481562 1.127767248902927 0
4486 3.814183726360107 1.098477366030127 0
4487 3.833677008461395 1.094003893896958 0
4488 3.3092341722092 1.267669410060323 0
4489 3.303361671668849 1.286787823629561 0
4490 3.289740890108022 1.272142882193273 0
4491 3.624878246788156 1.301857393083398 0
4492 2.754533689176907 0.7729903483198483 0
4493 2.74091290761612 0.7583454068835391 0
4494 3.015449478412315 0.9263622848914441 0
4495 2.479261641079208 1.13826462819248 0
4496 2.473389140538797 1.157383041761675 0
4497 2.317688045062862 1.015407097129321 0
4498 3.371386709120533 1.359801018551257 0
4499 3.384775280539857 1.373395125207911 0
4500 3.404527796385879 1.369973608941209 0
4501 3.396306820353415 1.389803898233698 0
4502 3.417791729863986 1.384877457113542 0
4503 3.411020911106912 1.399842203576937 0
4504 3.922009675666795 0.6294639710644152 0
4505 2.156114444580588 0.8925495708698761 0
4506 2.161986945120992 0.8734311573006575 0
4507 3.195130896483835 0.6363371342581541 0
4508 3.201003397024255 0.6172187206889592 0
4509 3.181510114923055 0.6216921928218171 0
4510 3.187382615463473 0.6025737792526299 0
4511 3.206875897564673 0.598100307119775 0
4512 3.193255116003924 0.5834553656834242 0
4513 3.214908870228471 0.5769377829264127 0
4514 3.199487695231608 0.5639962670101999 0
4515 3.158634239672415 0.5305318011561621 0
4516 3.173761833902726 0.5879288378162921 0
4517 3.217697323905922 0.5606935282659916 0
4518 3.220340661333418 0.5373065324357876 0
4519 3.185506834983646 0.5496920106778664 0
4520 3.194788258892203 0.5051994647794293 0
4521 3.233272250875165 0.5751177984026781 0
4522 3.247463080265805 0.4586308200278585 0
4523 3.157157482698293 0.4725791399333985 0
4524 3.166048196440865 0.5563188735714121 0
4525 3.649103726250847 0.6920925809257149 0
4526 3.241375423505648 1.016680983585216 0
4527 3.475539967820267 0.7852355986969486 0
4528 3.495033249921472 0.7807621265639525 0
4529 3.500905750462021 0.7616437129946667 0
4530 3.817935287319945 1.204240903179723 0
4531 3.286479647348968 0.8108519064563163 0
4532 3.241620582606145 0.8389172642912077 0
4533 3.542908398323115 1.391751463758969 0
4534 3.556529179883936 1.406396405195266 0
4535 3.537035897782696 1.410869877328163 0
4536 3.550104280760817 1.425882927594203 0
4537 3.221882141404426 1.021154455718083 0
4538 3.208261359843618 1.006509514281714 0
4539 3.104922448797297 1.047995288515257 0
4540 1.982923310168496 0.6302813565893753 0
4541 2.070393035155463 0.8766801043958498 0
4542 3.007946356492352 0.7148352105924949 0
4543 2.165250220118082 1.334718507496807 0
4544 2.178871152068155 1.349363309059516 0
4545 2.151629288168027 1.320073705934064 0
4546 2.132136052006277 1.324547378244688 0
4547 3.498539651780786 1.064289383006514 0
4548 3.518032933881927 1.059815910873611 0
4549 3.53165371544278 1.074460852309903 0
4550 3.5375262159832 1.055342438740818 0
4551 3.551146997543954 1.069987380176975 0
4552 3.545274497003682 1.08910579374628 0
4553 3.888405293805343 0.9748199403479592 0
4554 3.882532793265005 0.9939383539171793 0
4555 3.896153574825862 1.008583295353465 0
4556 3.890281074285541 1.027701708922706 0
4557 2.0567722535947 0.8620351629594991 0
4558 3.117157768079018 0.6542310227896855 0
4559 3.130778549639829 0.6688759642260256 0
4560 2.828755256621689 0.6493329226388617 0
4561 2.835047620955898 0.6303434763789895 0
4562 2.854191016562241 0.6257625314883954 0
4563 2.81513447506092 0.6346879812025155 0
4564 3.315106672749576 1.248550996491078 0
4565 3.380194496894217 0.6827210086435918 0
4566 3.808803074678456 0.5849378106510976 0
4567 2.868636964902178 1.404322624121646 0
4568 2.849143682800989 1.408796096254548 0
4569 2.843271182260587 1.427914509823744 0
4570 2.823777900159389 1.432387981956602 0
4571 2.837398681720164 1.447032923392947 0
4572 2.817905399618957 1.451506395525792 0
4573 2.832700681287826 1.462327654248298 0
4574 2.812032899078498 1.470624809094975 0
4575 2.832427478420922 1.489747761569893 0
4576 3.590378720847269 0.8832767166181476 0
4577 3.327341992031322 0.85478673076527 0
4578 1.994540846331187 0.7696920422085969 0
4579 3.200022760622508 1.328273597863035 0
4580 3.953793086193536 0.8168919065157719 0
4581 3.298224648429759 0.7726150793179071 0
4582 2.789278374218429 1.013807305491526 0
4583 1.945930220628497 0.6919938628941017 0
4584 2.050899753054278 0.8811535765287105 0
4585 2.031406470953089 0.8856270486615628 0
4586 3.200267919722658 1.150509878569084 0
4587 3.593885122706536 1.166803973060548 0
4588 3.599757623246881 1.147685559491436 0
4589 3.586136841685942 1.133040618055114 0
4590 3.60563012378717 1.128567145922236 0
4591 2.781039774997019 1.335571389072894 0
4592 3.923360690661641 1.037862597237994 0
4593 2.12512132049907 0.7574961508477404 0
4594 2.662449461010408 1.131766734002049 0
4595 2.371926949818235 1.251744762822293 0
4596 2.391419567302182 1.247273487390097 0
4597 2.366054129800572 1.27086357929972 0
4598 2.040788513752941 0.617426744480682 0
4599 2.028738842382825 0.6037047623891026 0
4600 3.413063401456262 0.8706561972396076 0
4601 2.965208231329959 0.6180186177087282 0
4602 2.951587449769168 0.6033736762723977 0
4603 2.15524290042812 1.425794499543705 0
4604 2.869617601303995 0.6932677469478625 0
4605 2.883238382864759 0.7079126883842038 0
4606 2.902731664965954 0.7034392162513529 0
4607 2.896859164425516 0.7225576298205532 0
4608 2.877365882324317 0.7270311019533875 0
4609 2.916352446526715 0.7180841576876983 0
4610 2.890986663885091 0.7416760433897467 0
4611 2.922224947067145 0.6989657441184822 0
4612 2.935845728627945 0.7136106855548029 0
4613 2.941718229168349 0.6944922719855933 0
4614 2.94946651018881 0.728255626991108 0
4615 2.871493381783873 0.7461495155225697 0
4616 2.857872600223126 0.7315045740862147 0
4617 2.852000099682677 0.7506229876553832 0
4618 2.838379318121938 0.7359780462190695 0
4619 2.832506817581562 0.7550964597883271 0
4620 2.846127599142402 0.7697414012246603 0
4621 3.428314804396477 1.115946626543705 0
4622 2.396151489435779 0.6419857724129893 0
4623 2.415644771536974 0.6375123002801442 0
4624 2.421517272077409 0.618393886710972 0
4625 2.435138053638174 0.6330388281472292 0
4626 2.441010554178571 0.6139204145780839 0
4627 2.427434517310137 0.5994704494115446 0
4628 2.44698401747374 0.595241949085637 0
4629 2.390278988895359 0.6611041859821515 0
4630 2.809261974520494 0.6538063947717364 0
4631 2.795285556577581 0.6394922191153338 0
4632 2.776088638128156 0.6436900530983087 0
4633 2.781675158697175 0.6251820118240731 0
4634 2.762459708392383 0.6291100886244949 0
4635 2.767166949725408 0.6108774670428834 0
4636 2.729413065635844 0.6188185147285902 0
4637 2.756633513151404 0.6481376029716304 0
4638 1.957675221709309 0.6537570357556973 0
4639 2.861379002082796 1.015031830529242 0
4640 2.874999783643569 1.029676771965566 0
4641 3.132409171019365 0.8995214520941285 0
4642 3.788817943718486 1.122069251732308 0
4643 2.559600868165147 0.8177250696487267 0
4644 2.567349149185534 0.8514884246542797 0
4645 3.91963018436081 0.9321220971208239 0
4646 3.480922150159652 1.12164462371422 0
4647 2.08540095194439 1.299731447429851 0
4648 2.104894188106127 1.295257775119236 0
4649 2.09127325615606 1.280612973556506 0
4650 2.25782273424754 0.6204183087682591 0
4651 2.244201952686772 0.605773367331921 0
4652 2.26262516501843 0.5998284241110191 0
4653 2.223025576937562 0.6109796079524009 0
4654 2.567594308285976 0.6737247053607851 0
4655 2.581215089846764 0.6883696467971188 0
4656 2.600708371947953 0.6838961746642283 0
4657 3.67161309201093 1.326673803823115 0
4658 3.073424776511926 1.446236744261618 0
4659 3.08805731379103 1.455947814785864 0
4660 3.092932731834737 1.440938481717977 0
4661 3.106307911076779 1.456404495676961 0
4662 3.112360738616099 1.436578327083103 0
4663 2.161237282114072 1.406713522181352 0
4664 3.836043107141933 0.7913582238842443 0
4665 2.631966298428385 0.6412241596887115 0
4666 3.060308543155051 0.8982969270564289 0
4667 3.073929324715863 0.9129418684927595 0
4668 3.537281056882988 1.233106158034529 0
4669 3.529532775862378 1.199342803028855 0
4670 3.747710439935648 1.255898146716797 0
4671 3.447808086497663 1.111473154410813 0
4672 3.175637614382627 0.6408106063910387 0
4673 3.167889333362222 0.6070472513855116 0
4674 3.154268551801485 0.5924023099491867 0
4675 3.713456073094282 0.6595537509578893 0
4676 3.707583572554026 0.6786721645270355 0
4677 2.492882422640003 1.152909569628815 0
4678 2.91047994598627 0.737202571256911 0
4679 2.91936853018539 1.357138852717499 0
4680 2.932989311746296 1.371783794153952 0
4681 2.925241030725717 1.33802043914828 0
4682 2.927116811205787 1.390902207723054 0
4683 2.940737592766543 1.405547149159392 0
4684 2.934865092226075 1.424665562728512 0
4685 2.954358374327438 1.420192090595884 0
4686 2.960230874867872 1.401073677026706 0
4687 2.928992591685919 1.443783976297855 0
4688 2.278946637728011 0.8465903245030573 0
4689 2.259453355626838 0.8510637966359915 0
4690 2.292567419288823 0.861235265939564 0
4691 2.312060701389986 0.8567617938066088 0
4692 3.61992008212448 0.6098816585905633 0
4693 3.102801509216799 1.172877239233577 0
4694 3.407190900915869 0.889774610808841 0
4695 3.426684183017067 0.8853011386759617 0
4696 3.482797930639743 1.174526392289327 0
4697 2.715301965874283 0.959701011878997 0
4698 3.079145769857814 1.426978387031866 0
4699 3.157023699355728 1.409151975528199 0
4700 3.838164046721856 0.6664762731655436 0
4701 3.851784828282718 0.6811212146017871 0
4702 3.052315103034129 1.042297291344646 0
4703 3.748445917236631 0.7226069888357669 0
4704 3.472362309186184 1.443256980892307 0
4705 3.798687164319925 1.030950656018137 0
4706 2.746785408156514 0.7392269933143449 0
4707 2.117127880378206 0.9014965151356269 0
4708 3.837183410320897 1.377531150340227 0
4709 3.82356262876009 1.362886208903923 0
4710 2.191104288722496 0.9556028087481199 0
4711 2.185231788182087 0.9747212223173136 0
4712 2.165738506080903 0.9791946944501889 0
4713 3.102556350116585 1.35064095852736 0
4714 3.088935568555796 1.335996017091051 0
4715 3.09480806909618 1.31687760352193 0
4716 3.083063068015387 1.355114430660227 0
4717 3.069442286454608 1.3404694892239 0
4718 3.063569785914197 1.359587902793113 0
4719 3.049949004353418 1.344942961356719 0
4720 3.044076503813006 1.364061374925978 0
4721 3.077190567475031 1.374232844229498 0
4722 3.292352147889361 0.7917334928871183 0
4723 2.607966334767238 1.073186968256914 0
4724 2.935110251326629 1.246901843435777 0
4725 2.915616969225414 1.251375315568605 0
4726 2.921489469765815 1.232256901999268 0
4727 3.619741223549197 0.7876846487716899 0
4728 3.852925131461962 1.267294141057858 0
4729 3.858797632002351 1.248175727488634 0
4730 3.459307928478273 1.251000046566332 0
4731 3.483288248840663 0.8189989537025906 0
4732 3.071808385135321 1.037823819211773 0
4733 1.634469438832349 0.5859877087905878 0
4734 1.637818738198405 0.5708190990275016 0
4735 1.68049208295708 0.5559003065670848 0
4736 1.626881060977692 0.547079977600837 0
4737 1.652556495291521 0.5625871431094137 0
4738 1.599352388823086 0.5482487637191392 0
4739 2.903046822159352 1.468194049377304 0
4740 2.914074322389022 1.492768628083244 0
4741 3.663864810990538 1.292910448817582 0
4742 2.134990541099983 0.6663775551346245 0
4743 3.150026672640599 0.8421662113864812 0
4744 2.615959774888322 0.9291866039687288 0
4745 2.608211493867814 0.8954232489632465 0
4746 3.769569820718154 0.9487790045708132 0
4747 3.783190602278946 0.9634239460071272 0
4748 3.763697320177818 0.9678974181399972 0
4749 3.777318101738594 0.9825423595763427 0
4750 2.499245241381582 0.7782637174726094 0
4751 3.179700121484132 0.5691125418565314 0
4752 3.210627458524594 0.7038638442692197 0
4753 2.1115005389383 0.7428512094114141 0
4754 2.548101026184808 0.6781981774936848 0
4755 2.534480244623994 0.6635532360573814 0
4756 3.893785042085963 1.311230394306552 0
4757 3.899657136949917 1.292112218893986 0
4758 3.135670413778589 1.36081242783078 0
4759 2.479997118380831 0.6049734703121452 0
4760 2.485713727203426 0.5855532301879991 0
4761 3.720468876814063 1.226608263844172 0
4762 3.44968386697765 1.164354922985708 0
4763 3.4438113664373 1.183473336554983 0
4764 2.370295388593108 1.0211050967017 0
4765 2.364422888052685 1.040223510270899 0
4766 2.344929609617346 1.044696979479824 0
4767 2.35855038831169 1.059341923238091 0
4768 3.606120441988361 0.7730397073354709 0
4769 3.358580275213323 0.8120764314939228 0
4770 2.419151173396467 0.9210395567228984 0
4771 2.432771954957236 0.9356844981592534 0
4772 2.438644455497639 0.9165660845900502 0
4773 2.848003379622524 0.8226231697995035 0
4774 2.842130879082108 0.8417415833686961 0
4775 2.822637596980905 0.8462150555015728 0
4776 2.836258378541691 0.8608599969378975 0
4777 2.855751660642896 0.8563865248050249 0
4778 2.816765096440501 0.8653334690707697 0
4779 2.849879160102473 0.8755049383742226 0
4780 2.861624161183308 0.837268111235833 0
4781 2.875244942744088 0.8519130526721699 0
4782 2.881117443284496 0.8327946391029745 0
4783 2.894738224845283 0.8474395805393359 0
4784 2.900610725385688 0.8283211669701285 0
4785 2.914231506946478 0.8429661084065062 0
4786 2.920104007486882 0.8238476948372802 0
4787 2.933724789047664 0.8384926362736786 0
4788 2.939597289588077 0.8193742227044489 0
4789 2.953218071148869 0.8340191641408847 0
4790 2.959090571689274 0.8149007505716278 0
4791 2.972711353250054 0.829545692008066 0
4792 2.978583853790471 0.8104272784388169 0
4793 2.992204635351254 0.8250722198752688 0
4794 2.986332134810783 0.8441906334443515 0
4795 2.998077135891779 0.805953806306174 0
4796 2.929482909886603 1.088256537711077 0
4797 3.284358707768404 0.9357338571751788 0
4798 2.07178001999432 1.28508664586713 0
4799 3.897383448476218 1.417554403955439 0
4800 3.911562352764303 1.43124932736885 0
4801 2.147636696409673 1.392074970037152 0
4802 2.167124282246083 1.387599562209869 0
4803 1.822828452438572 0.9157810467370622 0
4804 2.121369759539204 0.6517326136983072 0
4805 1.94780600110846 0.7448756314688296 0
4806 1.934185219547675 0.7302306900325044 0
4807 1.96142678266923 0.7595205729051596 0
4808 2.925486189826133 1.160256719854957 0
4809 3.934701012942144 1.177343894254511 0
4810 2.021782409452759 0.7989819250812769 0
4811 2.415399612436339 0.8152760195731791 0
4812 2.409527111895923 0.834394433142422 0
4813 2.390033829794723 0.8388679052752891 0
4814 2.429020393997111 0.8299209610095724 0
4815 3.812307945880772 1.045595597454417 0
4816 3.022952600332053 1.137889359190461 0
4817 1.73664252067404 1.255376329307993 0
4818 2.354798826552456 0.9535783866906212 0
4819 2.341178044991651 0.9389334452542739 0
4820 1.670684978499817 1.415548291753611 0
4821 1.689663924497945 1.408323367515619 0
4822 1.695536228709605 1.38920489364229 0
4823 1.709125486164267 1.403711679191193 0
4824 1.715024185788785 1.384708218662698 0
4825 1.728612563396341 1.399211170433448 0
4826 1.734515515615155 1.380226239832739 0
4827 1.748136129842654 1.39486965697558 0
4828 1.754013489101763 1.375773209577698 0
4829 1.767635210605967 1.390421451483027 0
4830 1.761763037986644 1.409540498746797 0
4831 1.781257801094955 1.405073479835923 0
4832 1.77535684090078 1.424067090331832 0
4833 1.787129828883482 1.385953801497561 0
4834 1.800700165301357 1.400583995437937 0
4835 1.806614816738629 1.381478497559919 0
4836 1.793000942659505 1.366835858663066 0
4837 1.812493980415304 1.362362274858933 0
4838 1.826114879297703 1.37700709117272 0
4839 1.756374528547849 1.428190476982497 0
4840 1.771920019214485 1.442632363465562 0
4841 1.750322582797687 1.446257687167942 0
4842 1.704734780304565 1.423552853181105 0
4843 1.79887419170877 1.347717848492376 0
4844 1.81836758534343 1.34324425346554 0
4845 1.779381146088101 1.35219158333507 0
4846 1.720900709177033 1.365608129103382 0
4847 1.7403932230096 1.361131309368899 0
4848 3.458167625299044 0.6648271201117832 0
4849 2.448513676098316 0.8254474888767225 0
4850 1.956940260180285 1.187046707240815 0
4851 1.970561192131724 1.201691508801857 0
4852 2.059829077725766 0.6106597120917759 0
4853 2.298685078929857 0.6643531330772754 0
4854 2.426899454416807 0.9548029117284391 0
4855 2.582355393024991 1.274542573252389 0
4856 2.595976174585818 1.289187514688702 0
4857 2.840009939501638 0.9666235340873516 0
4858 3.465180429018667 1.231881632997131 0
4859 2.374537267754091 0.7713411952641098 0
4860 2.36091648619331 0.7566962538278351 0
4861 2.316057421450481 0.7847616116626073 0
4862 2.302436639889708 0.7701166702263642 0
4863 3.44805324559821 0.9337094351178098 0
4864 3.835797948042152 0.9691219431775681 0
4865 2.86513056304262 1.12079536767884 0
4866 2.845637280941434 1.12526883981173 0
4867 2.87100306358304 1.101676954109648 0
4868 3.334599954850759 1.244077524358197 0
4869 3.539401996463267 1.108224207315437 0
4870 3.558895278564492 1.103750735182726 0
4871 2.132869601519457 0.7912595058532739 0
4872 2.138742102059862 0.7721410922840711 0
4873 2.845392121840988 1.303032559105049 0
4874 1.607946367846109 1.320420268307102 0
4875 2.002397242790011 0.6258284122622144 0
4876 3.890035915184258 1.205465428217338 0
4877 1.956711069994719 1.364872056597548 0
4878 1.950828459372133 1.383945622107327 0
4879 1.963971953278372 1.399460115889064 0
4880 1.98413619534705 1.393934738866178 0
4881 2.793520253379245 0.7640434040541055 0
4882 2.787647752838882 0.7831618176233157 0
4883 3.61949606444938 0.9654483680650523 0
4884 2.372171169394725 1.073986865061416 0
4885 1.941199671072964 1.29728387816916 0
4886 3.767203722036853 1.2514246745839 0
4887 2.021537250352211 0.9767456443746856 0
4888 2.03515803191299 0.991390585811009 0
4889 2.089886317256649 0.8722066322629518 0
4890 2.638714299748326 1.386004107572228 0
4891 2.625093518187537 1.371359166135894 0
4892 2.828019779320226 1.182624080519315 0
4893 1.99005442829378 1.197217836490846 0
4894 2.003675360243901 1.211862638053504 0
4895 2.110766492317801 1.276139301245892 0
4896 2.124387424267867 1.290784102808614 0
4897 3.003949636432008 0.78683539273655 0
4898 1.977148888113432 0.6493029313787837 0
4899 3.718593096334032 1.173726495269446 0
4900 2.79515087475885 0.9946888919223005 0
4901 2.943348850547987 0.9251377598537817 0
4902 3.299381848682375 1.358788501836456 0
4903 3.528392472683016 0.6131698765744897 0
4904 3.514473463902507 0.5988023065317618 0
4905 3.495253767478228 0.6031538485457988 0
4906 3.50231936151063 0.5816709355252225 0
4907 3.534374627978052 0.5909479392399445 0
4908 3.250754325905749 1.28108982645896 0
4909 2.341654463383942 0.5834591452866236 0
4910 2.328847762488023 0.5701247914805246 0
4911 3.758315137836908 0.631488393122703 0
4912 2.8101571185986 1.417743040520268 0
4913 3.013328538831757 1.051244235610384 0
4914 3.220527212927653 0.6126672560709303 0
4915 3.449929026078225 0.986591203692449 0
4916 3.375952617733877 0.9324849100801625 0
4917 2.48513414161964 1.119146214623286 0
4918 3.712085805691908 1.422529538743746 0
4919 3.710159870976606 1.464433492696744 0
4920 3.735924266896896 1.473124412581196 0
4921 1.786246981702001 0.6220015822140379 0
4922 1.805728114767399 0.6175418772424917 0
4923 1.792273308478122 0.603537905893259 0
4924 1.811753263585603 0.5990838151642777 0
4925 2.339057116112397 1.063815388731226 0
4926 1.759887481104966 1.356662306153451 0
4927 2.239470517711472 1.211060319635356 0
4928 2.233598213499833 1.230178793508701 0
4929 2.247219145449921 1.24482359507141 0
4930 2.227725909288202 1.249297267382054 0
4931 2.241346841238279 1.263942068944767 0
4932 2.214104977338105 1.234652465819343 0
4933 2.208232673126457 1.253770939692699 0
4934 2.219977281549744 1.215533991945981 0
4935 2.194611741176358 1.23912613812998 0
4936 2.471513360058888 1.104501273186935 0
4937 3.03045572225224 1.349416433489689 0
4938 1.672290346559062 1.287915073122829 0
4939 2.428775234896702 1.007684680303157 0
4940 3.665144031086746 1.416293903849848 0
4941 3.157284635459999 1.231457004979094 0
4942 2.424533596694737 1.25744855710806 0
4943 3.773321381678418 1.054542541720281 0
4944 3.278241048127427 1.132615990037583 0
4945 3.626754027268188 1.354739161658146 0
4946 3.659868090930202 1.364910630961528 0
4947 3.679361373031396 1.360437158828624 0
4948 2.067784039309376 1.357086869049867 0
4949 2.061911735097706 1.376205342923212 0
4950 2.075481166893329 1.390625741667951 0
4951 2.056376361116709 1.394965058808073 0
4952 2.070531296563922 1.409596819005193 0
4953 2.050500230744198 1.414001939806603 0
4954 2.084635426041551 1.424013272834226 0
4955 2.56710399008493 1.029252143947944 0
4956 2.553483208524161 1.014607202511611 0
4957 2.533989926422962 1.019080674644466 0
4958 2.539862426963384 0.9999622610752719 0
4959 2.559355709064567 0.9954887889424076 0
4960 2.545734927503789 0.9808438475060857 0
4961 2.56522820960496 0.9763703753731967 0
4962 2.578848991165752 0.9910153168095058 0
4963 2.551607428044206 0.96172543393682 0
4964 2.572976490625349 1.010133730378733 0
4965 2.592469772726527 1.005660258245798 0
4966 2.670197742030783 1.165530089007576 0
4967 1.755290755675194 0.842036092052781 0
4968 2.775412433557089 1.176926083348728 0
4969 1.931574719768305 1.210638853472365 0
4970 1.992665065851251 0.7168102736338897 0
4971 2.132624442418939 0.9690232251467188 0
4972 2.146245223979709 0.9836681665830451 0
4973 3.061939164534433 1.128942414924688 0
4974 3.450174185178683 0.808827484399129 0
4975 2.103507098817432 0.8868515736992849 0
4976 3.736210597955457 1.116371254561567 0
4977 3.72258981639476 1.101726313125186 0
4978 3.171640894322224 0.7128107885350001 0
4979 1.932309439067704 0.6773489214577746 0
4980 2.048291196021081 1.361562253237078 0
4981 2.572830860827696 0.599515795856069 0
4982 3.206385579363659 0.953627745706825 0
4983 2.681942743111595 1.127293261869166 0
4984 2.687815243651998 1.108174848299962 0
4985 2.239227184080175 1.388824041436951 0
4986 2.252848116030252 1.40346884299967 0
4987 2.246975811818597 1.422587316873005 0
4988 2.258720420241906 1.384350369126319 0
4989 3.050439322554202 0.98941552276982 0
4990 3.726586536455633 1.029726130980607 0
4991 2.180744272475311 1.40224407451978 0
4992 3.966951304865402 0.7249386485005571 0
4993 3.978380332472797 0.7414378091995731 0
4994 2.520369144862202 1.004435733208124 0
4995 2.514496644321771 1.023554146777314 0
4996 2.457892578498133 1.089856331750584 0
4997 2.44427179693737 1.075211390314238 0
4998 3.769324661617433 1.12654272386501 0
4999 1.74513800775705 0.7558348058362361 0
5000 1.750999584396749 0.7367265522301869 0
5001 3.373586519053117 1.235130580092395 0
5002 3.367714018512738 1.25424899366162 0
5003 3.499029969981667 0.7087619444198328 0
5004 1.918198339305869 1.018231418608217 0
5005 1.912325838765471 1.037349832177412 0
5006 1.925946620326245 1.051994773613733 0
5007 1.898705057204683 1.022704890741085 0
5008 1.892832556664272 1.041823304310278 0
5009 1.879211775103493 1.027178362873947 0
5010 1.873339274563072 1.046296776443147 0
5011 1.8597146241545 1.031648529757531 0
5012 1.853845992461896 1.050770248576006 0
5013 1.86746677402822 1.065415189990135 0
5014 1.834298771718768 1.055172598909946 0
5015 2.206356349599657 1.200889190383246 0
5016 2.212228653811318 1.181770716509896 0
5017 2.017540530289963 1.048745826519778 0
5018 2.023413030831831 1.029627412949583 0
5019 2.042906312933265 1.025153940816557 0
5020 2.779409153617511 1.104925901204828 0
5021 2.27919179682866 0.6688266052101242 0
5022 2.273319296288237 0.6879450187792916 0
5023 3.079311507055154 1.24935089351014 0
5024 3.319348551910351 0.9987870950537625 0
5025 3.33884183401144 0.9943136229208239 0
5026 2.697194146051866 1.372583691173612 0
5027 2.703066646592271 1.353465277604422 0
5028 2.710814927612644 1.38722863260994 0
5029 2.730308209713844 1.382755160477063 0
5030 2.724435709173459 1.401873574046257 0
5031 2.751922431395477 1.253399737625531 0
5032 2.76554321295626 1.268044679061859 0
5033 1.63803714733319 0.6915667048481275 0
5034 2.601848675126203 1.270069101119504 0
5035 2.152117724520124 0.9645497530138538 0
5036 2.945714949228759 0.6224920898416197 0
5037 2.932094167667951 0.6078471484053036 0
5038 2.937966668208363 0.5887287348360821 0
5039 2.912600885566759 0.6123206205381964 0
5040 2.918536346851984 0.593476560205963 0
5041 2.899053558208275 0.5979957578783264 0
5042 2.923184344096226 0.5745158725911342 0
5043 2.942881613809217 0.5694884323130021 0
5044 3.381334800073554 1.268893935097938 0
5045 3.394955581634393 1.283538876534229 0
5046 1.931315227237428 1.388018774274202 0
5047 3.917737268512287 0.8792462183223321 0
5048 3.480676991059504 1.299408343008142 0
5049 2.731043687015375 0.8494640025967337 0
5050 3.108919168857751 0.9759951063712544 0
5051 2.000168187771077 0.9283373479328185 0
5052 2.366298668994268 1.093105278561472 0
5053 2.150241944040174 0.9116679844391002 0
5054 1.988668345790773 0.7888104557778024 0
5055 2.002289127351562 0.8034553972141505 0
5056 2.759670712415856 1.287163092631062 0
5057 2.625338677287966 1.193595446842549 0
5058 3.479046369679601 1.068762855139433 0
5059 3.178653698041304 1.279865301421248 0
5060 3.172781197500906 1.298983714990425 0
5061 3.192274479602127 1.294510242857547 0
5062 2.514986962522796 0.6680267081902587 0
5063 2.660573680530435 1.078884965427323 0
5064 2.646952898969645 1.064240023991022 0
5065 3.447562927397508 1.289236873704739 0
5066 1.922195059366323 0.9462312364642902 0
5067 2.708939147132669 1.334346864035216 0
5068 3.418935901996688 0.8515377836703819 0
5069 3.890771392484975 0.6721742703358264 0
5070 2.003919748729817 1.03410088508303 0
5071 3.139912292939136 1.111048526393147 0
5072 1.873095008198571 1.224059874206679 0
5073 1.921706434910533 1.301757550480632 0
5074 2.245099488291823 1.369705567563599 0
5075 2.77516727445662 1.354689802642097 0
5076 3.910019515486476 0.8454645174963585 0
5077 2.425268833037279 0.7241574238601802 0
5078 2.438889614598064 0.7388023652964859 0
5079 2.947590729708763 0.6753738584163644 0
5080 2.667831643349889 1.468175759019597 0
5081 2.688499425559141 1.459878604172872 0
5082 2.693393176009471 1.443946592865201 0
5083 2.706977170462362 1.458646246956488 0
5084 2.712749826914018 1.43990709314304 0
5085 2.69963710136982 1.481363120705434 0
5086 2.859503221602827 0.9621500619544796 0
5087 3.063814945014385 1.181824183499264 0
5088 2.075776000679197 1.21308642268437 0
5089 3.792569504678412 1.227832788881815 0
5090 2.717668064555065 0.6570553418670144 0
5091 2.276825698147603 0.9714722752221128 0
5092 2.29044647970837 0.9861172166584398 0
5093 1.84424372065306 0.9641325943122665 0
5094 1.850119852808724 0.9450154256291602 0
5095 3.148396051261038 0.6115207235184049 0
5096 2.146490383080241 0.8059044472896039 0
5097 2.769539933016687 1.19604449691793 0
5098 2.750046650915496 1.200517969050809 0
5099 1.721880056015078 0.6545569327754367 0
5100 2.594835871407551 0.7030145882334529 0
5101 2.407161043197811 1.137040087915926 0
5102 2.041275691553944 0.7945084529484164 0
5103 2.874509465442569 1.385204210552428 0
5104 2.572486172424341 1.365661168965346 0
5105 3.572270901025011 1.296159395912891 0
5106 2.058893193175175 0.7371532122408165 0
5107 2.072513974735941 0.7517981536771499 0
5108 2.673949302990729 1.271293626157021 0
5109 2.679821803531132 1.252175212587824 0
5110 2.885114163344811 0.760794456958977 0
5111 1.746266885703899 1.342018790865873 0
5112 2.210842729924212 0.7733656173217394 0
5113 3.417309728379731 0.6209116770586464 0
5114 3.423178522450563 0.6017771124431825 0
5115 3.44267118680682 0.5973009484692029 0
5116 3.428240914911623 0.5835702926929562 0
5117 3.447687222238323 0.5794723409518698 0
5118 3.461304609224332 0.5938414971705903 0
5119 3.409701944096524 0.5866451595565338 0
5120 3.404098371326415 0.6064160391285867 0
5121 2.130993821039506 0.7383777372785493 0
5122 2.598342273266924 0.9865418446765155 0
5123 3.911647068922174 1.076109063000402 0
5124 3.711335133514573 0.7844357016761828 0
5125 2.656576960470003 1.150885147571248 0
5126 2.29395424551179 1.26963952588621 0
5127 2.274461009350056 1.274113198196851 0
5128 3.836288266241563 0.6135945045908108 0
5129 1.66829436480478 1.35991529052219 0
5130 3.001338378650638 1.267244782042553 0
5131 2.860888683881771 1.370559269116104 0
5132 3.876660292724666 1.013056767486392 0
5133 3.863039511163834 0.998411826050109 0
5134 1.914691937446478 0.7347041621653789 0
5135 1.920564437986884 0.7155857485961786 0
5136 2.126263747794593 1.343665852118026 0
5137 3.615499344388753 1.037448550209161 0
5138 2.130259728479516 1.271665628935247 0
5139 2.561721807745577 0.6928431189300122 0
5140 2.691566804611939 1.213938385449431 0
5141 2.685694304071538 1.233056799018629 0
5142 3.888650452905098 0.7970562210545593 0
5143 3.908143735006262 0.7925827489216136 0
5144 3.2066307384642 0.7758640264131617 0
5145 3.200758237923798 0.7949824399823389 0
5146 3.181264955822617 0.7994559121152141 0
5147 3.738576696636271 0.8137255845488285 0
5148 2.311815557464927 1.034525498073611 0
5149 3.865160450743831 0.8735298753314809 0
5150 3.765818259757932 0.8430154674213975 0
5151 3.785311541859051 0.8385419952885118 0
5152 2.512620863841864 0.9706723782025934 0
5153 2.811137755000463 0.7066881633464691 0
5154 2.805265254460033 0.7258065769156674 0
5155 1.865143976452531 1.368004612307722 0
5156 1.845657278324936 1.372468905513678 0
5157 2.202360368914798 1.272889413566046 0
5158 1.947071975281793 1.278165404299308 0
5159 1.73947064270231 0.774897294259808 0
5160 2.405775550936112 0.7286308959930321 0
5161 3.563137157725399 0.8539868337458506 0
5162 3.582630439826602 0.8495133616129573 0
5163 1.67894288167667 0.7354845179962493 0
5164 1.963525746898581 0.6346651816351232 0
5165 2.504848647899214 1.415367246882588 0
5166 1.819914672094043 1.394936974578378 0
5167 1.839454152663771 1.390180741955456 0
5168 3.800808103900046 0.9060687052995098 0
5169 1.945195651748677 1.225283654997738 0
5170 2.777533373137571 1.052044132630034 0
5171 2.744419309475603 1.041872663326556 0
5172 1.943564121947463 0.9946395329061468 0
5173 1.929943340386684 0.9799945914698158 0
5174 1.924070839846276 0.999113005039015 0
5175 2.204725070283265 0.9702477501844379 0
5176 2.198852569742854 0.9893661637536244 0
5177 3.110794949337699 1.028876874946042 0
5178 3.706848095253235 1.21196332240787 0
5179 2.809016815420114 0.8315701140652402 0
5180 1.628445543909308 0.6049722377650677 0
5181 2.804284618058193 1.436861454089461 0
5182 3.089916204957437 0.6249411399170275 0
5183 3.527411836282242 1.32422475374789 0
5184 2.649318997650678 0.761594353978762 0
5185 2.643446497110269 0.7807127675479516 0
5186 2.657067278671042 0.7953577089842925 0
5187 2.676560560772234 0.7908842368514312 0
5188 2.670688060231837 0.8100026504206206 0
5189 3.116177131677406 1.365285899963681 0
5190 3.722344657294088 1.279490032418898 0
5191 1.955309123028288 0.9564027057677531 0
5192 1.955554282128821 0.7786389864743641 0
5193 2.316302580551114 0.6069978923696868 0
5194 2.302826889795592 0.5929851882454119 0
5195 2.00767131582324 1.139862653788878 0
5196 2.02716470343055 1.13538937322863 0
5197 3.531898874543338 0.8966971330171249 0
5198 3.477415748300256 0.8381173672717811 0
5199 3.648858567151031 0.869856300218964 0
5200 3.662479348711843 0.884501241655266 0
5201 3.668351849252183 0.8653828280860594 0
5202 3.681972630812973 0.8800277695223588 0
5203 3.674224349792493 0.8462644145168026 0
5204 2.350315259630831 1.381101133573146 0
5205 2.344442271255392 1.400217060380159 0
5206 1.980429718235921 1.110574415953229 0
5207 1.677020991272302 0.6826222906103731 0
5208 1.815349746460573 0.7041897542550051 0
5209 3.743713719875319 1.32789832886073 0
5210 3.757334501436124 1.342543270297041 0
5211 3.776827783537308 1.338069798164147 0
5212 3.770955282996921 1.35718821173336 0
5213 3.790448565098116 1.352714739600488 0
5214 3.765082782456539 1.376306625302588 0
5215 3.745589500355349 1.380780097435483 0
5216 1.824240193114405 1.324125890243312 0
5217 1.986547406210299 0.9136924064964853 0
5218 2.006040688311485 0.9092189343636194 0
5219 3.857167010623466 1.017530239619326 0
5220 2.058402846722293 1.092680396956191 0
5221 2.05253060525855 1.111798037369838 0
5222 2.284329294246594 1.182994501140731 0
5223 2.290201598458246 1.163876027267382 0
5224 2.303822530408326 1.178520828830097 0
5225 2.309694834619981 1.15940235495675 0
5226 2.323315405149026 1.174047492672282 0
5227 2.317443402121568 1.193165686418285 0
5228 2.331064384269009 1.20781044129311 0
5229 2.336936240093296 1.1886923844588 0
5230 2.342808562598269 1.169575862494023 0
5231 2.025044919932388 1.260270715052308 0
5232 2.600463212847561 0.861659893957634 0
5233 3.428069645296319 1.293710345837646 0
5234 2.118515120056196 1.309902576681974 0
5235 3.247247924046023 0.9975625700159765 0
5236 3.188277759541761 1.366510425001313 0
5237 2.097145560367686 1.261494499683149 0
5238 2.328944612880676 1.332692483310087 0
5239 2.201218668423903 0.6867204937415675 0
5240 3.547395436584599 0.9642238430274894 0
5241 3.553267937124663 0.9451054294583443 0
5242 2.136376239485878 1.0747864892618 0
5243 2.155869252708192 1.070312930379522 0
5244 2.149997097521452 1.089430269765438 0
5245 2.512375704741202 1.148436097495954 0
5246 2.355260168789293 0.5980526151469987 0
5247 3.665985750570814 1.168028498098797 0
5248 1.715451530131131 1.207746499982316 0
5249 2.761791651996307 1.16228114191241 0
5250 2.434402578330642 1.16632998551222 0
5251 3.720959195015259 0.871080825256469 0
5252 3.71508669447492 0.8901992388257132 0
5253 2.276580661540715 1.14923123032484 0
5254 2.530238365463074 0.9133171374948592 0
5255 2.4672718193884 1.354265278596573 0
5256 2.335550703551683 0.7802881395298039 0
5257 1.951557562068372 0.8506391686182966 0
5258 1.932064279967185 0.8551126407511646 0
5259 3.446177465118244 0.8808276665430759 0
5260 3.103291827417844 0.8173498006467301 0
5261 2.288570699228427 0.9332354480837142 0
5262 1.937936780507593 0.8359942271819668 0
5263 1.918443498406407 0.840467699314828 0
5264 1.912570997865997 0.8595861128840252 0
5265 1.898950216305219 0.8449411714476882 0
5266 1.893077715764809 0.8640595850168872 0
5267 3.315842150050676 0.7152598386104434 0
5268 2.386037109734414 0.9108680874193844 0
5269 2.540352745164375 0.6444348224881666 0
5270 2.464255397239646 0.7152104795944261 0
5271 2.483748679340833 0.7107370074615413 0
5272 2.656822119570608 0.9731214282777503 0
5273 1.996416626811153 0.8225738107833576 0
5274 1.681915296758402 1.374560092081151 0
5275 2.652825399510056 1.045121610421797 0
5276 2.633332117408828 1.049595082554782 0
5277 2.666446181070839 1.059766551858125 0
5278 2.019661469872264 0.9238638757999524 0
5279 1.717149216746675 1.259849685116727 0
5280 1.711276837058241 1.278967810261587 0
5281 2.430406120482839 1.23833023285383 0
5282 1.834843028561761 0.6997162821221345 0
5283 2.563597588225566 0.7457248875047503 0
5284 2.544104306124382 0.7501983596376327 0
5285 2.397536951714658 1.050394979574381 0
5286 2.790663836497409 1.422216512653145 0
5287 3.960234139252234 0.6197120880650429 0
5288 3.95393279306158 0.6391744823954931 0
5289 3.914016235546554 0.7734643353523666 0
5290 2.268588705138404 1.293231672070204 0
5291 2.964963072229643 0.7957823370023337 0
5292 2.908604165506386 0.6843208026821268 0
5293 2.8050200953597 0.9035702962091672 0
5294 1.773508016407298 1.371306368451646 0
5295 3.459798246679013 0.8954726079794009 0
5296 1.885084275643897 1.008059949304747 0
5297 3.937410409721388 0.6969612461069238 0
5298 3.956098131643392 0.6922395887197881 0
5299 1.582954381861483 0.6331258885058541 0
5300 1.562131245526973 0.6399244950214394 0
5301 1.558126363143893 0.6583445139429636 0
5302 2.777778532238128 0.8742804133365147 0
5303 2.797271814339305 0.8698069412036451 0
5304 2.528607744083599 0.6826716496265757 0
5305 2.079772217802887 1.141086382862013 0
5306 1.940057720088084 0.7111122764633022 0
5307 2.529748047261835 1.268844576081748 0
5308 2.635698216089899 0.7469494125424336 0
5309 2.616204933988715 0.751422884675307 0
5310 2.461644139457992 1.195619868900044 0
5311 2.701436025212777 1.122819789736294 0
5312 2.694178062393449 0.7335289961438316 0
5313 3.239254483925048 1.141562934303371 0
5314 2.235963353465269 0.9275374509131188 0
5315 1.624414098886362 0.6769238717684499 0
5316 2.442886334658495 0.6668021831526076 0
5317 2.839519621300572 1.322150972674242 0
5318 2.649073838550296 0.9393580732721571 0
5319 2.462379616759679 0.6623287110197087 0
5320 3.445687146917471 1.236355105130016 0
5321 3.859533109303192 0.714884569607293 0
5322 3.286754644776136 0.6331658004920964 0
5323 3.286234488248375 0.9886156257501956 0
5324 3.751462000895738 1.361661683866263 0
5325 2.58871821176666 0.8998967210961402 0
5326 2.282209637088491 1.30787647363291 0
5327 2.249095468976667 1.297705344380844 0
5328 2.483503520240307 0.8885007267550362 0
5329 3.805945127138969 1.420241449611535 0
5330 3.800072626598577 1.439359863180732 0
5331 2.194855849682387 1.061366345897494 0
5332 3.539156837363045 1.285987926609478 0
5333 3.875274830443912 0.6046475603249065 0
5334 3.906267954525954 0.7397009803468318 0
5335 3.88677467242479 0.7441744524797991 0
5336 2.684063682692136 1.00241131115043 0
5337 1.925702415458736 1.229757327466406 0
5338 2.738056490734261 1.416518515482582 0
5339 3.821686848280035 1.310004440329183 0
5340 3.815814347739662 1.329122853898399 0
5341 3.829435129300473 1.34376779533471 0
5342 1.846093197785754 1.017003037446313 0
5343 1.848463810122541 0.7143612235584639 0
5344 1.867957092223727 0.7098877514255899 0
5345 3.482552771539517 1.3522901115829 0
5346 2.967084011809954 0.6709003862834783 0
5347 1.582694773327916 1.343974703959414 0
5348 2.126997100979052 0.8103779194224738 0
5349 1.578458642942767 1.414126874894567 0
5350 3.573006378326385 0.7628682380324006 0
5351 2.72634200966184 1.454552262259222 0
5352 1.87945693420403 0.8494146435805565 0
5353 2.933479629947061 1.016256355567074 0
5354 3.227264323744154 1.357563480735728 0
5355 1.869099029296413 1.29606009519176 0
5356 3.46942230817936 0.9821177315595451 0
5357 1.941688341467511 0.9417577643314213 0
5358 2.171122524329751 1.315600033623392 0
5359 1.98018614339726 1.288336533546901 0
5360 1.966565211446495 1.27369173198503 0
5361 1.99967937955899 1.283862861236285 0
5362 2.403654611355544 0.8535128467117091 0
5363 2.370540547693527 0.8433413774083145 0
5364 2.687570084551514 1.285938567593337 0
5365 1.630286221612426 0.6578058095920249 0
5366 3.74183793939527 1.275016560286004 0
5367 3.728217157834476 1.260371618849694 0
5368 3.714596376273669 1.245726677413376 0
5369 3.276120108547239 1.257497940756917 0
5370 3.020585985790523 1.439787647960922 0
5371 2.915862128325834 1.073611596274728 0
5372 2.345174765052008 0.8669332631103903 0
5373 2.331553983491197 0.8522883216738999 0
5374 1.897074435825261 0.7920594028729704 0
5375 2.884869004244415 0.938558176252399 0
5376 2.904362286345602 0.9340847041195337 0
5377 3.149781513540078 1.019929930680307 0
5378 1.935327366861667 1.316402352042057 0
5379 3.167399015161276 0.9625746899726517 0
5380 1.694638492893516 0.6252670499027846 0
5381 3.003214159130669 1.320126550617272 0
5382 2.012158347952438 0.7123368015010234 0
5383 1.998292407291119 0.8754555793580845 0
5384 2.530483524563595 0.7355534182013073 0
5385 3.785556700958652 0.6607782759951915 0
5386 2.779258762984283 1.460044927596505 0
5387 1.916701287681739 0.6099507329047907 0
5388 1.922511869697862 0.5897897664378917 0
5389 2.218751216544619 0.630339548562827 0
5390 2.019416438950544 1.101627238294643 0
5391 2.528362584983082 0.8604353689201 0
5392 1.869832872703699 0.7627695200003122 0
5393 2.856891963821413 1.442559451260083 0
5394 3.080046984356693 0.7160597356301655 0
5395 1.910695217386038 0.8067043443092992 0
5396 2.159621249537791 1.176073259568428 0
5397 2.321438866020282 1.121169325572183 0
5398 2.307817861978912 1.106524268962211 0
5399 2.198364388229922 1.344889636748828 0
5400 3.935431473781664 0.6440319349236765 0
5401 3.969164797768333 0.6533724900561628 0
5402 2.249829294126618 0.7644186730559639 0
5403 1.92619177942678 0.8742310543203631 0
5404 1.906698497325592 0.8787045264532252 0
5405 2.713671344494606 0.7290555240109426 0
5406 2.71130524581362 1.031701194023141 0
5407 1.735500837575859 0.669201874211764 0
5408 2.306188200849627 0.8758802073760077 0
5409 3.070422922856249 0.6294146120498932 0
5410 1.73737698218585 0.7220833041210497 0
5411 1.731519835794769 0.7411874372976006 0
5412 3.557509816285332 0.6953415280210821 0
5413 3.685724191773334 0.9857913066717172 0
5414 2.41678498425394 1.22368449887669 0
5415 2.389542790430545 1.194393776559767 0
5416 2.483013202041333 1.244028165341591 0
5417 2.15399350500006 1.017431521588507 0
5418 3.288355427828933 0.8637336750309836 0
5419 3.226124020565391 0.7713905542802686 0
5420 2.738546808935181 1.060991076895835 0
5421 1.877581153724074 0.7965328750058364 0
5422 3.666476068771962 0.8125010595112612 0
5423 1.785253639524377 1.333073197173876 0
5424 2.44451695603794 0.8974476710208028 0
5425 1.756870324975374 0.7176097755439399 0
5426 3.407436060016125 0.7120108915152695 0
5427 1.649779440744553 0.6533323960246196 0
5428 2.538231805583984 0.7693167732068358 0
5429 2.557725087685169 0.7648433010739535 0
5430 3.013818857032734 0.6957167970232528 0
5431 1.873829592764133 0.6907693378563896 0
5432 2.077652324205955 1.26596817199378 0
5433 1.707280660485799 1.35096717617473 0
5434 2.633822435609931 0.6940676439677088 0
5435 3.585891682585808 1.310804337349199 0
5436 3.566398400484618 1.315277809482126 0
5437 2.208721790343714 0.8982475680404395 0
5438 2.845882440042053 0.9475051205181531 0
5439 2.442641175557924 0.844565902445973 0
5440 2.822147278779828 1.201742494088518 0
5441 2.406915799217451 1.31480341037208 0
5442 1.874971330215343 1.276941625377491 0
5443 2.711550404914197 0.8539374747295969 0
5444 2.283188516889163 0.5968264230662087 0
5445 1.809178180247417 0.9011380941286458 0
5446 2.019172615720734 1.279389188925648 0
5447 3.397321680315065 0.9808932065219491 0
5448 2.841885719981642 1.019505302662103 0
5449 3.906020563321967 0.917466775647668 0
5450 1.821222247000981 0.6850713406858068 0
5451 1.827094747541385 0.6659529271166078 0
5452 2.629580556449054 0.9438315454050952 0
5453 1.799608025319334 0.814426763537311 0
5454 2.267201636647275 0.8848271516418317 0
5455 2.736916187555778 0.8303455890275335 0
5456 3.546905118383442 1.319751281615022 0
5457 1.846342870542069 0.8392431742770983 0
5458 2.880627125083379 1.18832207768992 0
5459 2.867006343522587 1.173677136253587 0
5460 2.532359305043564 0.7884351867760755 0
5461 2.18947366734307 0.7249573208799474 0
5462 3.639402314138316 0.6054016413095441 0
5463 3.178898857141505 1.102101582127359 0
5464 2.620201654049143 0.6794227025313615 0
5465 3.119033548559059 0.7071127913644243 0
5466 2.988698233491621 0.5415449634319538 0
5467 2.047148192094348 0.7753900393792158 0
5468 2.743928991274647 1.397400101913381 0
5469 3.36958979899279 1.30713076223636 0
5470 1.742799519976245 1.413316354117762 0
5471 2.188739436964708 1.258244612003335 0
5472 1.802870694263769 1.275717835291656 0
5473 1.891201935284854 0.8111778164421652 0
5474 2.987962756190123 1.074836121312438 0
5475 2.074389755215894 0.8046799222518889 0
5476 1.928312719007263 0.7493491036017055 0
5477 2.199097728843422 0.8116024444601078 0
5478 1.863718080591807 0.9596526358268624 0
5479 3.393079801154301 1.230657107959491 0
5480 1.763884222211923 1.284665179768657 0
5481 1.770491116650879 0.7322547075728951 0
5482 3.660603568231648 0.8316194730804988 0
5483 2.789523533318929 0.8360435861981119 0
5484 2.308063981329615 0.9287619759508297 0
5485 2.302191480789211 0.9478803895200151 0
5486 3.010067296072742 0.5899532598737863 0
5487 2.620937443962666 1.443019594255701 0
5488 2.601417602834072 1.447436440717886 0
5489 2.594150050623745 1.480349331429975 0
5490 2.581815754249128 1.454473245504439 0
5491 2.576237733384334 1.471424706114757 0
5492 2.607476016566335 1.428714406843464 0
5493 2.566456712308662 1.456318460843632 0
5494 2.549251530717606 1.481947869990825 0
5495 3.088040424477524 0.5720593713423602 0
5496 3.094141126645043 0.5527468565011435 0
5497 3.068547142376327 0.5765328434752216 0
5498 3.080634049697434 0.5381509256386106 0
5499 2.561476648645105 0.8706068382235055 0
5500 2.547855867084298 0.8559618967872004 0
5501 2.265080706343974 1.009709091591683 0
5502 3.196271199662341 1.222510060713245 0
5503 3.256871985546206 1.084207693595856 0
5504 3.650979506731026 0.7449743495002947 0
5505 2.90974446868506 1.270493729137748 0
5506 2.923365250245935 1.285138670574123 0
5507 2.917492749705468 1.304257084143136 0
5508 1.554389558965245 1.365902006465969 0
5509 2.705187586172724 1.228583326885758 0
5510 3.925426050602328 0.9130505691853925 0
5511 2.325926642051363 0.6936430159498588 0
5512 2.345419924152548 0.6891695438169856 0
5513 2.351292424692959 0.6700511302478271 0
5514 2.690181342333022 0.8055291782877513 0
5515 1.918688657506914 0.6627039800214447 0
5516 3.165768393781835 0.7319292021042032 0
5517 3.695103094172487 1.25020014954627 0
5518 2.57110071014539 0.9572519618038138 0
5519 2.322330309733622 0.5882209958305409 0
5520 2.308070566599064 0.5739898463263385 0
5521 2.216470071364072 0.9320109230460174 0
5522 2.230090852924857 0.9466558644823342 0
5523 1.917761638176123 1.373615175575212 0
5524 1.993807075347342 1.302981335109614 0
5525 1.987934771135681 1.322099808982956 0
5526 2.048534136779057 1.183796819558938 0
5527 2.631701496029503 0.8189495946863361 0
5528 1.951802721168902 0.6728754493249004 0
5529 2.740177430314671 1.291636564763934 0
5530 3.278731366328559 0.7770885514508019 0
5531 2.03540319101353 0.8136268665176212 0
5532 3.011452758351807 0.9983624670356557 0
5533 2.642711019808752 1.314003925428295 0
5534 2.623217737707565 1.318477397561171 0
5535 2.181725386322713 0.6911939658744237 0
5536 1.873584433663623 0.8685330571497571 0
5537 3.532271142972401 1.430338288092723 0
5538 3.001828696851514 0.9117173434551045 0
5539 2.001556039834428 1.336746077868459 0
5540 2.496633983600255 1.258673106778203 0
5541 2.943594009648395 0.7473740405603448 0
5542 1.817225526940546 0.7570715228297319 0
5543 2.876875564123457 1.082558540540452 0
5544 2.857382282022266 1.08703201267333 0
5545 1.951067955959773 1.206165181125079 0
5546 1.828236125561901 1.25212582349722 0
5547 1.754994119677048 0.6647284020788919 0
5548 3.52039903256315 0.7571702408615537 0
5549 2.277070857248134 0.793708555928307 0
5550 2.941473070067968 0.8722559912790713 0
5551 2.228460231545451 0.716010376614211 0
5552 2.097389392042629 1.083733406285846 0
5553 2.666201021970347 1.237530271151503 0
5554 2.65258024040956 1.222885329715184 0
5555 1.935815840927097 0.9608761779006185 0
5556 2.836013219441157 1.038623716231414 0
5557 2.954848692528173 1.064664652008969 0
5558 3.204754957984203 0.7229822578384373 0
5559 1.801483805799287 0.8673085321120256 0
5560 2.863499941663258 0.8901498798105464 0
5561 2.233842344586889 1.052418965334657 0
5562 2.651462854412655 0.6367570682718176 0
5563 2.657335900600221 0.6176397181552629 0
5564 3.42855996349703 0.938182907250696 0
5565 3.305727770349556 0.9841421536173249 0
5566 1.978553966036132 1.057692770821344 0
5567 2.803144314879713 0.850688527634442 0
5568 2.826389157940854 0.9519785926510261 0
5569 2.818395717819887 1.095978956939086 0
5570 2.812523217279479 1.115097370508284 0
5571 2.278213656403643 1.379876696815671 0
5572 2.284085960615289 1.360758222942322 0
5573 2.291834619616972 1.394521469305336 0
5574 2.272341357402531 1.398995165843518 0
5575 2.285962393985955 1.413639933206078 0
5576 3.041060420154333 0.7250066798959368 0
5577 2.78878805601741 1.369334744078422 0
5578 2.979724156969198 1.396600204894021 0
5579 1.90082599678518 0.8978229400224246 0
5580 1.916322558825909 0.9653496500334843 0
5581 2.808281338118596 1.364861271945539 0
5582 2.243223164765026 1.316823818254186 0
5583 3.551637315745048 0.7144599415901818 0
5584 2.625583836388474 1.015831727549208 0
5585 1.896340894538679 1.325349696662734 0
5586 2.477385860599321 1.085382859617734 0
5587 1.572492011734734 0.6714623366523084 0
5588 2.471268200958266 1.282264992480303 0
5589 3.344714334551883 0.9751952093514917 0
5590 1.990786016088446 0.6639317330184851 0
5591 3.642740907510089 1.066738433082004 0
5592 2.477631019699908 0.9076191403242251 0
5593 2.212718510404184 0.8262473858964521 0
5594 2.736425869354712 1.185873027614484 0
5595 2.627214457767967 1.246477215417247 0
5596 1.865836152643253 0.8347697021442289 0
5597 2.627704775969123 0.8909497768302796 0
5598 2.909989627785413 1.092730009843927 0
5599 3.105412766998259 0.6924678499280768 0
5600 3.727076854655189 0.6741986923941008 0
5601 2.553238049423569 1.192370921804917 0
5602 3.903656696745057 1.220110369653663 0
5603 3.095298387297058 0.9613501649346955 0
5604 3.691106374112144 1.322200331690209 0
5605 2.017785689392306 0.8709821072252235 0
5606 1.939812560987556 0.8888759957566912 0
5607 2.785036495057435 1.263571206928985 0
5608 1.621560603915408 1.335093644733851 0
5609 2.277137671387144 0.6156995914540628 0
5610 2.056527094494037 1.039798882252877 0
5611 2.158235384161066 0.7676676201512059 0
5612 2.607721175666616 1.250950687550297 0
5613 2.161497573064539 1.2289550088779 0
5614 3.0854291666961 1.052468760648117 0
5615 2.368419608113219 0.9682233281269653 0
5616 3.584261061206169 1.080158849480903 0
5617 3.191134176423427 0.7083373164021249 0
5618 2.514006326120502 1.37908158536405 0
5619 2.527627107681381 1.39372652680031 0
5620 3.31722761232979 1.123669045771805 0
5621 2.111255379837786 0.9206149287048516 0
5622 1.869592428409138 0.9405348554881154 0
5623 2.985841816609696 1.199718072031064 0
5624 1.690641772833081 0.6972672320467013 0
5625 3.171395735221758 0.8905745078283523 0
5626 2.32519208842358 1.226928907385143 0
5627 3.516157153402156 1.006934142299343 0
5628 3.780824503597644 1.266069616020214 0
5629 3.800317785698822 1.261596143887323 0
5630 2.378043669800309 1.05486845157107 0
5631 2.99734165859029 1.339244964186455 0
5632 1.665302717021694 0.720838150688089 0
5633 3.182895577202032 1.030101399983807 0
5634 3.139667133838924 1.288812245686985 0
5635 2.707308525753181 1.103701376167096 0
5636 2.893119845832626 0.6168474391337812 0
5637 2.87950110466634 0.6022113887745668 0
5638 2.405530391835582 0.9063946152865165 0
5639 1.667425509973933 0.5961017060733917 0
5640 3.832291546181535 0.6855946867347795 0
5641 2.454141017538313 0.9840927946011258 0
5642 3.024583221711884 1.368534847059038 0
5643 1.727752556555478 0.6354385192062395 0
5644 2.040542175409223 1.327797265924423 0
5645 1.90482271684563 0.8258227578784944 0
5646 3.913523354119109 1.128994390277273 0
5647 2.240205232626288 0.6777735494758387 0
5648 1.801728964899793 0.6895448128186789 0
5649 1.659533767504229 0.7398432957469706 0
5650 1.653582356547893 0.7590278193006395 0
5651 2.095758817797057 0.8530882186937446 0
5652 3.664600288291841 0.7596192909366004 0
5653 3.684093570392955 0.7551458188036699 0
5654 2.585211809907124 0.6163694646531672 0
5655 2.691321645511464 1.391702104742802 0
5656 1.593003877942649 0.71910455208233 0
5657 2.500630703660379 1.186672924634338 0
5658 2.950606813367512 1.314428553446693 0
5659 1.799677090069645 0.9922179050628837 0
5660 2.689445865031486 1.338820336168083 0
5661 1.811353026400148 0.776189936398927 0
5662 2.890496345684223 1.097203481976784 0
5663 2.450144297477795 1.056092976745046 0
5664 2.676070242571189 1.146411675438377 0
5665 2.732919467495373 0.9023457711714543 0
5666 2.297950216157198 1.197639312041024 0
5667 2.689691024131968 1.161056616874703 0
5668 2.167859445661396 0.8543127437314557 0
5669 2.14836616356021 0.8587862158643245 0
5670 3.866791072123825 1.104175363199792 0
5671 3.128412450958947 0.9715216342382998 0
5672 3.884408573745136 1.046820122491898 0
5673 1.813473965980604 0.651307985680283 0
5674 3.149643593511229 1.425846195796435 0
5675 2.94264179536227 1.458272493042511 0
5676 3.500660591361383 0.9394074322883261 0
5677 2.502506484140535 1.239554693209027 0
5678 2.510254765160707 1.273318048214598 0
5679 1.643907471243194 0.6724503156917508 0
5680 1.855971954727845 0.9258900195901912 0
5681 1.822363908519564 1.27124418992523 0
5682 3.040324942852735 1.258297837775736 0
5683 3.354338396052231 1.061840332931366 0
5684 2.296073902669911 1.144757553394047 0
5685 1.828712315168489 0.8966201525170669 0
5686 3.042200723333042 1.311179606351417 0
5687 2.227482575656868 1.427060989183638 0
5688 2.869372442203671 0.8710314662413468 0
5689 3.46705620949869 1.284763401571837 0
5690 2.379919460601305 1.107750210547018 0
5691 2.399412733945887 1.103276746526641 0
5692 2.886989943824878 0.8136762255337496 0
5693 2.676809630344154 0.6131281389687677 0
5694 2.68267887215833 0.5940033742239662 0
5695 2.604459932907923 0.7896597118137075 0
5696 2.175852885782295 0.7103123794436176 0
5697 2.195346167883486 0.7058389073107554 0
5698 3.697224033752832 1.125318198827611 0
5699 2.665064538322166 0.6513647888650602 0
5700 1.62343558827422 1.387981109011491 0
5701 2.761546492895836 1.340044861205774 0
5702 2.831771340280191 1.288387617668732 0
5703 2.243466493428913 1.139060101072748 0
5704 1.871953812284158 0.6378875692816657 0
5705 2.468252117300086 0.6432102974505391 0
5706 3.062429482735504 0.7734149763377955 0
5707 3.552777618923832 1.300632868045797 0
5708 3.787432481438902 0.7136600445699269 0
5709 2.222096958652872 1.09065228869183 0
5710 1.943319315877493 1.172401939256122 0
5711 1.949191563270742 1.153283681772633 0
5712 1.968684806615268 1.148810068913501 0
5713 2.056282764517464 1.217560094994997 0
5714 2.284573991700588 1.005235615679959 0
5715 2.680557280832674 0.7188840547074973 0
5716 2.426408986035956 1.31032966709271 0
5717 2.440029632235476 1.324973939909238 0
5718 2.128383404952738 1.218783879625833 0
5719 2.773781812177711 0.9462805954804316 0
5720 2.760161030616946 0.9316356540440999 0
5721 2.129118040559565 0.6854959687038189 0
5722 2.793029935178296 1.119570842641142 0
5723 2.407827753773693 0.6040098884106964 0
5724 2.346561550156765 1.27533697396369 0
5725 1.870078031804185 0.585005800706961 0
5726 1.846203299777931 0.5589810110469619 0
5727 1.850581499935174 0.5904187040901189 0
5728 1.844711707534626 0.6087542582840639 0
5729 2.758530409237332 0.700990166175937 0
5730 2.568979770564843 1.082133912522675 0
5731 2.529993206362481 1.091080856788378 0
5732 2.925976508027261 0.8047292812680293 0
5733 2.587982734465126 1.433187878976354 0
5734 2.759915871516331 1.109399373337695 0
5735 2.773536653077101 1.124044314774027 0
5736 3.660848727331166 0.6538557537875366 0
5737 2.334816623309675 1.31357393870578 0
5738 1.941443150870265 1.119521348077812 0
5739 1.819346871488871 0.6321891132057069 0
5740 2.902486505865614 0.8812029355447981 0
5741 2.126507081425984 1.165902130316401 0
5742 1.858332940452046 0.6232687231578486 0
5743 3.87478451224451 0.9601749989116851 0
5744 3.868912011704174 0.979293412480904 0
5745 2.043396631134443 0.6696265022297687 0
5746 1.863960372163294 0.7818879335695066 0
5747 2.190859094122835 1.133362639511109 0
5748 3.650244029429746 1.278265507381266 0
5749 3.069932604655404 0.9849420506369247 0
5750 2.311327816425571 1.390047597970902 0
5751 2.504382264620231 1.2924364617838 0
5752 3.352217456471832 1.186722283650212 0
5753 2.686429781373077 0.699765641138296 0
5754 2.05864803407465 0.9149169315342502 0
5755 1.836521865614489 0.9303903958624669 0
5756 3.338336365206015 1.349836042721184 0
5757 3.63874418744934 1.138738615226123 0
5758 2.878996503704012 0.9576765898216022 0
5759 2.606580872488352 0.664777761094978 0
5760 3.4600434057794 0.7177088886856346 0
5761 2.45552689654315 1.392502021156411 0
5762 2.981845096549439 1.271718254175461 0
5763 3.029560578173932 0.5854797877409256 0
5764 2.034913204828991 1.169152017996215 0
5765 1.885329434744444 0.8302962300113617 0
5766 3.111040108438225 0.851113155652273 0
5767 3.323345271970764 0.9267869129094493 0
5768 1.844467090062111 0.7863614057023796 0
5769 3.118298071257519 1.240403949244422 0
5770 2.08613475629671 0.7664430951134801 0
5771 3.732213877894819 1.188371436705755 0
5772 2.0156647498118 0.9958640579438667 0
5773 2.454386176638753 0.8063290753075076 0
5774 2.658943059151093 0.8482394775589774 0
5775 2.574361952904339 1.418542937540024 0
5776 3.101416046937897 0.7644680320720347 0
5777 2.23996007352571 0.8555372687691079 0
5778 2.066641474195528 0.7709165672463545 0
5779 1.79469583094625 1.41917374059983 0
5780 2.394030549855288 0.7668677231313075 0
5781 3.026458916215143 1.42129205209346 0
5782 2.674194462091216 1.093529906863639 0
5783 1.671151105431225 0.7017385086481948 0
5784 1.824973807960931 0.7908348778352501 0
5785 2.025533970412679 0.9047454622307676 0
5786 2.011913188851898 0.8901005207944244 0
5787 2.413033519044366 1.117921686775281 0
5788 2.560986330443869 1.226134276810498 0
5789 2.448268516997886 1.003211208170312 0
5790 2.179909677999194 0.6385739634304963 0
5791 3.80406934665892 1.367359681036813 0
5792 2.143880660429599 1.28631043049797 0
5793 2.770262012262079 0.6627673945375945 0
5794 3.143909012999675 1.039048344249539 0
5795 2.081648304890862 1.193967948811026 0
5796 2.177238517520212 1.11871809771692 0
5797 2.543613987923238 1.105725798224715 0
5798 3.469667467279868 0.8043540122662308 0
5799 3.280361987707987 1.007734039319501 0
5800 2.229602232814938 1.30217901669147 0
5801 2.235474537026608 1.283060542818121 0
5802 2.490761483059531 1.277791520347445 0
5803 2.034670160957413 1.346917002375071 0
5804 3.134775269700252 0.5968757820820789 0
5805 2.147876641114473 1.214310207315197 0
5806 2.806650716739075 1.134215784077473 0
5807 2.376413048233962 0.8242229638388829 0
5808 3.621862163128967 0.6628026980533814 0
5809 3.604244661508221 0.7201579387606144 0
5810 3.886038721834761 1.277465888210638 0
5811 1.701407446981533 1.370081687979029 0
5812 2.317933201930398 0.8376433802373747 0
5813 2.518945971414511 0.5961311771648183 0
5814 3.491036529861027 0.8527623087081275 0
5815 3.255486523267344 0.6757984864342963 0
5816 2.005551683770645 1.264744387362945 0
5817 2.172998470956713 1.368481667166785 0
5818 3.234117460686186 0.6273901899924269 0
5819 3.257362303747389 0.7286802550089516 0
5820 1.89071183453838 1.166704583467498 0
5821 1.8712185876501 1.171178220878115 0
5822 3.814674044560574 0.7429499274424425 0
5823 1.714136910634626 0.6206631105593605 0
5824 3.779193882218758 1.035424128151067 0
5825 2.644586800288723 1.366885694003028 0
5826 2.742543528995719 0.9889908947516789 0
5827 2.192492021201631 1.364008091327837 0
5828 3.441690426857126 1.308355287273955 0
5829 2.508624143781345 1.0426725603465 0
5830 2.528117425882535 1.038199088213658 0
5831 3.066426202795888 0.7014147941937964 0
5832 2.054651314014173 0.9869171136781458 0
5833 3.77707294263758 1.16030607887076 0
5834 3.264375107466526 1.295734767895291 0
5835 1.888592265792261 1.29158642246924 0
5836 3.506533091901799 0.9202890187191414 0
5837 3.726341377354438 1.207489850274966 0
5838 3.547640595684602 0.7864601237344536 0
5839 2.957252125476953 0.5842293484163985 0
5840 3.492421992140291 1.261171515869726 0
5841 2.767418993436239 1.32092644763657 0
5842 2.006285847412025 0.7314552150702177 0
5843 2.023145180578367 1.384284068594678 0
5844 2.693687744192401 1.089056434730769 0
5845 2.790908995597841 1.244452793359783 0
5846 2.572731331524829 1.187897449671977 0
5847 3.217885421343871 1.093154637861616 0
5848 2.080017096655777 0.963325227976098 0
5849 1.878967314891951 1.204941397274042 0
5850 1.984182124081907 1.216336310364452 0
5851 3.245372143566034 0.9446808014409852 0
5852 3.876169974523247 1.368584206074433 0
5853 1.986792565310834 0.7359286872030868 0
5854 2.042857278883876 1.380155092081325 0
5855 2.273074137187646 0.8657087380724662 0
5856 2.633086958308337 1.227358801848095 0
5857 3.120909329039077 0.7599945599391594 0
5858 2.679609269433674 1.429832718472473 0
5859 3.34822073641155 1.258722465794522 0
5860 3.669982470631576 1.096028315954714 0
5861 3.739716999814967 1.399898511004686 0
5862 3.204509798883641 0.9007459771318145 0
5863 1.894464569602717 1.272467949090479 0
5864 2.458382896699252 0.734328893163616 0
5865 1.617352231722248 1.405857587306601 0
5866 2.609596956146768 1.30383245612488 0
5867 2.245832574066092 0.8364188551996861 0
5868 2.481627739760315 0.8356189581802758 0
5869 3.001092617712494 1.444136556553484 0
5870 2.892126967063703 1.327848969844899 0
5871 3.100925728736778 1.119995470658963 0
5872 2.356919766132817 0.8286964359718905 0
5873 3.839549509002257 1.074885480327199 0
5874 2.586842431286764 0.8470149525213362 0
5875 3.046442602493722 1.061415704913835 0
5876 2.917983067906406 0.9487296455558918 0
5877 3.356214176532141 1.114722101506027 0
5878 3.792814663779607 1.050069069587357 0
5879 2.974341974629364 1.06019117987611 0
5880 2.495003362220591 1.028027618910157 0
5881 2.214839449984679 0.7013654351778893 0
5882 3.748200758136889 0.9003707081290215 0
5883 3.443566207337173 1.361237055848681 0
5884 3.167644174261831 0.7848109706789164 0
5885 3.058432762675114 0.8454151584817381 0
5886 2.693442585091916 1.266820154024143 0
5887 1.583212133373054 0.5818824273503242 0
5888 3.000033522502232 1.463549118699811 0
5889 3.955817367194521 1.225671163964231 0
5890 3.580019182045413 1.329922750918441 0
5891 2.830385878001288 0.8799784105070894 0
5892 1.657531409200281 0.6870923608528392 0
5893 3.290231208308826 0.9166154436058489 0
5894 2.833892279860626 1.163505666950124 0
5895 2.060523814554586 0.9677987001089609 0
5896 2.500875862761021 1.00890920534097 0
5897 3.198146980142506 1.275391829288333 0
5898 3.7963210656385 1.333596326031275 0
5899 2.584231173505134 1.327424341827 0
5900 3.541032617843058 1.338869695184229 0
5901 2.002043968251026 0.9812191165075448 0
5902 2.662694620111082 0.9540030147084734 0
5903 3.829925447501802 0.9882403567467778 0
5904 2.181480227222173 0.8689576851677955 0
5905 3.007456038291334 1.070362649179564 0
5906 3.024828380812038 1.19077112776504 0
5907 2.844006659562074 0.8946233519434212 0
5908 2.8108925959001 0.8844518826399674 0
5909 2.839764780401032 1.144387253380926 0
5910 3.079801825256253 0.893823454923554 0
5911 3.237133544344882 1.266444885022569 0
5912 3.737841219334944 1.347016742429941 0
5913 3.510529811962219 0.8482888365752714 0
5914 3.095543546397507 0.7835864456412323 0
5915 2.062399595034504 1.020680468683663 0
5916 3.856676692422063 1.37305767820733 0
5917 2.057017412695217 0.6842714436661019 0
5918 2.0765106947964 0.6797979715332371 0
5919 2.976462914209953 0.9353092291572407 0
5920 2.175607726681767 0.8880760987370114 0
5921 3.406945741815282 1.067538330101864 0
5922 2.748170870435529 1.147636200476088 0
5923 1.902213198570211 1.306231223011413 0
5924 3.189013236842956 0.8332192671207128 0
5925 3.742083098496222 1.097252840991981 0
5926 3.732761664369424 1.419512726746886 0
5927 3.746579542026248 1.434400444872566 0
5928 3.766700922905113 1.428832088597231 0
5929 3.762775241971686 1.449289624885473 0
5930 3.741592780294902 1.452780279579425 0
5931 3.723740400784765 1.442071009144062 0
5932 3.279891382760161 1.363262056646492 0
5933 3.426439023916447 1.063064857968966 0
5934 1.789475495282626 0.905435622911993 0
5935 1.769620100188571 0.9082379475012524 0
5936 2.699117842172264 1.425307659431217 0
5937 2.092007256837122 0.7473246815442917 0
5938 3.258502606926122 1.3148531814645 0
5939 3.549026057963716 1.194869330895751 0
5940 3.692115707849981 0.6112705039791464 0
5941 3.700551583518453 0.5905483556764488 0
5942 3.70383201159352 0.5729086273777447 0
5943 3.696539585894361 0.5529551310885242 0
5944 3.716914276798751 0.5801887233765348 0
5945 3.670717947931528 0.5627371580744256 0
5946 3.653852853612809 0.5549079687751071 0
5947 2.415154453335943 0.9930397388668194 0
5948 2.520859463063191 0.6489082946210543 0
5949 1.576289918502077 1.362875595773482 0
5950 3.01194307655271 0.6428350284485087 0
5951 3.853415449663182 0.9117667024699252 0
5952 2.360671327092885 0.9344599731214615 0
5953 2.266712381611642 1.240349922760775 0
5954 1.795680364329468 0.8863438143881868 0
5955 3.857412169723327 0.8397665203260027 0
5956 3.851539669183004 0.8588849338952256 0
5957 2.512130545640573 1.326199816789323 0
5958 3.038939480573975 0.8498886306146294 0
5959 2.52648680450314 0.8075536003453158 0
5960 2.982580573850777 0.7384270962945815 0
5961 2.901996187664565 1.23673037413202 0
5962 2.477876178800435 0.7298554210307394 0
5963 3.026949320392529 1.065889177046702 0
5964 2.097879757377543 0.7282062679750745 0
5965 3.782700284077692 1.318951384594949 0
5966 3.903893080192755 1.042343954788529 0
5967 2.021049380414247 1.332272860541186 0
5968 3.763452161076836 1.145661137434412 0
5969 2.927361970306192 1.213138488429928 0
5970 2.968959792289983 0.7237821548582347 0
5971 3.375462299533176 1.288012348667145 0
5972 2.861133842982195 1.192795549822783 0
5973 3.870542633083073 1.209938900350222 0
5974 2.06076897365512 0.7900349808155531 0
5975 3.820056226900944 1.079358952460314 0
5976 2.632841799207911 1.405122521141422 0
5977 3.861658843922052 0.5899236388250457 0
5978 3.806435445340411 1.064714011023655 0
5979 3.581894962525438 1.382804519493154 0
5980 3.117972527628424 1.417568468156937 0
5981 2.296318980248804 0.9669988030892187 0
5982 3.173271515701781 0.9434562764032504 0
5983 3.638989346550529 0.9609748959321016 0
5984 2.812278058178997 1.29286108980162 0
5985 3.035433078714347 0.5663613741717337 0
5986 2.094965819695985 1.386114668887672 0
5987 1.982795845250365 0.8079288693470215 0
5988 2.563107270024422 1.101252326091858 0
5989 2.531623827741774 1.321726344656469 0
5990 1.825245195600086 0.6132063181412384 0
5991 3.541768095144224 0.8055785373039352 0
5992 2.755919151455899 1.181399555481605 0
5993 2.257087423723165 1.153704904175523 0
5994 1.700428278875564 0.6060061441989419 0
5995 1.830940708332252 0.5944352715600117 0
5996 1.818689627285974 0.5804589756247315 0
5997 1.80548052585974 0.7953083499681213 0
5998 2.629825715549494 0.7660678261116316 0
5999 2.505292922705983 0.5814533731557764 0
6000 2.843516341361018 1.250150790530357 0
6001 3.177513394862611 0.6936923749657892 0
6002 2.467516640047076 1.176501455323671 0
6003 3.936654483248225 0.8747272766655716 0
6004 3.726096218254169 1.385253569568361 0
6005 2.582600552125605 1.09677885395899 0
6006 3.849173570502145 1.16153060390785 0
6007 2.837643840820605 1.269269204099544 0
6008 2.323560543742516 0.9962886855615778 0
6009 2.629090238247962 1.299358983991981 0
6010 3.84892841140163 1.339294323201814 0
6011 2.062155068729127 1.198441621121653 0
6012 3.809941847199293 1.348241267467601 0
6013 2.767664152536709 1.143162728343214 0
6014 3.216499959064982 0.6847454307000331 0
6015 2.045027252513869 0.9002719900979087 0
6016 2.623953215009092 0.7851862396808231 0
6017 1.785987243758549 0.7997818221009952 0
6018 2.254967773188336 1.278586870507488 0
6019 1.808742976767761 1.25659938819856 0
6020 3.786697004138029 1.246951202451011 0
6021 3.370325276294075 0.7738396043555125 0
6022 3.011697917452461 0.8205987477423813 0
6023 3.731274456074968 0.6030738564910816 0
6024 1.602089814636561 1.339547404446561 0
6025 3.243496363086092 0.8917990328659459 0
6026 2.260840077399991 1.25946839663413 0
6027 2.613348517106712 1.409595993274283 0
6028 2.798657276618211 1.27821614836531 0
6029 2.537986646483453 0.9470804925004651 0
6030 2.082383195336814 0.6606795579640505 0
6031 2.434647735437129 0.9885662667339723 0
6032 3.525781214902465 1.093579265879159 0
6033 2.826143998840251 1.129742311944605 0
6034 3.48940180155689 0.622142727719598 0
6035 2.982335414750346 0.9161908155880287 0
6036 2.9644727540285 1.151309775589196 0
6037 1.975047564229996 0.7741655143414828 0
6038 3.653939099321406 1.383974873089755 0
6039 3.51240559244216 0.9011706051499735 0
6040 3.211767761703343 1.290036770724696 0
6041 2.487009922107705 1.172027983196806 0
6042 3.578388560665681 1.099277263049972 0
6043 3.375707458633321 1.110248629373144 0
6044 3.316982453229607 1.301432765065881 0
6045 1.980920064770409 0.7550471007722871 0
6046 2.551117109842994 1.317252872523615 0
6047 1.772366462197769 0.7851368806646574 0
6048 3.305972929450178 0.806378434323431 0
6049 2.380164609194104 0.9299865009886027 0
6050 3.683848411293174 0.9329095380970456 0
6051 3.877150610924151 0.6575293288995645 0
6052 3.884163414643897 1.22458384178655 0
6053 2.704950413012336 1.406320746126282 0
6054 3.921010014648356 1.340515719486059 0
6055 2.498509764079804 1.311554875352992 0
6056 2.040785514929623 1.150033876846385 0
6057 3.188768077742426 1.010982986414564 0
6058 3.007210879190743 1.248126368473109 0
6059 2.253826014187053 0.6924184909121415 0
6060 2.906730425420886 0.6314479251845102 0
6061 2.187451850090768 0.6188696566865778 0
6062 3.795180762459405 0.7474233995753945 0
6063 3.567379036885326 0.6042229323085649 0
6064 3.317717930530936 0.768141607185021 0
6065 2.547365548883139 1.211489335374143 0
6066 3.403439339955938 0.7840110736591061 0
6067 3.923640297047327 0.8601094589326708 0
6068 3.610117162048537 0.7010395251914715 0
6069 3.031436358653887 0.6383615563156274 0
6070 3.93348328540195 0.7690152609741545 0
6071 2.948976191987758 1.083783065578187 0
6072 2.465886018619145 0.9458559674627478 0
6073 3.410443502550371 1.351030521349715 0
6074 3.940972071186229 0.9804684367436602 0
6075 2.847513061421408 1.178150608386453 0
6076 3.432311524456872 1.043946444399815 0
6077 3.797056542939603 0.8003051681501396 0
6078 2.112642815844522 1.329021050555308 0
6079 3.214379019484567 0.809627381418641 0
6080 2.929973228087494 0.7327290991240135 0
6081 2.234332732085876 0.6968919630450134 0
6082 3.597923869653667 0.5634873893281613 0
6083 3.584996538506093 0.546867691600882 0
6084 3.566048775401176 0.5310560153153868 0
6085 3.791429201498945 0.6416598624259817 0
6086 3.926054206669522 0.5579519921684893 0
6087 3.931780616796831 0.5355745163477409 0
6088 3.951803992902822 0.5328775715712736 0
6089 3.92013896812243 0.5766629171676458 0
6090 2.9153718101249 1.429139034861344 0
6091 3.814428885460869 0.9207136467357895 0
6092 3.408576363195156 1.29818381797054 0
6093 3.362331836173111 0.9178399686438199 0
6094 3.042936200634297 0.7778884484707018 0
6095 3.790693724198357 1.174951020307075 0
6096 2.779163994517035 1.28268962049819 0
6097 2.773291493976635 1.301808034067379 0
6098 2.440520235977558 0.9694478531647801 0
6099 2.609842115247258 1.126068736831493 0
6100 2.863745100763565 0.7123861605170476 0
6101 3.960286318791119 1.101620294839598 0
6102 3.78482122365795 1.194069433876294 0
6103 2.526241645402621 0.9853173196389442 0
6104 3.849418729602992 0.983766884613845 0
6105 2.904607445446024 0.7563209848261153 0
6106 1.686147147540716 0.591150514593798 0
6107 1.752909554124331 0.7895989999472836 0
6108 3.414448863735543 1.27906540440132 0
6109 2.115006940797691 1.026378465854251 0
6110 2.850124319202819 0.6977412190807242 0
6111 3.595760903186614 1.21968574163553 0
6112 3.29748917112846 1.305906237198755 0
6113 2.426654302893676 1.132566627542131 0
6114 3.644371528889343 1.297383920950486 0
6115 2.718582378700032 1.42092741954686 0
6116 3.419181061096536 0.6737740643775707 0
6117 2.900365566285191 1.006084886263586 0
6118 2.221853605076535 1.268415741255407 0
6119 3.235993241166171 0.6802719585671656 0
6120 2.637573996569878 0.7998311811171385 0
6121 2.911865408265349 1.145611778418642 0
6122 3.440304964577831 0.8999460801122795 0
6123 3.21038229942411 0.8816275635625359 0
6124 3.456148576054404 0.6121145344657164 0
6125 2.603969614706849 1.1451871504007 0
6126 2.876630405022974 1.26032225983391 0
6127 3.521784494842136 1.165579448023114 0
6128 3.656606848171497 0.9036196552244613 0
6129 3.611257465227371 1.287212451647092 0
6130 3.037063700093909 0.7970068620398881 0
6131 3.857696856533777 1.426104503127091 0
6132 3.757824819637467 0.987015831709218 0
6133 1.990298967170013 1.01945594364605 0
6134 2.111053512762868 1.45210169032181 0
6135 2.097703675354856 1.438538321510585 0
6136 3.812062786779576 1.223359316748929 0
6137 3.39707652121453 1.158656925814983 0
6138 3.109164327958261 0.7982313870775442 0
6139 2.888865724304851 0.8665579941084972 0
6140 3.226832874102536 0.5933932334497188 0
6141 3.350341675991739 1.13384051507521 0
6142 2.009792249271109 1.014982471513242 0
6143 3.055002031824224 0.5619692628246582 0
6144 3.064550422315842 0.6485330256190638 0
6145 3.496173553100301 1.366935053019193 0
6146 3.472928710039082 1.265644988002634 0
6147 3.034942760513491 0.9218888127585326 0
6148 2.286940077849031 0.7025899602155958 0
6149 2.867753483707197 0.6403895607983858 0
6150 3.175392455282213 0.8185743256843963 0
6151 2.210597570823671 0.9511293366152269 0
6152 3.843055910861244 1.358412736771016 0
6153 2.564737891403851 1.331897813959891 0
6154 2.832016499380663 1.110623898375406 0
6155 2.138008356217939 1.305428904371329 0
6156 2.978338694689949 0.9881909977320544 0
6157 3.280607146808601 0.8299703200255101 0
6158 2.048778813473741 1.006035527247338 0
6159 2.267446795747824 0.7070634323484702 0
6160 3.116912608978629 0.8319947420830618 0
6161 2.651194778130672 0.8144761225534722 0
6162 3.136405891079819 0.8275212699501753 0
6163 3.654485908591451 1.028501605943112 0
6164 1.984426466619883 1.038574357221993 0
6165 3.750572306766885 0.5979187825433978 0
6166 2.364668047153175 0.8624597909775233 0
6167 3.878290914103522 1.243702255355733 0
6168 3.569171068149159 1.420215275398946 0
6169 2.101876477437992 0.6562060858311889 0
6170 2.453895858826771 1.161856513800273 0
6171 2.120879441338101 1.007260052285074 0
6172 2.8630096234622 1.245677318397533 0
6173 2.440275080235939 1.147211571305122 0
6174 2.107751222190504 0.6370892679882536 0
6175 3.879026391404319 0.7104110974743071 0
6176 3.69371763189364 0.8417909423838786 0
6177 3.076050264296255 0.7880599177741041 0
6178 2.218345851844039 0.9848926916207439 0
6179 3.634992626490108 1.032975078076159 0
6180 3.045057140214672 0.6530064977519425 0
6181 1.734659635976674 0.7941898573386836 0
6182 3.283868389567676 1.291261295762438 0
6183 2.851509781481851 1.106150426242524 0
6184 3.04081526105388 0.9027703991893175 0
6185 2.446392736517979 0.9503294395955939 0
6186 1.920074112235974 1.071113192438886 0
6187 3.77780841993808 0.6270149209897371 0
6188 2.19298006920244 1.008484577322801 0
6189 2.029285531372455 1.010508999380266 0
6190 3.378372296221327 0.6300212915446946 0
6191 3.953002799748868 0.7645173910864836 0
6192 3.475638231019456 0.6078086071606401 0
6193 3.566643559584816 1.137514090188097 0
6194 2.212473351303632 1.004011105189935 0
6195 3.518007361847947 1.415724464037637 0
6196 2.798468772112382 1.45591179895949 0
6197 3.29373761016827 1.20014270004895 0
6198 2.179359287641668 0.9938396358864788 0
6199 3.155899173181012 0.8230477978172909 0
6200 2.750776375939974 0.6672340213154968 0
6201 2.826634317041244 0.7742148733575935 0
6202 3.43443246403743 0.9190644936814885 0
6203 3.276855585848545 0.7242067828760357 0
6204 2.081892877135714 1.016206996550799 0
6205 1.964933184494021 1.043047829372047 0
6206 3.605384964686976 1.306330865216307 0
6207 2.159866005540477 0.9983131080193455 0
6208 1.945439902397602 1.047521301501608 0
6209 2.452510396158837 0.753447306732797 0
6210 3.79305982287956 0.8723053502940037 0
6211 2.972466194149464 1.007309411301347 0
6212 2.790302690178886 1.471583902127716 0
6213 2.791944471513071 1.500132112337426 0
6214 3.72471075597559 0.9768443624057952 0
6215 2.735040407075751 0.7774638204527703 0
6216 2.931603849467225 0.9633745869922661 0
6217 2.347050545532032 0.9198150316851028 0
6218 2.564983050504416 1.154134094666514 0
6219 3.126536670478975 0.9186398656633687 0
6220 3.423994728118433 1.365677704513899 0
6221 3.057697285373855 1.378706316362395 0
6222 2.202849289803305 0.9173659816096872 0
6223 3.194885737383376 0.8141008535515125 0
6224 3.728707476035742 0.9048441802619382 0
6225 3.036818540993463 0.9747705813333903 0
6226 3.781559980898583 0.7327784581391287 0
6227 3.227999801045364 0.8242723228549328 0
6228 2.304067261269088 1.000762158094799 0
6229 3.633116846010198 0.9800933095013342 0
6230 2.931358690366549 1.141138306285771 0
6231 3.960882799905998 0.9754014815790619 0
6232 3.977028538295515 0.9905582215466986 0
6233 3.330848393890565 1.138313987208089 0
6234 3.247493083146603 0.8197988507220564 0
6235 2.580969930746343 0.866133366090561 0
6236 2.594590712307129 0.8807783075268648 0
6237 3.235257763864659 1.213563116447317 0
6238 1.93956739985793 1.066639716462613 0
6239 2.664815559691465 0.829121063989795 0
6240 3.839794668102366 0.8971217610336584 0
6241 3.845667168642684 0.8780033474644445 0
6242 2.532114145943036 0.9661989060697433 0
6243 2.095513658696493 1.030851937987113 0
6244 2.14037272343929 1.002786580152206 0
6245 3.45718915309931 1.375879984432004 0
6246 1.88696005239433 1.060941720472803 0
6247 2.950851972467735 1.136664834152893 0
6248 2.312305860490612 0.678998074513565 0
6249 3.476680590236102 1.371408228240198 0
6250 2.768154470737708 0.7876352897561812 0
6251 3.703096534293595 1.106199785258092 0
6252 2.29281257838943 0.6834715466464272 0
6253 1.672827418042867 0.5804305326794169 0
6254 2.844251818662383 0.7168596326498942 0
6255 2.908359006406034 0.8620845219756419 0
6256 3.798442005218771 1.208714375312619 0
6257 2.737156868675716 0.6525879389866973 0
6258 3.311355111789382 1.142787459340971 0
6259 2.127264689829512 0.6327023909954721 0
6260 3.269107304828146 0.6904434278705962 0
6261 3.701465912914112 0.8755542973894321 0
6262 3.930504125224804 1.426479122959308 0
6263 3.944080139995049 1.440298171269221 0
6264 3.965282811875547 1.437823930150609 0
6265 3.954450232626553 1.455434856845317 0
6266 3.806680604440388 0.886950291730305 0
6267 3.605875282888555 0.9508034266288621 0
6268 2.813013535480378 0.7595699319212144 0
6269 3.72283497549541 0.9239625938311191 0
6270 3.140615145237693 0.5778635819216006 0
6271 2.692057122813038 0.8584109468624663 0
6272 1.837861115031743 1.338770688011752 0
6273 2.43301711405766 0.757920778865639 0
6274 3.665740591470591 1.345792217392319 0
6275 1.831996159398269 1.357878121368881 0
6276 2.727292126055359 0.7437004654472377 0
6277 3.611747783428858 0.9316850130597426 0
6278 3.705217473874463 0.9813178345387852 0
6279 2.743018344781294 0.6334893527008127 0
6280 2.132293433517291 0.6151459358756873 0
6281 2.67843634125225 0.8437660054261282 0
6282 3.708969034834412 1.087081371688517 0
6283 3.526026374002923 0.9158155465861444 0
6284 3.111285267538633 0.67334943635887 0
6285 2.717177746354093 1.012582780453828 0
6286 2.721419625514967 0.7628188790164588 0
6287 3.554831099625665 0.5895177035188923 0
6288 2.321684762890427 0.9434069173871407 0
6289 2.491742119461654 0.5667366431737459 0
6290 1.906453332614643 1.056468249651888 0
6291 2.466235313210088 0.5901544031975852 0
6292 3.30222136848995 0.7006148971740599 0
6293 3.097664485977824 0.6587044949225236 0
6294 2.351047265592387 0.8478148495411508 0
6295 3.798932323419897 0.8531869367248166 0
6296 3.76418763837723 0.6123699795535011 0
6297 2.54385914702385 0.9279620789311998 0
6298 3.270247608006902 1.276616354326113 0
6299 3.424318084336117 1.187946808687776 0
6300 2.686184622272661 0.8775293604316491 0
6301 3.867281390323689 0.7486479246128115 0
6302 3.847297790021954 1.10864883533343 0
6303 3.261113864707344 0.8344437921583743 0
6304 3.68784513135332 0.8609093559531336 0
6305 3.515911994301663 1.184697861592541 0
6306 3.576042596897468 1.401942560664891 0
6307 2.939352130487501 0.9971379419977935 0
6308 2.458137737598804 0.9120926124571975 0
6309 1.859474079373362 1.209415068791868 0
6310 2.357164925233389 0.6509327166786681 0
6311 3.221389759241419 1.376672900530162 0
6312 3.084043704417024 0.6440595534861966 0
6313 3.842166360994041 0.5943839476140835 0
6314 2.602093834226836 1.092305381826074 0
6315 2.337671643132173 0.6554061888115279 0
6316 3.709214193934574 0.9093176523948793 0
6317 3.689720911833457 0.9137911245278363 0
6318 3.820301386001206 0.9015952331665882 0
6319 2.744908668963741 0.6863464264304781 0
6320 2.153748945326143 1.1951917334418 0
6321 3.695593412373774 0.8946727109586234 0
6322 3.676100130272645 0.8991461830915493 0
6323 1.865346180417493 1.190296841434905 0
6324 2.87361432136439 0.6212675648038203 0
6325 2.860091720683679 0.6070032104260924 0
6326 2.866990105944384 0.5882583172573358 0
6327 2.885322562674694 0.5837750846539851 0
6328 2.894493065744732 1.025203299832836 0
6329 2.733164626595744 0.7245820518780585 0
6330 2.331799142591768 0.6745246023807038 0
6331 3.588257781267099 1.00815866733662 0
6332 3.767939199337768 0.718133516702849 0
6333 3.307848709930151 0.8592602028981133 0
6334 2.138251755651655 1.127665659497849 0
6335 2.680312121732307 0.8966477740008326 0
6336 3.900395453985667 0.7588193939160637 0
6337 3.865405609843516 0.6957661560380367 0
6338 2.739036967350697 0.7054638385906499 0
6339 2.370785706794177 0.66557765811498 0
6340 2.132379396604699 1.146783735931063 0
6341 2.419396332496902 0.74327583742933 0
6342 2.452265237058386 0.9312110260264079 0
6343 2.693932903293117 0.9112927154371553 0
6344 2.927852288507217 0.8576110498427948 0
6345 3.081187287535375 1.302232662085662 0
6346 2.983966036129696 1.146836303456278 0
6347 3.771690760298199 0.8238970538522367 0
6348 2.403899770456145 0.6757491274183987 0
6349 3.569254817365593 0.657104700882958 0
6350 2.621587116328037 1.087831909693162 0
6351 3.919115498252064 1.287673643522546 0
6352 3.944796991105897 1.264243204397325 0
6353 3.963870624951542 1.257235129726487 0
6354 3.981881782391325 1.287911671644881 0
6355 3.982498820071122 1.247972706106097 0
6356 3.282728086388902 0.7050883693068962 0
6357 3.871278110383839 0.6766477424688009 0
6358 3.804804823960176 0.834068523155625 0
6359 3.348711054612327 0.9031950272073633 0
6360 3.90552563163212 1.272998556362314 0
6361 3.114301351197312 1.312404131389055 0
6362 3.100680569636558 1.297759189952753 0
6363 2.989838536670099 1.127717889887101 0
6364 2.713426185394241 0.9068192433042837 0
6365 3.009331818771288 1.123244417754212 0
6366 3.828836258292503 0.5801318919626481 0
6367 3.160119728271662 0.5738170634185048 0
6368 2.8247585365612 0.7213331047827635 0
6369 3.133794633298522 1.307930659256139 0
6370 3.866545834141228 1.281939128802383 0
6371 2.727046966955031 0.9214641847406081 0
6372 2.34729570463253 0.7420513123915715 0
6373 3.872418321534679 1.262820722951214 0
6374 3.640619967929257 1.191620383800455 0
6375 3.754318417776928 0.7034885752665936 0
6376 3.291861829688206 1.147260931473848 0
6377 2.740667748515829 0.9361091261769284 0
6378 2.92252770776344 1.464647563063988 0
6379 2.627459616868438 1.068713496123974 0
6380 1.851725147192943 1.175652132632915 0
6381 3.873153890863996 0.7295295110435562 0
6382 3.429107720592271 1.402539120310714 0
6383 3.437162570425226 1.380866855797655 0
6384 3.654240749490151 1.206265325237178 0
6385 2.723050246894559 0.9934643668845695 0
6386 3.648368248949738 1.225383738806266 0
6387 3.028825100872474 1.11877094562133 0
6388 2.384406488354945 0.6802225995512887 0
6389 3.153287915399711 1.303457187123278 0
6390 3.73645575705624 0.9386075352673937 0
6391 2.728922747435011 0.9743459533153677 0
6392 3.074602943738088 0.5574528188277107 0
6393 2.522185827617607 1.412519746099524 0
6394 3.048318382973673 1.114297473488455 0
6395 3.166908696960507 1.31810212855956 0
6396 3.714841535374913 1.067962958119177 0
6397 2.40977227099654 0.6566307138492576 0
6398 3.017570417992784 0.8014803341728721 0
6399 3.335090273051535 0.8885500857708015 0
6400 3.186401979061716 1.313628656426721 0
6401 2.552992890323072 1.370134641098247 0
6402 2.399903050395693 0.7477493095621677 0
6403 3.215578987196345 1.395680584170536 0
6404 3.066200879509171 0.5281291700750707 0
6405 3.049525007092771 0.5020444942272978 0
6406 3.083813314168887 0.5097263157755547 0
6407 2.429265553097748 0.6521572417163519 0
6408 2.734795247975421 0.9552275397461603 0
6409 2.9473455706084 0.8531375777099512 0
6410 3.734825135675805 0.7079620473995047 0
6411 2.584476332605628 1.149660622533608 0
6412 2.818886036020792 0.7404515183519884 0
6413 3.703586852494047 0.7506723466707277 0
6414 3.596251221387837 0.8641583030486928 0
6415 2.619711335848062 1.034950141118472 0
6416 3.603999502408161 0.8979216580543319 0
6417 3.410697302775328 1.17330186725139 0
6418 3.075314786995039 1.321351075654817 0
6419 2.341423204092088 0.7611697259606831 0
6420 2.380409768294486 0.7522227816949957 0
6421 3.791184042399327 0.8194235817193377 0
6422 3.159650734140947 0.9288113349668394 0
6423 3.758069978737367 0.8092521124159509 0
6424 3.699344973334115 1.000436248108042 0
6425 3.409311840496347 0.7648926600898346 0
6426 3.701220753814184 1.053318016682782 0
6427 3.383946057854811 0.788484545791895 0
6428 3.712965754894869 1.0150811895443 0
6429 3.272368547587008 1.151734403606716 0
6430 3.721204354114953 0.6933171059632689 0
6431 3.750076538617058 0.9532524767036588 0
6432 2.44875883519892 0.647683769583461 0
6433 3.146029952580164 0.9141663935304714 0
6434 3.087304947176015 1.105350529222735 0
6435 3.067811665074846 1.109824001355585 0
6436 3.695838571473566 0.7169089916653287 0
6437 3.744449197176511 0.7946071709796145 0
6438 3.589888402646253 1.238804155205019 0
6439 2.366788986733711 0.7375778402587214 0
6440 3.252875265485813 1.156207875739558 0
6441 3.055821504893848 1.325824547787663 0
6442 3.41869074289615 1.029301502963576 0
6443 3.106798229277196 1.100877057089866 0
6444 3.405069961335408 1.014656561527334 0
6445 3.707093254354542 1.034199603113538 0
6446 3.378073557314437 0.8076029593610849 0
6447 2.590103674045522 1.308305928257845 0
6448 3.717207634054837 0.7653172881069411 0
6449 3.689966070933267 0.7360274052344732 0
6450 3.391449179774638 1.000011620091074 0
6451 3.340962773591917 0.8694316722016739 0
6452 2.454631335739317 0.6285653560143233 0
6453 3.588502940366971 0.8303949480436332 0
6454 3.391694338875217 0.8222479007975718 0
6455 3.20777069764921 1.362035453906064 0
6456 2.288815858328965 0.7554717287901658 0
6457 3.194150202749839 1.347391761605107 0
6458 3.016834940691441 1.334771492053458 0
6459 3.730828415615655 0.779962229543274 0
6460 3.126291511378384 1.096403584956981 0
6461 3.036328222792658 1.330298019920518 0
6462 2.966838852709561 0.8486641055771017 0
6463 3.145784793479568 1.091930112824111 0
6464 3.385821838334796 0.841366314366793 0
6465 3.233381983384633 1.160681347872442 0
6466 2.282943357788556 0.7745901423592568 0
6467 3.744204038076701 0.9723708902728975 0
6468 3.165278075580761 1.087456640691234 0
6469 2.460497159470498 0.6094912461781894 0
6470 2.321929921990899 0.7656431980935189 0
6471 3.607996222468484 0.8259214759102906 0
6472 3.510774971062043 0.6705251172819818 0
6473 3.371955897673371 1.004485092224057 0
6474 3.184771357681946 1.082983168558363 0
6475 2.999952916371584 0.8588355748804857 0
6476 2.308309140430131 0.7509982566572755 0
6477 3.502536371841317 0.9922892008629841 0
6478 3.213888701283413 1.165154820005282 0
6479 3.20426463978314 1.078509696425494 0
6480 3.572516060125213 1.118395676618969 0
6481 2.966103375408419 1.381955263457656 0
6482 2.224463511484984 0.7880105587579026 0
6483 2.980459634270297 0.8633090470133788 0
6484 3.223757921884323 1.074036224292598 0
6485 3.510039493761302 1.203816275161936 0
6486 3.600247941447926 0.7921581209049454 0
6487 2.840720754063377 0.611352738224798 0
6488 3.510284652861487 1.026052555868266 0
6489 2.218591010944587 0.8071289723271111 0
6490 2.263450075687416 0.7790636144921537 0
6491 3.523905434422431 1.040697497304554 0
6492 1.814614513009858 1.237481860997693 0
6493 3.70171107201387 0.6977905780962569 0
6494 3.243251203985486 1.069562752159734 0
6495 3.543398716523703 1.036224025171793 0
6496 3.438184024997381 1.024828030830666 0
6497 3.564767779104886 1.084632321613555 0
6498 3.688090290452922 0.6831456366599677 0
6499 2.946610093307081 1.386428735590363 0
6500 3.557019498084499 1.050868966608074 0
6501 3.262744486086646 1.065089280026859 0
6502 2.243956793586209 0.7835370866250142 0
6503 3.194395419182248 1.169628292138119 0
6504 3.457677307098572 1.020354558697735 0
6505 3.141788073419032 1.163930294967638 0
6506 3.00582541691205 0.8397171613114006 0
6507 1.721655812285517 1.189574278039728 0
6508 3.282237768187851 1.060615807894063 0
6509 3.668597008351869 0.6876191087928347 0
6510 3.025318699013303 0.8352436891783948 0
6511 2.931113531266323 1.318902025579377 0
6512 2.938861812286686 1.35266538058484 0
6513 3.174902137081046 1.174101764270887 0
6514 2.896123687124206 1.255848787701235 0
6515 2.903871968144657 1.289612142706762 0
6516 3.295858549748658 1.07526074933025 0
6517 3.654976226791044 0.6729741673566166 0
6518 3.646492468469681 1.172501970231494 0
6519 3.315351831849921 1.070787277197299 0
6520 3.483043089740056 0.9967626729957764 0
6521 2.911620249164984 1.323375497712118 0
6522 3.635482944689889 0.6774476394895486 0
6523 3.463549807638938 1.001236145128644 0
6524 1.881087441682618 1.080060210708018 0
6525 3.321224332390349 1.05166886362823 0
6526 3.619250905348111 1.14321208735875 0
6527 3.615989662588724 0.6819211116224478 0
6528 3.161281355520252 1.159456822834641 0
6529 3.632871686908905 1.157857028795129 0
6530 3.611502624327626 1.109448732353252 0
6531 3.592009342226387 1.113922204486147 0
6532 3.340717614491477 1.047195391495246 0
6533 3.346590115031859 1.02807697792618 0
6534 3.135915572878737 1.183048708536633 0
6535 3.374321996354058 0.7018394222124569 0
6536 3.602368881027774 0.6672761701861667 0
6537 3.352462615572222 1.008958564357027 0
6538 3.11642229077749 1.187522180669531 0
6539 3.5887480994668 0.6526312287500389 0
6540 3.563382316825527 0.6762231144520459 0
6541 3.32171465059085 0.6961414250415563 0
6542 3.096929008676316 1.19199565280238 0
6543 3.077435726575086 1.196469124935188 0
6544 3.543889034724307 0.6806965865849346 0
6545 3.313966369570548 0.6623780700362023 0
6546 3.530268253163309 0.6660516451489288 0
6547 3.057942444473913 1.200942597068017 0
6548 3.305306122347734 0.6289781389835365 0
6549 3.31948655094943 0.6428988508430817 0
6550 3.572761219226214 0.9406319573256111 0
6551 3.504902470521832 0.6896435308509038 0
6552 3.592254501327477 0.9361584851927129 0
6553 3.03844916237271 1.205416069200941 0
6554 3.018955880271561 1.209889541333704 0
6555 3.539647155563795 0.9304604880222711 0
6556 3.485409188420587 0.6941170029838331 0
6557 3.368449495813936 0.7209578357813764 0
6558 3.559140437665052 0.9259870158893133 0
6559 3.794690444259265 1.102950838162926 0
6560 3.465915906319692 0.6985904751167109 0
6561 3.452295124758681 0.6839455336806554 0
6562 3.41330856055619 0.6928924779463125 0
6563 3.432801842657415 0.6884190058134536 0
6564 3.393815278454966 0.6973659500792712 0
6565 3.327587151131203 0.6770230114726831 0
6566 3.348956213712778 0.7254313079142957 0
6567 3.855046071043037 1.142412190337856 0
6568 3.335335432151779 0.7107863664779537 0
6569 1.767882010100025 1.212677185300417 0
6570 3.013083379731106 1.229007954903414 0
6571 1.902456588440927 1.128468362141553 0
6572 1.832226607105442 1.180132366587005 0
6573 1.828446680420857 1.074300040459144 0
6574 1.861593257490013 1.084534309142136 0
6575 1.78736770044547 1.208200767800796 0
6576 1.847973491902038 1.069888662060489 0
6577 1.781500295298811 1.227314232568804 0
6578 1.789249775299581 1.261073114756463 0
6579 1.863470054173346 1.137415371966646 0
6580 1.795121519263438 1.241955920899543 0
6581 1.705404516928479 1.298086211412687 0
6582 1.769756553514082 1.265546835449245 0
6583 1.750263330454084 1.270020564577482 0
6584 1.666418041302204 1.307033542235063 0
6585 1.65279751886561 1.29237212131746 0
6586 1.73077010691616 1.274494294291669 0
6587 1.671675809433944 1.235785926253448 0
6588 1.724897762421637 1.293612582012138 0
6589 1.69178359000497 1.283441433322528 0
6590 1.818574077173398 1.165518128427678 0
6591 1.822595905282995 1.093477280084874 0
6592 1.824440667842345 1.14639470969813 0
6593 1.838093489193373 1.161016775020428 0
6594 2.280577086862356 1.077234273593522 0
6595 1.857595572033147 1.156535216145643 0
6596 1.877090551343154 1.152060264569686 0
6597 1.896584071268162 1.147586429798198 0
6598 1.916077341319274 1.143112820740855 0
6599 1.935570601306008 1.138639248455546 0
6600 1.955063892154601 1.134165701349102 0
6601 2.362302073660457 1.165103776015767 0
6602 1.974557208595551 1.129692141666449 0
6603 1.994050431151882 1.125218539467513 0
6604 2.013543980006859 1.120745081784466 0
6605 2.066151182694086 1.126442196949794 0
6606 2.033037174645537 1.116271651409815 0
6607 2.046658011572425 1.130915875118851 0
6608 2.410913163110295 1.242803118403141 0
6609 2.072023338642873 1.107324207040469 0
6610 2.385547146765916 1.266392241624173 0
6611 2.091516695431793 1.102850674785907 0
6612 2.360181353372546 1.289981975668588 0
6613 2.111010379931657 1.098377216459945 0
6614 2.163617510626716 1.104074165221167 0
6615 2.35430916054828 1.309101200679453 0
6616 2.130503581863488 1.093903891507511 0
6617 2.144124357302658 1.108547852635072 0
6618 2.169489634302833 1.084956345931646 0
6619 2.188983006297899 1.080482859838134 0
6620 2.447779854059394 1.358738796286355 0
6621 2.208476250942562 1.076009256589429 0
6622 2.44190742031359 1.377856891531901 0
6623 2.43603356864274 1.396974190887147 0
6624 2.455274944067124 1.440202739478164 0
6625 2.416540272326539 1.401442502260083 0
6626 2.449228652681957 1.410583838606605 0
6627 2.402921744865563 1.386796173504436 0
6628 2.227969588966611 1.071535664376396 0
6629 2.247463311855919 1.067062298045187 0
6630 2.266957049814557 1.062589428281743 0
6631 2.27470356609604 1.096351274722451 0
6632 2.288323996332824 1.110996136134355 0
6633 2.301945082885046 1.125640971390894 0
6634 2.315566053089756 1.140285830811514 0
6635 2.329188069069029 1.154930676707513 0
6636 2.348681322164852 1.150458805933777 0
6637 2.356428199540829 1.184220486592737 0
6638 2.370048472508728 1.198865314075921 0
6639 2.38366964497189 1.213510187358191 0
6640 2.397291315153614 1.228155818400764 0
6641 2.367930419967607 1.323747110813726 0
6642 2.381551206320083 1.338391730094116 0
6643 2.401043010652214 1.333918741361726 0
6644 2.420536072188716 1.329445519339854 0
6645 2.43415670035162 1.344089964748305 0
6646 2.397049367193224 1.405909260501167 0
6647 2.407940145528149 1.417628516014444 0
6648 2.428300024911251 1.417750965906427 0
6649 3.963920847091698 1.079124476974614 0
6650 3.982155286677827 1.109654004441007 0
6651 3.981842446692776 1.069651764243398 0
6652 3.962856826247945 0.6733941282826286 0
6653 3.3172405652302 1.880991104176799 0
6654 1.803093043111811 1.097864990465877 0
6655 1.809013086139355 1.078731385974968 0
6656 2.008818556213905 0.6049418080437357 0
6657 0.9459849899089987 1.881502177494866 0
6658 3.981772346340052 1.029062277726416 0
6659 3.97983157137727 1.150396959297512 0
6660 3.98411988349087 1.446081006769925 0
6661 3.981724481149116 1.207052796799308 0
6662 3.980447657160589 0.6159696293887483 0
6663 3.983754350959696 0.6939106802800008 0
6664 3.980245872131727 0.7942155583026622 0
6665 3.445713037231468 1.415735117824542 0
6666 2.059126389909759 1.762490738560304 0
6667 1.369634150259153 0.716421726647261 0
6668 2.310815749169881 0.1199172497926082 0
6669 1.248937752815676 1.357999643941975 0
6670 1.229294098900512 1.013356820621011 0
6671 2.104990432318403 0.5838360034244227 0
6672 3.98395423055435 0.9111109201271888 0
6673 1.852675113651412 1.406572945129808 0
6674 1.563441286166659 1.348005699469857 0
6675 1.22543571278315 1.117234367918587 0
6676 1.555518766215005 1.314582395900716 0
6677 1.649755086804857 0.7789014686513003 0
6678 2.852082503226525 0.2786408280716696 0
6679 1.81602110673813 1.414170720914596 0
6680 3.895167641256537 1.439446289529248 0
6681 3.229711183833147 1.41034708152657 0
6682 1.794844160742379 1.063029356468383 0
6683 1.944145470610707 1.403312420120608 0
6684 1.539480980909629 0.3371804953377345 0
6685 2.451616450641377 0.2547657279654256 0
6686 1.565560569422648 1.276458716604057 0
6687 1.571175674302708 0.7245008762049399 0
6688 3.641536232533179 0.5534505062892183 0
6689 2.452544430754266 0.5767899697902541 0
6690 0.215800470230722 1.403506223240771 0
6691 0.6995222515773805 1.295865342987896 0
6692 1.779489773941781 0.5893603294307281 0
6693 1.654396621187642 0.5798836388985653 0
6694 1.606150442234012 1.263983004628613 0
6695 3.481463687757842 0.5868122522752506 0
6696 1.086178550995326 0.5248966090602977 0
6697 3.983440425232904 0.5541791553840847 0
6698 0.9682524518416596 0.3028503001600567 0
6699 1.772786969452046 1.516418583872431 0
6700 3.38494839239353 0.6114032386828525 0
6701 1.400460967435176 1.640502015894127 0
6702 1.328643057892086 1.690264356105096 0
6703 1.943646674452578 0.5868644518718994 0
6704 2.054247418705963 1.566524487546555 0
6705 0.9531370281443311 0.1121505892754729 0
6706 0.3317337849407642 0.8369487018555748 0
6707 1.724425907802878 1.418000553370771 0
6708 3.245124259641747 0.5882913214422448 0
6709 1.28290748082472 1.162416196292761 0
6710 0.1183946975911229 1.781181950398536 0
6711 0.3598948714265633 0.1222520276849803 0
6712 1.316195408723801 0.7606484032061123 0
6713 0.1197016122829866 0.2210978705297499 0
6714 0.7929797577090635 0.3249934249266355 0
6715 1.318710119045724 0.7985205770619558 0
6716 1.216014187264521 1.086955101359459 0
6717 1.184002340534166 1.08184312699954 0
6718 3.834150803278152 1.447380455615914 0
6719 1.732828450872477 0.8687714555582764 0
6720 3.564983305049815 0.5529275822532242 0
6721 3.980658357976373 0.5139513416517536 0
6722 3.359468287011482 1.39714999108015 0
6723 1.650230056408934 1.237915734798805 0
6724 0.330397082363462 1.126479562041728 0
6725 1.70873124533479 1.164550446229435 0
6726 0.3214363463559901 0.5357098038136531 0
6727 1.530356686571933 1.33982095165173 0
6728 3.964463230845459 1.313590281352638 0
6729 1.144906875194188 1.685674158386528 0
6730 3.983528668060546 0.9498721572479392 0
6731 3.964542173696552 1.135557226992806 0
6732 3.301691728375355 1.41016170396037 0
6733 3.98351815526587 0.5938855395773903 0
6734 3.96589443572703 0.7787996845156028 0
6735 1.136467394219682 1.886339397055256 0
6736 3.093140496572947 0.4483840060456174 0
6737 3.501034284795987 1.639396818869724 0
6738 2.089729591156752 1.405320644744935 0
6739 0.4769884870613853 0.3566381257500028 0
6740 2.103311798358233 1.419915877789182 0
6741 3.892623842611094 1.890928897487352 0
6742 1.203155659853378 1.789462724331704 0
6743 2.413561522056987 0.5825064867250783 0
6744 2.172178361035397 0.6070332968376416 0
6745 1.2116718502494 0.9444669603177558 0
6746 0.3850440167714789 1.880171773878331 0
6747 1.055433743788212 1.257234670920758 0
6748 1.503734193220055 0.7148239576528096 0
6749 1.838846339191739 0.5761038998823914 0
6750 1.825267132753729 0.5600768625653401 0
6751 2.541524770260321 0.3111030021663705 0
6752 2.036378734640292 0.4111349811292546 0
6753 3.371483704898233 0.311999085692592 0
6754 1.011161791247664 0.8448425577203285 0
6755 3.23467810550126 1.762254584836995 0
6756 0.5347777236570985 1.66218484538587 0
6757 1.924349821612728 1.405563459435543 0
6758 0.8902999793214627 0.3707234908440478 0
6759 0.783607616228264 1.314262080327855 0
6760 0.9889629501928191 1.506060728473475 0
6761 0.7246484119263831 1.384943789714482 0
6762 2.979811836415597 0.2480447607946271 0
6763 1.879566817953564 0.1122988166775571 0
6764 1.929207890928149 0.2361799505297484 0
6765 1.559718746159596 1.418086230354117 0
6766 2.273313874225051 0.359211012768003 0
6767 0.7097260572565163 0.7896306676713503 0
6768 2.904281977061682 0.5796610800482573 0
6769 1.768755316215731 0.4162183741690446 0
6770 2.210970771214911 1.528009974735019 0
6771 1.237517519433127 1.146597619646939 0
6772 1.667122938390016 0.7921331251508711 0
6773 3.966547632762264 0.5253947396263792 0
6774 3.250091620398245 1.626127385606996 0
6775 3.455136182578093 1.444703251051862 0
6776 3.236394422056496 0.5569766173903473 0
6777 3.225568216766513 0.5674314317463574 0
6778 1.04000485758647 1.02031447479757 0
6779 2.434378634819044 0.5819661142597028 0
6780 1.783413613320815 1.026684351376608 0
6781 1.522288499557568 0.7192924243066147 0
6782 1.540216894819514 0.7113420520127345 0
6783 1.765390907635378 1.160407519261796 0
6784 1.339233599332327 0.6031339205117248 0
6785 0.4624984274057438 1.772982269763332 0
6786 3.815439515394995 0.5672521382663547 0
6787 1.035976040877327 1.151661993098089 0
6788 1.558299701923314 0.6043108328923728 0
6789 3.646355432140066 1.421848452298318 0
6790 1.524096985265165 0.4296330428724837 0
6791 1.08816450374173 0.8613861466850939 0
6792 2.119100559535842 1.689025906249651 0
6793 0.8808625327728501 0.6120249303539077 0
6794 1.588024901019428 0.5630673057314159 0
6795 1.32792021188034 0.4019202334704726 0
6796 1.331994418493767 1.613832201212492 0
6797 3.340131153547855 1.400421672494289 0
6798 3.392210011500152 0.592261678547002 0
6799 3.626952502565333 0.3811690637779859 0
6800 3.575196838918333 1.604962944804474 0
6801 1.542064208541616 0.6647386931986751 0
6802 1.178277484433386 1.600720707142859 0
6803 3.955123554022729 0.8717194161844356 0
6804 3.872190444472551 1.54482989205198 0
6805 3.857315930788232 1.641945442402275 0
6806 3.851692254245932 1.728706345273768 0
6807 1.240204664726407 0.8604264403484669 0
6808 3.971665070302006 0.7582964456998407 0
6809 3.978323177560212 1.484184540543181 0
6810 3.955182976384978 1.484876460293356 0
6811 3.939531680975309 1.471748070712812 0
6812 1.80795714459756 1.432072708557346 0
6813 0.3284369055918925 1.429485055971815 0
6814 1.685429883185807 0.7870016485374919 0
6815 1.225296007411085 0.6957663361169365 0
6816 3.912926931371095 0.5451776526072419 0
6817 1.418199137466516 1.400093294354469 0
6818 3.520051653777566 0.5812850593283593 0
6819 3.903176162117878 0.09878245855465388 0
6820 1.150346373941872 0.7536804240049646 0
6821 3.760086368470381 1.884421531253615 0
6822 3.353795600489487 0.6032461930210491 0
6823 3.781775497314454 1.442769272834721 0
6824 3.300609460883285 0.1126617784659078 0
6825 3.131105721569635 1.430337655176658 0
6826 1.464916513320836 0.7323004363092238 0
6827 1.602600788501177 1.578627030751519 0
6828 3.968551185153485 1.416918231979263 0
6829 3.798398064007777 1.457104761857014 0
6830 1.373961235439831 0.1089899034327455 0
6831 0.1097420833684922 0.9043645784113832 0
6832 2.821673718759434 0.6168816291602151 0
6833 1.14836748287097 0.4868626496864071 0
6834 1.527038955147793 0.246607341850435 0
6835 3.964207410223414 1.363329819007054 0
6836 1.782749790538181 0.9960206894135584 0
6837 2.116834634748128 0.1102211944320366 0
6838 2.068402235938649 0.5962220479642449 0
6839 3.986758586316017 1.188482232059118 0
6840 1.696041987394875 0.5558838786456186 0
6841 2.037542235013945 1.397996198313565 0
6842 1.591561120211068 1.427917754815563 0
6843 1.340224991590273 1.217266776661801 0
6844 1.894745975405723 0.3310995245781155 0
6845 2.80107937698508 0.6218010309574225 0
6846 3.98459114003608 1.384092880875377 0
6847 1.521503738496407 0.6834912180579569 0
6848 3.443708795116383 1.433540360267159 0
6849 3.965394423969986 1.008929397501839 0
6850 1.538265681585307 0.5792254775374057 0
6851 0.2184727397822583 1.103610166548664 0
6852 1.330335360794942 1.786927660557386 0
6853 3.98719395777235 0.8321707595185821 0
6854 3.241037938900491 1.421850938034453 0
6855 0.7423466594824637 1.166996628777552 0
6856 3.775560283749737 1.604611834231526 0
6857 1.76925157542217 0.5762514679785917 0
6858 0.7679081629031467 0.2182510617383494 0
6859 0.8877597499741829 0.2366644180139165 0
6860 3.986827682271336 0.653729518102219 0
6861 2.152190871045919 0.6102495012621988 0
6862 1.373314072140744 1.401541125960546 0
6863 0.1042041877142645 1.09522144253984 0
6864 2.030834168652147 0.3042512359046494 0
6865 1.39513062407733 0.6950794933661586 0
6866 1.104200957075528 0.7313451442901966 0
6867 1.737430917454424 0.8464708324319151 0
6868 0.9220396034273312 1.56807657150135 0
6869 3.335413360250732 0.6035779863743784 0
6870 3.434897320235782 0.5667700225516534 0
6871 3.437554565806696 0.5475377399526713 0
6872 1.178998535911316 0.6770062167579521 0
6873 1.547665945638836 0.6311743106252459 0
6874 1.799111569738221 0.5853651034362075 0
6875 2.125781452567655 1.554381711277996 0
6876 1.549914829393411 1.332773869921717 0
6877 3.889430261794431 0.3510570448720287 0
6878 0.6837228019977651 0.7019814467652942 0
6879 2.016284903656034 1.400924497952031 0
6880 3.24845882814312 0.5691104532221118 0
6881 0.8389980707128224 0.6766753190026209 0
6882 1.362536687687223 1.259105642635656 0
6883 1.384010656213628 1.274034611466784 0
6884 1.687687918473461 1.426811496028052 0
6885 1.243382372229207 1.316302706547708 0
6886 3.968030648864781 0.7042790177143874 0
6887 0.2143655601080172 0.8137692035076496 0
6888 3.004526748270264 0.4488446954348589 0
6889 1.411494477686075 0.7475268516498774 0
6890 3.807398611056674 0.4175623907952742 0
6891 1.555162760267349 0.6759536225911204 0
6892 3.399058291597056 1.407802878810849 0
6893 3.926067615211994 1.444622207235974 0
6894 3.265232909691401 1.416940525028657 0
6895 3.451739756372763 0.561600173846782 0
6896 3.416395099347494 0.5716031075056067 0
6897 1.239661653141872 1.696888302348025 0
6898 0.9566116149976273 1.026681798392384 0
6899 3.965365983826398 1.470092060481139 0
6900 2.336333521923224 0.553368552688847 0
6901 2.093559434124809 1.451401279753304 0
6902 3.969584273099778 0.5813417143560584 0
6903 1.502947595348411 1.28289284129811 0
6904 1.513064760401856 1.301222874811914 0
6905 1.703143015768034 0.7834456715665219 0
6906 2.288114001719889 0.5824092854829082 0
6907 2.273828895772028 0.5738591232305971 0
6908 1.758186199018067 0.8912053007336154 0
6909 3.848635783726121 1.442473861887398 0
6910 1.775658961790665 0.9396197836902289 0
6911 3.501836201256344 1.451078685054135 0
6912 1.794580875589206 0.2925676617381274 0
6913 3.969230434334986 0.9383204139818573 0
6914 1.550234861507628 0.6959836703878424 0
6915 3.819768969099492 0.3520743180097272 0
6916 3.780685666701186 0.2126791487036727 0
6917 1.738542095181844 1.431628765976789 0
6918 2.592408347870728 0.6009293963544872 0
6919 3.795613396739885 0.5718707100658738 0
6920 3.78511412542381 0.5594212420436167 0
6921 1.662956781443813 1.207248933058437 0
6922 0.7631589106477659 1.468053170776115 0
6923 1.702845358550005 1.195490125707197 0
6924 1.717810801634488 0.7997626681468283 0
6925 0.3526488058816194 0.3296845414819608 0
6926 3.699450918888155 1.439115056915106 0
6927 0.2213796857643514 1.734971421082353 0
6928 2.116391897540469 0.5716201557068631 0
6929 2.112497024553679 0.5565526844108913 0
6930 3.967064425129959 1.237825362800733 0
6931 1.014328052667447 0.9212525510597926 0
6932 3.547515733334209 0.5607542396637664 0
6933 1.190703366026454 0.9559295115396312 0
6934 1.997726392092036 1.40492163914489 0
6935 3.563895644767296 1.434722469590253 0
6936 3.485826354829857 1.453390724104657 0
6937 1.219577190782799 1.174160187683041 0
6938 3.909760560472686 1.448563120978273 0
6939 2.08342331020998 1.440302032888077 0
6940 1.586895968873878 0.7346465271390661 0
6941 1.548096565937167 0.5921060863934827 0
6942 2.283618782969299 0.246859925866355 0
6943 1.611220937073418 1.422420295509847 0
6944 0.2310458579959321 1.53489988533026 0
6945 3.865744294244676 0.5379424254316121 0
6946 3.865253743204566 0.5266980575545109 0
6947 1.210810954827508 0.9718034459715768 0
6948 2.205858040060897 0.6199276550920071 0
6949 2.367289905994714 0.2057047221587121 0
6950 1.584229729202324 0.3971713511585148 0
6951 2.73290336842233 0.5151899919857731 0
6952 2.702171611138474 0.5895288435618089 0
6953 2.688550847681708 0.5748839374098091 0
6954 2.707356250324572 0.571049987562831 0
6955 2.693821644230902 0.5572027883040471 0
6956 2.721550177264471 0.5851618232200455 0
6957 2.726220881368916 0.5639853908220278 0
6958 2.739501574152121 0.5808842318750772 0
6959 2.744203280174448 0.567351848016047 0
6960 2.770038242994324 0.5934982812773023 0
6961 2.735029758166527 0.548286514777518 0
6962 2.71937970609999 0.5478033292223071 0
6963 2.734531202739898 0.599627258562932 0
6964 2.715647473714541 0.6041792453933379 0
6965 2.748102173141622 0.6143838412209444 0
6966 2.752273294071943 0.5959998088023275 0
6967 2.75609529479513 0.5804582040984787 0
6968 2.768605955687876 0.5606949781348051 0
6969 3.967001158777044 1.059862202268642 0
6970 1.660362598540249 1.429286485204197 0
6971 2.364632674690192 1.464589909419336 0
6972 2.38965066588215 1.424396236330232 0
6973 2.406549147808536 1.445866709954977 0
6974 2.377301122162069 1.410276636027479 0
6975 2.370979872319746 1.428603794530042 0
6976 2.363892915141984 1.395723870454474 0
6977 2.358422268770362 1.414197365873642 0
6978 2.34019903531747 1.417393581261208 0
6979 2.32522041808031 1.40436821403608 0
6980 2.305500886867151 1.409112134681541 0
6981 2.300766909345544 1.424450191111569 0
6982 2.321398162067904 1.423578481622224 0
6983 2.338452251683487 1.43027705567928 0
6984 2.312141907989412 1.44865570108558 0
6985 2.263624105107383 1.486367363846117 0
6986 2.242159622658758 1.44049036544932 0
6987 2.283359110581256 1.432328083949986 0
6988 2.260596743768684 1.437232118435707 0
6989 2.253611769199699 1.453277907635055 0
6990 2.223626243923147 1.446753302091617 0
6991 2.2384316810185 1.45285235936718 0
6992 2.215577021202512 1.467677931434488 0
6993 2.18923930323994 1.44669769621409 0
6994 2.267013922264545 1.418041910217994 0
6995 2.272005139235092 1.454893600076717 0
6996 2.353913697251779 1.430261398388823 0
6997 2.36293547586989 1.442727096897027 0
6998 2.378949567314103 1.441236749426323 0
6999 1.226775277989779 0.8804465947591782 0
7000 3.719487773656868 0.5928626622772318 0
7001 0.964007587087198 0.9644777840238865 0
7002 1.795602403023294 0.9601470206637293 0
7003 1.97777778318969 0.5804339293843834 0
7004 3.965603671011837 0.885899925794351 0
7005 3.610028865045174 1.426753454426608 0
7006 1.32090677819384 1.1993517316816 0
7007 1.858088924549917 0.5737820382914546 0
7008 1.861657427936946 0.5571110119074751 0
7009 1.62362233781926 0.7458417719861274 0
7010 2.351109280161627 0.5507808646493446 0
7011 2.359627356488515 0.5381954566563579 0
7012 1.47428439039225 0.1026503866326991 0
7013 0.1988284545600793 1.293616924655702 0
7014 3.583398010109331 0.5298005849227055 0
7015 2.58954425937904 1.528770219968258 0
7016 1.643798505552307 1.431981292032699 0
7017 2.300099603868134 0.5584064349901803 0
7018 1.629623402127583 1.229613714375364 0
7019 3.92949363235403 1.630085336229566 0
7020 1.509603990148067 1.425109332571448 0
7021 0.9967958837079862 1.007189129235492 0
7022 1.656342564908329 1.689791838387065 0
7023 1.607583570326991 0.5612256588203531 0
7024 1.874188691688191 0.5699634455751046 0
7025 1.885607000426486 0.5495965857843758 0
7026 1.925112236531221 0.5470959327187829 0
7027 1.904694611965541 0.5645728213285467 0
7028 1.918829387434851 0.5730365657373881 0
7029 1.944820912690806 0.5566952665838238 0
7030 1.290181398739594 0.6436726509468939 0
7031 3.297825774515795 1.426005108770132 0
7032 1.725166313780045 0.8318781680990623 0
7033 1.212513077804468 1.391373566499472 0
7034 0.1064691983955705 0.1057096490114037 0
7035 3.216830328958602 1.442811483025106 0
7036 0.1034691708323458 1.897040764110342 0
7037 2.37439879314349 1.800190421698159 0
7038 2.541106512337589 0.2130602561263042 0
7039 2.151434265156071 1.774071542503985 0
7040 3.276625284344887 0.5839910984983354 0
7041 3.987930916260575 0.8712073115542982 0
7042 2.211016328756283 0.5942748622255388 0
7043 2.397153231698217 0.5703177878913217 0
7044 1.806134614211457 0.5688777565558414 0
7045 1.436276864193273 1.439792274488688 0
7046 2.688511949026952 1.556908676145181 0
7047 2.756332619075651 1.54270826734577 0
7048 2.821744724292753 1.552102362662274 0
7049 3.38007679254433 0.5815951549284498 0
7050 1.949230749845611 0.5445421479685657 0
7051 1.2971225694254 1.206029929128243 0
7052 2.505032599669986 1.491400244336575 0
7053 1.313981525990289 0.3107681043476884 0
7054 3.420855128489911 0.5456182830208254 0
7055 3.837627847149868 1.812740607794555 0
7056 2.770511574971395 0.5807724909919894 0
7057 2.765665668795506 0.2218951631208714 0
7058 1.551865512853091 0.7228908923245319 0
7059 1.564761326690443 0.587143030417917 0
7060 3.986754368441138 0.7552184096811313 0
7061 1.95236905025545 0.5698487491661439 0
7062 1.991692009718439 0.5935339650676423 0
7063 3.490097421032457 0.5756927286479336 0
7064 1.041553603441146 1.858167073361163 0
7065 2.327552591618363 0.5395885738199665 0
7066 2.262161715863876 1.797098201491444 0
7067 3.545874583760011 0.5763207389615953 0
7068 3.937197402035831 1.45494301939491 0
7069 1.583999807832878 0.5476856219668853 0
7070 0.840255158835023 1.458476717046683 0
7071 3.266021017719197 0.3348613754912268 0
7072 3.985408346993006 1.410971765708889 0
7073 1.633503716678168 1.630229178934218 0
7074 3.360968067495768 0.5890931543316912 0
7075 3.357214092671213 0.5619616956918418 0
7076 2.019670283874262 0.2129645207461301 0
7077 3.881009645916761 1.44700690737979 0
7078 3.68567532782451 1.8050096047004 0
7079 2.125027234336886 0.5835450138747325 0
7080 2.28009894483708 0.556730005072116 0
7081 2.709655823643136 0.55616705093747 0
7082 1.732368109639092 0.5732764903028106 0
7083 3.36719392096155 1.411614939641522 0
7084 0.3262872083835693 0.2242225322719865 0
7085 3.086220990805407 1.473043693809901 0
7086 1.905893439210336 0.5800956013225685 0
7087 2.255809236256198 0.5680954569248213 0
7088 2.570711669069658 0.5825014860133437 0
7089 1.279132147952722 1.185322204536557 0
7090 2.180317883872906 1.453058218581507 0
7091 3.720886481151085 0.5687291366133997 0
7092 1.365327755715751 0.6380819413695609 0
7093 1.301570916618487 0.2049156526111221 0
7094 3.530043804401446 1.44549100623517 0
7095 3.533673251138965 1.456312668641838 0
7096 3.578531059863034 1.431796717015414 0
7097 3.411846645624672 1.41240902644683 0
7098 2.091516304814294 0.5705609740334625 0
7099 3.985667186981339 0.7276112639525455 0
7100 1.668241278765031 0.5657253269113162 0
7101 1.662048126463618 0.5445280246283888 0
7102 1.690357747416319 0.5455603242280695 0
7103 1.499107245857709 1.388428153156121 0
7104 3.97011183603439 1.219600800249502 0
7105 1.736193725400122 1.153138409133412 0
7106 1.727878326857015 1.568646110179643 0
7107 1.147430898851304 0.7116643035841697 0
7108 3.987831455263571 1.347002612733933 0
7109 3.968008208951606 1.119667112368845 0
7110 0.9709108301020468 1.086498895469198 0
7111 2.042998321917347 0.6017139932256227 0
7112 2.040008518154992 0.5906363449673624 0
7113 2.022917781977501 0.5924019594350272 0
7114 1.712967693649059 0.8175220406976473 0
7115 1.968190172129766 0.5687034178875465 0
7116 0.5811779485680608 1.794901951551855 0
7117 3.464735692953602 0.5756753405350361 0
7118 3.307841797980813 0.6134249940850232 0
7119 3.300977903981088 0.5988185274139196 0
7120 3.307599293293331 0.5858000376157704 0
7121 3.308721696044681 0.560337552928749 0
7122 3.327179245765132 0.5814072625690545 0
7123 3.279139525489029 0.5674594289446977 0
7124 3.269525588230084 0.5735557678717206 0
7125 2.898143689360277 1.54511027283473 0
7126 3.26434303586066 0.5663022871765618 0
7127 3.967975371040689 1.166638958610527 0
7128 3.970073424491408 1.041749978080847 0
7129 3.516822444103066 0.5652646210936108 0
7130 3.510039212080926 0.5497485530346461 0
7131 3.530539971254794 0.5534516774427227 0
7132 3.527655850221947 0.5283164614393326 0
7133 2.271651541499216 0.5879187390729489 0
7134 1.199408448445419 1.20216136287008 0
7135 3.967719105128807 1.297734730119352 0
7136 1.367699321705563 0.741561179980624 0
7137 3.377808566367595 1.387652276679572 0
7138 3.625789455419199 0.304741782702694 0
7139 2.602794127459331 0.5888922893413432 0
7140 1.570389472888372 0.5711351402856722 0
7141 1.534146528639371 1.357722573630425 0
7142 3.611969774819072 1.438831554470274 0
7143 1.012142796445759 1.233250025416133 0
7144 3.551493034919696 1.851073619561257 0
7145 0.1994610752956425 0.7161453212273224 0
7146 1.443229683056824 1.806505742639416 0
7147 2.183998717672701 0.604574776105202 0
7148 0.9996142259842413 1.172879193540579 0
7149 1.661865372391357 1.223416965311506 0
7150 3.561009518256284 1.690048939879245 0
7151 3.822305856696141 0.5524630415241275 0
7152 3.837067173916846 0.5466271736571499 0
7153 1.820888730766992 1.428702826862962 0
7154 3.143291650121627 1.440620794076973 0
7155 3.155251487030019 1.462665485077417 0
7156 1.979026272692599 1.739945290307975 0
7157 2.158980434090014 0.5965479840766528 0
7158 1.735836674560356 1.444087492852056 0
7159 3.968479555247996 0.8110252512717776 0
7160 1.546105079662655 1.301610675795442 0
7161 2.961869515510561 1.636179489929792 0
7162 1.262843977021444 0.6769821504680524 0
7163 1.482556239793369 0.7149349911053411 0
7164 1.701414925943928 1.743398271445778 0
7165 3.716560359127508 0.1797808827037288 0
7166 3.968236398852118 0.6332020666246577 0
7167 1.888317101258596 1.412688946315088 0
7168 3.848171319972587 0.1723413245189519 0
7169 2.134059770543615 0.5989602710260968 0
7170 1.200701610063153 0.876895541970809 0
7171 3.970177675710127 0.6863810175870412 0
7172 1.21195414700727 0.9968772627924358 0
7173 1.146733355179401 0.9837673298399335 0
7174 3.470016758542174 0.5612075235091148 0
7175 3.39045899972229 0.1272640352337772 0
7176 2.490578217043571 1.802465274350549 0
7177 2.214746709388391 0.09961872738010924 0
7178 1.801025973908834 1.474291333738819 0
7179 1.770223379620737 1.466217927090078 0
7180 1.789286428942805 1.454884369429957 0
7181 1.791114980889216 1.436952361465463 0
7182 1.802926652007808 1.449096015098918 0
7183 1.054952786946011 0.8534164969292195 0
7184 3.613078936487374 0.5617189487627642 0
7185 3.605032563911211 0.5495673958369331 0
7186 0.6134354432423164 1.896377784479765 0
7187 3.970670554617509 1.454853393719401 0
7188 2.228674450206412 0.5933281695411562 0
7189 2.24463746455864 0.5862254725102169 0
7190 2.142928549322589 0.5859813314664378 0
7191 0.6579066678301474 0.8525607531657544 0
7192 1.992106197983795 0.5787965334609089 0
7193 1.165155439145393 1.10783836009569 0
7194 2.427642755980715 0.5691086185810934 0
7195 1.76126963072412 0.3454463841638593 0
7196 2.677974015939851 0.5011546275606289 0
7197 2.644870437668284 0.5428547951365286 0
7198 2.606581555109355 0.5607573503695996 0
7199 2.700004950314407 0.5243013642863602 0
7200 2.669305341532861 0.5796715288395817 0
7201 2.641807988680535 0.57154830561061 0
7202 2.675779611516356 0.5608098585665109 0
7203 2.686158185832691 0.5418511153460031 0
7204 2.663289687983368 0.598793129708859 0
7205 2.644331786514751 0.6036714530837013 0
7206 2.657884462928862 0.5645285754847259 0
7207 2.651537520462671 0.5845573284868636 0
7208 2.717763683838911 0.5352749918096191 0
7209 2.630878848032757 0.589833405117979 0
7210 2.703617323907042 0.5429173405914923 0
7211 2.674926852175273 0.5314163794547 0
7212 2.667923910024293 0.5482921447976937 0
7213 2.612136388367152 0.5995700760819611 0
7214 2.095552393570384 1.623654374683395 0
7215 2.197881325928058 1.898259767974702 0
7216 1.855242106588189 0.275087063331361 0
7217 3.316011263097305 1.423799901778486 0
7218 1.626185503878209 1.432617902967821 0
7219 2.316902718799145 0.554826327972967 0
7220 1.069761989732945 0.7715809390416288 0
7221 1.313964345756882 0.5691358989970891 0
7222 0.6913189541870886 1.225798302905121 0
7223 2.325938295349204 1.436379568929677 0
7224 2.342774353735388 1.441828216953841 0
7225 1.710050315378601 1.178804065789364 0
7226 1.386774677943733 1.300446385843876 0
7227 0.2139493809291065 0.5372745669425771 0
7228 1.870046643775569 1.415826332523305 0
7229 3.972867266324991 0.5637751624285148 0
7230 1.386422803618561 0.5700192324854878 0
7231 2.097952185358131 0.5550803111222331 0
7232 2.472352969079398 0.5130798355563884 0
7233 2.441788781395281 0.5393794176684849 0
7234 2.467253944354431 0.5468218436154487 0
7235 2.498179209521683 0.54779165153871 0
7236 2.516121645032129 0.5439058696487989 0
7237 2.502468657147383 0.5223144419887144 0
7238 2.484136945869148 0.5330172457092032 0
7239 2.45539914992523 0.5578412774339114 0
7240 2.471464921785741 0.5681408061715066 0
7241 2.482555428198531 0.5525016380417228 0
7242 2.466383160174564 0.5330745856373813 0
7243 2.51213504578639 0.4770295937161215 0
7244 3.021771835056603 1.785290502913436 0
7245 3.972664384076548 0.9206685934868609 0
7246 1.546518218308907 1.422523324459293 0
7247 1.534425828833743 1.423932543874658 0
7248 1.532265958959987 1.435951912245315 0
7249 1.570613606477933 1.429122715104561 0
7250 1.79149766881816 0.1187872208004547 0
7251 1.83233562635174 1.404361516904779 0
7252 2.926578030770218 0.5083453445121759 0
7253 2.965069132642889 0.5094529549018647 0
7254 2.941445341857504 0.5305105734195055 0
7255 2.925636299232178 0.5537704239282569 0
7256 2.94723971029951 0.5503476258591748 0
7257 2.972797993032998 0.5319344100793838 0
7258 2.98856163314065 0.5261754730435567 0
7259 2.957995632530981 0.5351396250495324 0
7260 2.874352449540511 0.517504673305047 0
7261 2.873856060873275 0.5706249206744356 0
7262 2.8168922540029 0.5723621406051276 0
7263 2.849473572362899 0.550235561146362 0
7264 2.906133734236847 0.5298406817530105 0
7265 2.873579719574855 0.543180973607798 0
7266 2.840834396949455 0.5773511229785442 0
7267 2.922718896095516 0.5364805447119614 0
7268 2.826833616109756 0.5959084236528432 0
7269 2.847947095069613 0.5932888903584788 0
7270 2.890787360766238 0.5664366517640556 0
7271 2.893402627264845 0.5480912394055278 0
7272 2.910633242030368 0.5459917877046152 0
7273 2.886272306410978 0.5341243834872121 0
7274 2.81242057158292 0.5922359761303237 0
7275 2.789395771276335 0.5861550533220211 0
7276 2.788177505608408 0.6061908504531771 0
7277 2.858070440732147 0.5741611447097557 0
7278 2.866767135790128 0.558852978255857 0
7279 2.925798104277353 0.5251499920006649 0
7280 2.879678580853868 0.5574373527415347 0
7281 2.22944526173351 1.458385722518935 0
7282 2.244431495882849 1.465035908281296 0
7283 2.258418127356256 1.464893694959796 0
7284 1.216865848866578 0.9228725641352331 0
7285 1.079529430752876 0.6971705765365694 0
7286 2.057849714297832 0.5834968459907369 0
7287 1.830795885151987 1.564998868141237 0
7288 1.748347824474497 0.8757587942848595 0
7289 1.898063220422754 1.426919532194161 0
7290 2.628099069978944 0.57007031106767 0
7291 2.799602470603846 0.5978949415464458 0
$EndNodes
$Elements
14582
1 1 2 12 1 1 9
2 1 2 12 1 9 10
3 1 2 12 1 10 11
4 1 2 12 1 11 12
5 1 2 12 1 12 13
6 1 2 12 1 13 14
7 1 2 12 1 14 15
8 1 2 12 1 15 16
9 1 2 12 1 16 17
10 1 2 12 1 17 18
11 1 2 12 1 18 19
12 1 2 12 1 19 20
13 1 2 12 1 20 21
14 1 2 12 1 21 22
15 1 2 12 1 22 23
16 1 2 12 1 23 24
17 1 2 12 1 24 25
18 1 2 12 1 25 26
19 1 2 12 1 26 27
20 1 2 12 1 27 28
21 1 2 12 1 28 29
22 1 2 12 1 29 30
23 1 2 12 1 30 31
24 1 2 12 1 31 32
25 1 2 12 1 32 33
26 1 2 12 1 33 34
27 1 2 12 1 34 2
28 1 2 11 2 2 35
29 1 2 11 2 35 36
30 1 2 11 2 36 37
31 1 2 11 2 37 38
32 1 2 11 2 38 39
33 1 2 11 2 39 40
34 1 2 11 2 40 41
35 1 2 11 2 41 42
36 1 2 11 2 42 43
37 1 2 11 2 43 44
38 1 2 11 2 44 45
39 1 2 11 2 45 46
40 1 2 11 2 46 47
41 1 2 11 2 47 48
42 1 2 11 2 48 49
43 1 2 11 2 49 50
44 1 2 11 2 50 51
45 1 2 11 2 51 52
46 1 2 11 2 52 53
47 1 2 11 2 53 54
48 1 2 11 2 54 55
49 1 2 11 2 55 56
50 1 2 11 2 56 57
51 1 2 11 2 57 58
52 1 2 11 2 58 59
53 1 2 11 2 59 60
54 1 2 11 2 60 61
55 1 2 11 2 61 62
56 1 2 11 2 62 63
57 1 2 11 2 63 64
58 1 2 11 2 64 65
59 1 2 11 2 65 66
60 1 2 11 2 66 67
61 1 2 11 2 67 68
62 1 2 11 2 68 69
63 1 2 11 2 69 70
64 1 2 11 2 70 71
65 1 2 11 2 71 72
66 1 2 11 2 72 73
67 1 2 11 2 73 74
68 1 2 11 2 74 75
69 1 2 11 2 75 76
70 1 2 11 2 76 77
71 1 2 11 2 77 78
72 1 2 11 2 78 79
73 1 2 11 2 79 80
74 1 2 11 2 80 81
75 1 2 11 2 81 82
76 1 2 11 2 82 83
77 1 2 11 2 83 84
78 1 2 11 2 84 85
79 1 2 11 2 85 86
80 1 2 11 2 86 87
81 1 2 11 2 87 88
82 1 2 11 2 88 89
83 1 2 11 2 89 90
84 1 2 11 2 90 91
85 1 2 11 2 91 92
86 1 2 11 2 92 93
87 1 2 11 2 93 3
88 1 2 12 3 3 94
89 1 2 12 3 94 95
90 1 2 12 3 95 96
91 1 2 12 3 96 97
92 1 2 12 3 97 98
93 1 2 12 3 98 99
94 1 2 12 3 99 100
95 1 2 12 3 100 101
96 1 2 12 3 101 102
97 1 2 12 3 102 103
98 1 2 12 3 103 104
99 1 2 12 3 104 105
100 1 2 12 3 105 106
101 1 2 12 3 106 107
102 1 2 12 3 107 108
103 1 2 12 3 108 109
104 1 2 12 3 109 110
105 1 2 12 3 110 111
106 1 2 12 3 111 112
107 1 2 12 3 112 113
108 1 2 12 3 113 114
109 1 2 12 3 114 115
110 1 2 12 3 115 116
111 1 2 12 3 116 117
112 1 2 12 3 117 118
113 1 2 12 3 118 119
114 1 2 12 3 119 4
115 1 2 10 4 4 120
116 1 2 10 4 120 121
117 1 2 10 4 121 122
118 1 2 10 4 122 123
119 1 2 10 4 123 124
120 1 2 10 4 124 125
121 1 2 10 4 125 126
122 1 2 10 4 126 127
123 1 2 10 4 127 128
124 1 2 10 4 128 129
125 1 2 10 4 129 130
126 1 2 10 4 130 131
127 1 2 10 4 131 132
128 1 2 10 4 132 1
129 1 2 12 5 5 133
130 1 2 12 5 133 134
131 1 2 12 5 134 135
132 1 2 12 5 135 136
133 1 2 12 5 136 137
134 1 2 12 5 137 138
135 1 2 12 5 138 139
136 1 2 12 5 139 140
137 1 2 12 5 140 141
138 1 2 12 5 141 142
139 1 2 12 5 142 143
140 1 2 12 5 143 144
141 1 2 12 5 144 145
142 1 2 12 5 145 146
143 1 2 12 5 146 147
144 1 2 12 5 147 148
145 1 2 12 5 148 149
146 1 2 12 5 149 150
147 1 2 12 5 150 151
148 1 2 12 5 151 6
149 1 2 12 6 6 152
150 1 2 12 6 152 153
151 1 2 12 6 153 154
152 1 2 12 6 154 155
153 1 2 12 6 155 156
154 1 2 12 6 156 157
155 1 2 12 6 157 158
156 1 2 12 6 158 159
157 1 2 12 6 159 160
158 1 2 12 6 160 161
159 1 2 12 6 161 162
160 1 2 12 6 162 163
161 1 2 12 6 163 164
162 1 2 12 6 164 165
163 1 2 12 6 165 166
164 1 2 12 6 166 7
165 1 2 12 7 7 167
166 1 2 12 7 167 168
167 1 2 12 7 168 169
168 1 2 12 7 169 170
169 1 2 12 7 170 171
170 1 2 12 7 171 172
171 1 2 12 7 172 173
172 1 2 12 7 173 174
173 1 2 12 7 174 175
174 1 2 12 7 175 176
175 1 2 12 7 176 177
176 1 2 12 7 177 178
177 1 2 12 7 178 179
178 1 2 12 7 179 180
179 1 2 12 7 180 181
180 1 2 12 7 181 8
181 1 2 12 8 8 182
182 1 2 12 8 182 183
183 1 2 12 8 183 184
184 1 2 12 8 184 185
185 1 2 12 8 185 186
186 1 2 12 8 186 187
187 1 2 12 8 187 188
188 1 2 12 8 188 189
189 1 2 12 8 189 190
190 1 2 12 8 190 191
191 1 2 12 8 191 192
192 1 2 12 8 192 193
193 1 2 12 8 193 194
194 1 2 12 8 194 195
195 1 2 12 8 195 196
196 1 2 12 8 196 197
197 1 2 12 8 197 198
198 1 2 12 8 198 199
199 1 2 12 8 199 200
200 1 2 12 8 200 5
201 2 2 1 1 3404 3405 7085
202 2 2 1 1 7264 7252 7279
203 2 2 1 1 63 64 6232
204 2 2 1 1 4920 4919 5930
205 2 2 1 1 3800 4055 7005
206 2 2 1 1 607 608 4250
207 2 2 1 1 4175 636 4178
208 2 2 1 1 7254 7255 7267
209 2 2 1 1 7262 7266 7268
210 2 2 1 1 503 4106 7082
211 2 2 1 1 7255 7254 7256
212 2 2 1 1 243 684 685
213 2 2 1 1 567 6764 6864
214 2 2 1 1 393 394 6939
215 2 2 1 1 6971 6997 6998
216 2 2 1 1 338 339 6753
217 2 2 1 1 770 681 7092
218 2 2 1 1 4106 4108 7082
219 2 2 1 1 387 389 4953
220 2 2 1 1 684 243 686
221 2 2 1 1 6754 606 6931
222 2 2 1 1 2363 7025 7027
223 2 2 1 1 235 39 357
224 2 2 1 1 352 239 365
225 2 2 1 1 5930 4919 5931
226 2 2 1 1 3181 3220 6780
227 2 2 1 1 7049 7074 7075
228 2 2 1 1 239 32 373
229 2 2 1 1 4406 350 6816
230 2 2 1 1 734 451 7136
231 2 2 1 1 4157 642 4216
232 2 2 1 1 307 308 6755
233 2 2 1 1 4457 3800 7005
234 2 2 1 1 239 352 366
235 2 2 1 1 4094 929 6134
236 2 2 1 1 516 6929 7231
237 2 2 1 1 7263 7265 7278
238 2 2 1 1 268 91 7019
239 2 2 1 1 719 587 4842
240 2 2 1 1 506 505 7044
241 2 2 1 1 745 4093 6873
242 2 2 1 1 753 755 4212
243 2 2 1 1 693 464 4250
244 2 2 1 1 7179 4840 7180
245 2 2 1 1 738 6754 6931
246 2 2 1 1 357 39 6721
247 2 2 1 1 106 396 397
248 2 2 1 1 2363 7024 7025
249 2 2 1 1 3795 4149 5935
250 2 2 1 1 593 594 3159
251 2 2 1 1 274 4096 7077
252 2 2 1 1 4100 232 6846
253 2 2 1 1 488 4738 7069
254 2 2 1 1 455 436 737
255 2 2 1 1 232 4100 6835
256 2 2 1 1 6678 4169 6762
257 2 2 1 1 728 729 6914
258 2 2 1 1 7201 7197 7206
259 2 2 1 1 6811 6265 6899
260 2 2 1 1 411 464 693
261 2 2 1 1 308 6653 6755
262 2 2 1 1 413 691 7033
263 2 2 1 1 373 265 7165
264 2 2 1 1 78 79 6354
265 2 2 1 1 5926 5927 5931
266 2 2 1 1 490 489 7140
267 2 2 1 1 4434 257 6354
268 2 2 1 1 6810 6811 6899
269 2 2 1 1 732 453 733
270 2 2 1 1 6101 220 6650
271 2 2 1 1 743 742 6873
272 2 2 1 1 4119 666 7141
273 2 2 1 1 4652 4651 7189
274 2 2 1 1 718 4129 4130
275 2 2 1 1 7123 7124 7126
276 2 2 1 1 755 624 4212
277 2 2 1 1 6658 4083 6849
278 2 2 1 1 376 244 398
279 2 2 1 1 306 6805 6856
280 2 2 1 1 4149 3795 6910
281 2 2 1 1 608 659 4250
282 2 2 1 1 334 330 6688
283 2 2 1 1 721 722 6673
284 2 2 1 1 1125 288 7096
285 2 2 1 1 96 374 7144
286 2 2 1 1 257 4434 6353
287 2 2 1 1 604 766 7051
288 2 2 1 1 4169 6678 7057
289 2 2 1 1 477 420 760
290 2 2 1 1 220 6101 6649
291 2 2 1 1 252 671 4160
292 2 2 1 1 710 4652 7189
293 2 2 1 1 6810 270 6811
294 2 2 1 1 717 718 6757
295 2 2 1 1 726 429 4248
296 2 2 1 1 4735 4134 7100
297 2 2 1 1 201 6658 6849
298 2 2 1 1 69 70 6650
299 2 2 1 1 929 393 6901
300 2 2 1 1 4142 3823 6780
301 2 2 1 1 241 730 731
302 2 2 1 1 4096 274 6131
303 2 2 1 1 369 6084 6720
304 2 2 1 1 6084 6083 6720
305 2 2 1 1 6382 363 7097
306 2 2 1 1 6809 6810 6899
307 2 2 1 1 501 506 6857
308 2 2 1 1 4241 654 4242
309 2 2 1 1 4134 6253 7100
310 2 2 1 1 6758 6714 6859
311 2 2 1 1 6782 728 6914
312 2 2 1 1 6869 347 7122
313 2 2 1 1 4179 630 4180
314 2 2 1 1 4055 286 7142
315 2 2 1 1 304 280 5929
316 2 2 1 1 7180 4840 7181
317 2 2 1 1 380 692 7106
318 2 2 1 1 389 388 6879
319 2 2 1 1 33 265 373
320 2 2 1 1 4503 6382 7097
321 2 2 1 1 6083 6084 7014
322 2 2 1 1 6755 4103 6774
323 2 2 1 1 342 6869 7122
324 2 2 1 1 659 693 4250
325 2 2 1 1 4127 596 7040
326 2 2 1 1 217 4120 5650
327 2 2 1 1 524 537 4051
328 2 2 1 1 3823 4142 6836
329 2 2 1 1 6750 5996 7044
330 2 2 1 1 723 717 6683
331 2 2 1 1 751 237 753
332 2 2 1 1 455 737 7001
333 2 2 1 1 249 96 7144
334 2 2 1 1 280 4920 5930
335 2 2 1 1 6972 6973 6998
336 2 2 1 1 454 758 4155
337 2 2 1 1 718 4130 6757
338 2 2 1 1 4106 503 4220
339 2 2 1 1 6702 6852 6897
340 2 2 1 1 701 770 7092
341 2 2 1 1 388 390 6934
342 2 2 1 1 642 4157 6858
343 2 2 1 1 420 423 760
344 2 2 1 1 4252 4127 7040
345 2 2 1 1 648 539 762
346 2 2 1 1 4112 211 4214
347 2 2 1 1 7268 7266 7269
348 2 2 1 1 654 4241 7258
349 2 2 1 1 3159 594 7198
350 2 2 1 1 530 535 768
351 2 2 1 1 7254 7253 7259
352 2 2 1 1 5929 280 5930
353 2 2 1 1 3220 4226 6780
354 2 2 1 1 237 751 6657
355 2 2 1 1 237 115 754
356 2 2 1 1 6675 421 6771
357 2 2 1 1 374 97 6653
358 2 2 1 1 464 413 7033
359 2 2 1 1 6805 311 6856
360 2 2 1 1 692 380 7073
361 2 2 1 1 64 201 6232
362 2 2 1 1 6698 6758 6859
363 2 2 1 1 602 630 4179
364 2 2 1 1 2943 2942 7256
365 2 2 1 1 6852 6742 6897
366 2 2 1 1 698 697 699
367 2 2 1 1 365 239 373
368 2 2 1 1 309 292 6911
369 2 2 1 1 96 97 374
370 2 2 1 1 32 33 373
371 2 2 1 1 413 416 691
372 2 2 1 1 743 5300 5301
373 2 2 1 1 742 745 6873
374 2 2 1 1 4093 745 6788
375 2 2 1 1 429 726 6670
376 2 2 1 1 663 661 4167
377 2 2 1 1 409 4163 6843
378 2 2 1 1 6870 5116 6896
379 2 2 1 1 693 659 6862
380 2 2 1 1 390 723 4879
381 2 2 1 1 4186 446 6878
382 2 2 1 1 368 6870 6896
383 2 2 1 1 4055 3800 6789
384 2 2 1 1 2662 4055 6789
385 2 2 1 1 299 4115 6894
386 2 2 1 1 260 63 6232
387 2 2 1 1 252 4169 7057
388 2 2 1 1 213 6723 7018
389 2 2 1 1 775 777 4232
390 2 2 1 1 708 6928 6929
391 2 2 1 1 5300 743 6873
392 2 2 1 1 211 4112 4231
393 2 2 1 1 603 749 4208
394 2 2 1 1 106 107 396
395 2 2 1 1 730 241 7093
396 2 2 1 1 4051 537 7233
397 2 2 1 1 327 322 4089
398 2 2 1 1 7239 7234 7240
399 2 2 1 1 668 5508 7141
400 2 2 1 1 6743 3154 7043
401 2 2 1 1 7240 7234 7241
402 2 2 1 1 752 753 4212
403 2 2 1 1 737 738 7001
404 2 2 1 1 682 7194 7233
405 2 2 1 1 273 6718 6909
406 2 2 1 1 671 252 7057
407 2 2 1 1 561 559 4162
408 2 2 1 1 604 599 766
409 2 2 1 1 4137 277 5330
410 2 2 1 1 276 304 6829
411 2 2 1 1 751 640 6657
412 2 2 1 1 753 237 754
413 2 2 1 1 698 699 732
414 2 2 1 1 89 90 224
415 2 2 1 1 241 731 4258
416 2 2 1 1 4177 4226 6682
417 2 2 1 1 391 720 721
418 2 2 1 1 4115 299 6854
419 2 2 1 1 6624 4205 6973
420 2 2 1 1 307 6755 6774
421 2 2 1 1 4241 5466 7258
422 2 2 1 1 505 6750 7044
423 2 2 1 1 6951 6961 7208
424 2 2 1 1 674 673 7093
425 2 2 1 1 4235 366 6753
426 2 2 1 1 4165 406 7045
427 2 2 1 1 250 4157 4216
428 2 2 1 1 4389 334 6688
429 2 2 1 1 4087 6719 6867
430 2 2 1 1 745 744 6941
431 2 2 1 1 3807 4231 6783
432 2 2 1 1 4180 630 6712
433 2 2 1 1 700 743 6801
434 2 2 1 1 674 4239 6834
435 2 2 1 1 453 732 6826
436 2 2 1 1 716 391 721
437 2 2 1 1 725 126 6831
438 2 2 1 1 244 110 757
439 2 2 1 1 6723 4092 7018
440 2 2 1 1 503 501 6857
441 2 2 1 1 3806 4140 4222
442 2 2 1 1 696 697 698
443 2 2 1 1 436 438 737
444 2 2 1 1 7027 7026 7028
445 2 2 1 1 588 563 4227
446 2 2 1 1 4205 6971 6973
447 2 2 1 1 6719 215 6867
448 2 2 1 1 109 244 376
449 2 2 1 1 445 459 736
450 2 2 1 1 672 6903 6904
451 2 2 1 1 587 588 6884
452 2 2 1 1 433 455 761
453 2 2 1 1 5489 3914 7015
454 2 2 1 1 7199 7203 7211
455 2 2 1 1 3914 3915 7015
456 2 2 1 1 4052 6743 7043
457 2 2 1 1 4088 323 6920
458 2 2 1 1 4080 4125 6661
459 2 2 1 1 636 4175 6807
460 2 2 1 1 350 317 357
461 2 2 1 1 4217 6739 6925
462 2 2 1 1 5491 5489 7015
463 2 2 1 1 398 399 400
464 2 2 1 1 298 300 7155
465 2 2 1 1 665 663 672
466 2 2 1 1 4918 5926 5931
467 2 2 1 1 5927 5930 5931
468 2 2 1 1 6786 4566 6919
469 2 2 1 1 549 631 727
470 2 2 1 1 364 4471 4475
471 2 2 1 1 244 757 7146
472 2 2 1 1 4225 3210 6686
473 2 2 1 1 631 726 4248
474 2 2 1 1 421 4181 6771
475 2 2 1 1 79 204 6354
476 2 2 1 1 257 78 6354
477 2 2 1 1 696 496 697
478 2 2 1 1 4167 661 4168
479 2 2 1 1 4226 3220 6682
480 2 2 1 1 296 298 299
481 2 2 1 1 126 725 6863
482 2 2 1 1 502 4133 4135
483 2 2 1 1 738 736 6754
484 2 2 1 1 6813 625 6944
485 2 2 1 1 384 391 716
486 2 2 1 1 339 348 6753
487 2 2 1 1 4093 5300 6873
488 2 2 1 1 4162 559 4186
489 2 2 1 1 400 401 403
490 2 2 1 1 3816 4661 4662
491 2 2 1 1 4536 291 5537
492 2 2 1 1 754 115 7186
493 2 2 1 1 403 404 405
494 2 2 1 1 4096 6680 7077
495 2 2 1 1 3774 4145 6686
496 2 2 1 1 7266 7263 7277
497 2 2 1 1 701 696 770
498 2 2 1 1 300 301 7155
499 2 2 1 1 534 531 7134
500 2 2 1 1 406 478 7045
501 2 2 1 1 485 487 496
502 2 2 1 1 5508 668 6674
503 2 2 1 1 528 530 768
504 2 2 1 1 4178 636 4179
505 2 2 1 1 565 473 4262
506 2 2 1 1 298 4184 7035
507 2 2 1 1 327 4089 5943
508 2 2 1 1 4231 4232 6783
509 2 2 1 1 6748 728 6781
510 2 2 1 1 4129 718 7167
511 2 2 1 1 656 6678 6762
512 2 2 1 1 733 453 734
513 2 2 1 1 6667 734 7136
514 2 2 1 1 4258 764 6705
515 2 2 1 1 4162 4186 6878
516 2 2 1 1 465 405 472
517 2 2 1 1 531 687 7134
518 2 2 1 1 764 6698 6859
519 2 2 1 1 263 4166 6773
520 2 2 1 1 4189 222 4190
521 2 2 1 1 593 7236 7237
522 2 2 1 1 7265 7260 7273
523 2 2 1 1 15 4258 6705
524 2 2 1 1 220 69 6650
525 2 2 1 1 70 256 6650
526 2 2 1 1 297 296 299
527 2 2 1 1 6683 717 6757
528 2 2 1 1 3199 3201 6694
529 2 2 1 1 379 380 714
530 2 2 1 1 4164 604 7051
531 2 2 1 1 5388 2607 6703
532 2 2 1 1 398 244 399
533 2 2 1 1 7203 7199 7210
534 2 2 1 1 449 4179 4180
535 2 2 1 1 6832 4563 6845
536 2 2 1 1 588 4820 6884
537 2 2 1 1 630 677 6712
538 2 2 1 1 648 762 763
539 2 2 1 1 474 4048 7249
540 2 2 1 1 6712 603 6715
541 2 2 1 1 378 377 379
542 2 2 1 1 217 5650 6677
543 2 2 1 1 240 376 377
544 2 2 1 1 574 602 636
545 2 2 1 1 530 531 534
546 2 2 1 1 454 4155 4221
547 2 2 1 1 370 4907 6818
548 2 2 1 1 685 646 6684
549 2 2 1 1 4820 588 6970
550 2 2 1 1 352 338 6753
551 2 2 1 1 4247 463 6868
552 2 2 1 1 405 406 4165
553 2 2 1 1 243 685 4239
554 2 2 1 1 4095 4360 6770
555 2 2 1 1 672 663 4167
556 2 2 1 1 631 568 726
557 2 2 1 1 288 6935 7096
558 2 2 1 1 80 81 4428
559 2 2 1 1 641 570 675
560 2 2 1 1 719 4842 6707
561 2 2 1 1 758 454 4185
562 2 2 1 1 656 4237 6888
563 2 2 1 1 459 740 6754
564 2 2 1 1 6661 4125 6839
565 2 2 1 1 4907 370 7067
566 2 2 1 1 435 432 4185
567 2 2 1 1 363 6382 6665
568 2 2 1 1 761 455 6898
569 2 2 1 1 3404 301 4102
570 2 2 1 1 314 306 6804
571 2 2 1 1 4092 3219 4251
572 2 2 1 1 482 485 695
573 2 2 1 1 4251 3219 6694
574 2 2 1 1 528 529 530
575 2 2 1 1 777 860 4232
576 2 2 1 1 555 570 641
577 2 2 1 1 182 219 4139
578 2 2 1 1 191 216 4147
579 2 2 1 1 530 529 531
580 2 2 1 1 315 235 316
581 2 2 1 1 4235 6753 7071
582 2 2 1 1 308 374 6653
583 2 2 1 1 36 245 375
584 2 2 1 1 4255 581 6726
585 2 2 1 1 324 6786 6919
586 2 2 1 1 571 574 703
587 2 2 1 1 599 534 601
588 2 2 1 1 6935 6168 7096
589 2 2 1 1 381 379 382
590 2 2 1 1 4145 247 6686
591 2 2 1 1 344 4156 6822
592 2 2 1 1 752 4247 6868
593 2 2 1 1 5401 233 6860
594 2 2 1 1 2607 5388 7028
595 2 2 1 1 522 524 525
596 2 2 1 1 6770 4360 6992
597 2 2 1 1 465 472 474
598 2 2 1 1 4120 217 7009
599 2 2 1 1 101 222 4189
600 2 2 1 1 6741 6821 7055
601 2 2 1 1 218 4138 6687
602 2 2 1 1 6749 5996 6750
603 2 2 1 1 383 382 384
604 2 2 1 1 317 235 357
605 2 2 1 1 523 522 525
606 2 2 1 1 687 566 688
607 2 2 1 1 233 5401 7166
608 2 2 1 1 652 656 6888
609 2 2 1 1 749 603 6712
610 2 2 1 1 5043 5042 7255
611 2 2 1 1 6754 740 7183
612 2 2 1 1 400 399 401
613 2 2 1 1 6931 626 7001
614 2 2 1 1 319 317 350
615 2 2 1 1 6690 6813 6944
616 2 2 1 1 4161 578 4162
617 2 2 1 1 406 408 478
618 2 2 1 1 379 377 380
619 2 2 1 1 467 469 476
620 2 2 1 1 4147 216 4148
621 2 2 1 1 67 68 6651
622 2 2 1 1 6741 94 6821
623 2 2 1 1 203 4259 4260
624 2 2 1 1 578 561 4162
625 2 2 1 1 5508 4119 7141
626 2 2 1 1 423 426 760
627 2 2 1 1 6805 314 7019
628 2 2 1 1 6687 4138 7058
629 2 2 1 1 4195 4191 4210
630 2 2 1 1 727 631 6717
631 2 2 1 1 549 568 631
632 2 2 1 1 6705 764 6859
633 2 2 1 1 487 490 6850
634 2 2 1 1 571 703 7170
635 2 2 1 1 6837 712 7076
636 2 2 1 1 6772 4069 6814
637 2 2 1 1 103 4204 4210
638 2 2 1 1 445 448 459
639 2 2 1 1 452 458 466
640 2 2 1 1 384 382 391
641 2 2 1 1 4155 609 4221
642 2 2 1 1 6989 6995 7283
643 2 2 1 1 294 297 359
644 2 2 1 1 93 3 6741
645 2 2 1 1 4260 259 6853
646 2 2 1 1 189 6677 6772
647 2 2 1 1 385 384 386
648 2 2 1 1 403 405 465
649 2 2 1 1 4163 4164 6843
650 2 2 1 1 533 544 566
651 2 2 1 1 6231 260 6232
652 2 2 1 1 400 403 6827
653 2 2 1 1 89 224 6809
654 2 2 1 1 5287 6662 7166
655 2 2 1 1 76 77 6355
656 2 2 1 1 2943 7256 7259
657 2 2 1 1 4166 6088 6773
658 2 2 1 1 403 401 404
659 2 2 1 1 549 550 568
660 2 2 1 1 729 700 6801
661 2 2 1 1 688 689 6675
662 2 2 1 1 84 4121 6846
663 2 2 1 1 266 769 6746
664 2 2 1 1 366 4235 6824
665 2 2 1 1 736 459 6754
666 2 2 1 1 535 534 599
667 2 2 1 1 4112 775 4232
668 2 2 1 1 3782 6794 7023
669 2 2 1 1 441 445 736
670 2 2 1 1 3823 3181 6780
671 2 2 1 1 240 377 378
672 2 2 1 1 402 4167 4168
673 2 2 1 1 473 465 474
674 2 2 1 1 454 435 4185
675 2 2 1 1 343 5119 6798
676 2 2 1 1 4952 394 4953
677 2 2 1 1 5043 7255 7256
678 2 2 1 1 376 398 7164
679 2 2 1 1 4906 367 7129
680 2 2 1 1 485 486 487
681 2 2 1 1 600 599 604
682 2 2 1 1 528 477 529
683 2 2 1 1 4154 3172 5659
684 2 2 1 1 13 236 4157
685 2 2 1 1 688 6675 6771
686 2 2 1 1 324 321 7151
687 2 2 1 1 259 4260 7159
688 2 2 1 1 677 679 749
689 2 2 1 1 688 566 689
690 2 2 1 1 437 454 4221
691 2 2 1 1 35 36 375
692 2 2 1 1 6659 4354 6731
693 2 2 1 1 4223 260 6231
694 2 2 1 1 596 4127 6708
695 2 2 1 1 695 496 696
696 2 2 1 1 683 6831 6887
697 2 2 1 1 375 245 4224
698 2 2 1 1 531 533 687
699 2 2 1 1 448 452 735
700 2 2 1 1 26 252 4160
701 2 2 1 1 2942 5043 7256
702 2 2 1 1 607 4250 6669
703 2 2 1 1 471 480 481
704 2 2 1 1 4116 6664 7159
705 2 2 1 1 599 601 766
706 2 2 1 1 341 340 7075
707 2 2 1 1 334 4389 7184
708 2 2 1 1 4151 4225 6686
709 2 2 1 1 655 6832 6845
710 2 2 1 1 4121 84 7072
711 2 2 1 1 7154 3815 7155
712 2 2 1 1 4134 4735 6840
713 2 2 1 1 16 241 4258
714 2 2 1 1 4239 685 6834
715 2 2 1 1 4163 604 4164
716 2 2 1 1 4261 262 7004
717 2 2 1 1 4879 723 6683
718 2 2 1 1 408 411 693
719 2 2 1 1 439 437 4221
720 2 2 1 1 38 235 315
721 2 2 1 1 716 724 7289
722 2 2 1 1 4191 222 4210
723 2 2 1 1 581 4255 6925
724 2 2 1 1 4522 4236 7071
725 2 2 1 1 4069 3793 6814
726 2 2 1 1 544 546 727
727 2 2 1 1 262 4261 7041
728 2 2 1 1 657 605 4163
729 2 2 1 1 6802 540 6897
730 2 2 1 1 478 408 693
731 2 2 1 1 580 578 4161
732 2 2 1 1 378 379 381
733 2 2 1 1 405 404 406
734 2 2 1 1 6830 674 7093
735 2 2 1 1 615 759 4215
736 2 2 1 1 33 34 265
737 2 2 1 1 229 4144 6903
738 2 2 1 1 766 601 767
739 2 2 1 1 459 448 735
740 2 2 1 1 552 555 694
741 2 2 1 1 2891 772 4177
742 2 2 1 1 546 549 727
743 2 2 1 1 546 548 549
744 2 2 1 1 5401 261 6652
745 2 2 1 1 316 235 317
746 2 2 1 1 451 734 6889
747 2 2 1 1 438 441 737
748 2 2 1 1 3201 4225 6694
749 2 2 1 1 416 419 691
750 2 2 1 1 752 4212 4247
751 2 2 1 1 402 4168 4187
752 2 2 1 1 419 477 528
753 2 2 1 1 610 609 4155
754 2 2 1 1 662 661 663
755 2 2 1 1 520 523 705
756 2 2 1 1 397 396 6666
757 2 2 1 1 252 27 4169
758 2 2 1 1 344 6822 7074
759 2 2 1 1 411 413 464
760 2 2 1 1 6823 5330 6829
761 2 2 1 1 729 728 6847
762 2 2 1 1 700 729 6847
763 2 2 1 1 482 484 485
764 2 2 1 1 773 4112 4214
765 2 2 1 1 456 747 7148
766 2 2 1 1 739 4263 7227
767 2 2 1 1 476 469 715
768 2 2 1 1 240 108 376
769 2 2 1 1 622 635 4211
770 2 2 1 1 4125 202 6839
771 2 2 1 1 664 663 665
772 2 2 1 1 4354 6659 7127
773 2 2 1 1 95 96 249
774 2 2 1 1 6734 6191 6808
775 2 2 1 1 332 4468 4469
776 2 2 1 1 574 636 703
777 2 2 1 1 36 37 245
778 2 2 1 1 345 341 7121
779 2 2 1 1 714 380 7106
780 2 2 1 1 616 615 4215
781 2 2 1 1 724 721 7228
782 2 2 1 1 381 382 383
783 2 2 1 1 4852 518 6838
784 2 2 1 1 466 458 467
785 2 2 1 1 219 6748 6781
786 2 2 1 1 377 376 7164
787 2 2 1 1 6680 4800 6938
788 2 2 1 1 737 736 738
789 2 2 1 1 4234 4235 4236
790 2 2 1 1 4105 6911 6936
791 2 2 1 1 469 471 715
792 2 2 1 1 358 294 359
793 2 2 1 1 5330 277 6829
794 2 2 1 1 428 431 456
795 2 2 1 1 383 384 385
796 2 2 1 1 4477 6722 6797
797 2 2 1 1 4215 759 7222
798 2 2 1 1 31 32 239
799 2 2 1 1 4760 6291 7240
800 2 2 1 1 762 539 6833
801 2 2 1 1 4180 6712 6715
802 2 2 1 1 379 714 7287
803 2 2 1 1 3360 3197 4880
804 2 2 1 1 699 697 700
805 2 2 1 1 6788 745 6941
806 2 2 1 1 203 4260 6853
807 2 2 1 1 111 242 757
808 2 2 1 1 771 773 4214
809 2 2 1 1 4143 247 4145
810 2 2 1 1 204 80 4428
811 2 2 1 1 472 405 4165
812 2 2 1 1 555 556 570
813 2 2 1 1 4221 609 7191
814 2 2 1 1 4263 253 7227
815 2 2 1 1 594 7197 7198
816 2 2 1 1 348 4522 7071
817 2 2 1 1 552 554 555
818 2 2 1 1 633 4257 6944
819 2 2 1 1 5287 4064 6662
820 2 2 1 1 6662 233 7166
821 2 2 1 1 517 4183 7286
822 2 2 1 1 345 4518 4522
823 2 2 1 1 765 672 4167
824 2 2 1 1 4140 186 4222
825 2 2 1 1 148 214 4151
826 2 2 1 1 533 566 687
827 2 2 1 1 4518 4520 4522
828 2 2 1 1 4151 214 4225
829 2 2 1 1 660 658 661
830 2 2 1 1 544 727 7193
831 2 2 1 1 11 250 6711
832 2 2 1 1 4262 474 6842
833 2 2 1 1 202 4125 7127
834 2 2 1 1 6664 4116 6734
835 2 2 1 1 6739 581 6925
836 2 2 1 1 223 4233 4234
837 2 2 1 1 426 746 760
838 2 2 1 1 3789 4153 6910
839 2 2 1 1 118 266 6746
840 2 2 1 1 323 324 6920
841 2 2 1 1 107 240 396
842 2 2 1 1 4190 4191 4192
843 2 2 1 1 369 7131 7132
844 2 2 1 1 382 379 7287
845 2 2 1 1 4234 4233 4235
846 2 2 1 1 4149 210 5935
847 2 2 1 1 747 456 7110
848 2 2 1 1 225 4188 4240
849 2 2 1 1 6794 4738 7023
850 2 2 1 1 4140 3806 7009
851 2 2 1 1 6903 4144 6904
852 2 2 1 1 419 420 477
853 2 2 1 1 426 428 746
854 2 2 1 1 4198 4200 4202
855 2 2 1 1 4157 236 6858
856 2 2 1 1 7277 7263 7278
857 2 2 1 1 726 568 741
858 2 2 1 1 449 4178 4179
859 2 2 1 1 4183 6838 7286
860 2 2 1 1 4190 222 4191
861 2 2 1 1 1101 4184 4440
862 2 2 1 1 428 456 746
863 2 2 1 1 109 110 244
864 2 2 1 1 518 4852 7111
865 2 2 1 1 679 681 6667
866 2 2 1 1 347 7120 7122
867 2 2 1 1 384 716 717
868 2 2 1 1 124 228 4213
869 2 2 1 1 6264 207 6660
870 2 2 1 1 487 486 489
871 2 2 1 1 4635 6965 6966
872 2 2 1 1 304 6823 6829
873 2 2 1 1 19 20 243
874 2 2 1 1 4148 6924 7114
875 2 2 1 1 740 459 7220
876 2 2 1 1 4202 4200 6770
877 2 2 1 1 685 6684 6834
878 2 2 1 1 6087 357 6088
879 2 2 1 1 433 436 455
880 2 2 1 1 5931 4919 6926
881 2 2 1 1 6691 443 6759
882 2 2 1 1 456 431 761
883 2 2 1 1 772 209 4177
884 2 2 1 1 4177 4141 4226
885 2 2 1 1 4152 4153 4154
886 2 2 1 1 665 672 6904
887 2 2 1 1 4147 4148 7114
888 2 2 1 1 477 760 6747
889 2 2 1 1 531 532 533
890 2 2 1 1 245 37 315
891 2 2 1 1 731 648 763
892 2 2 1 1 3825 6231 6232
893 2 2 1 1 6702 540 6796
894 2 2 1 1 183 182 4139
895 2 2 1 1 192 191 4147
896 2 2 1 1 704 520 705
897 2 2 1 1 107 108 240
898 2 2 1 1 16 17 241
899 2 2 1 1 111 112 242
900 2 2 1 1 706 4653 6948
901 2 2 1 1 768 535 6885
902 2 2 1 1 636 602 4179
903 2 2 1 1 386 384 717
904 2 2 1 1 608 605 657
905 2 2 1 1 732 699 7163
906 2 2 1 1 416 418 419
907 2 2 1 1 441 444 445
908 2 2 1 1 4211 635 6761
909 2 2 1 1 309 4123 7094
910 2 2 1 1 506 6692 6857
911 2 2 1 1 6691 4215 7222
912 2 2 1 1 129 253 4263
913 2 2 1 1 449 4180 6715
914 2 2 1 1 4150 195 6719
915 2 2 1 1 549 548 550
916 2 2 1 1 1125 4458 7005
917 2 2 1 1 21 22 238
918 2 2 1 1 6738 3146 6740
919 2 2 1 1 255 67 6651
920 2 2 1 1 4842 587 6884
921 2 2 1 1 4237 656 6762
922 2 2 1 1 6911 292 6936
923 2 2 1 1 445 447 448
924 2 2 1 1 566 544 7193
925 2 2 1 1 6677 4069 6772
926 2 2 1 1 350 357 6087
927 2 2 1 1 6289 4760 7240
928 2 2 1 1 68 220 6651
929 2 2 1 1 530 534 535
930 2 2 1 1 3201 3210 4225
931 2 2 1 1 6905 3046 6924
932 2 2 1 1 4653 706 7042
933 2 2 1 1 4200 4201 4203
934 2 2 1 1 574 575 602
935 2 2 1 1 691 528 768
936 2 2 1 1 3219 3199 6694
937 2 2 1 1 4133 502 7082
938 2 2 1 1 552 694 7173
939 2 2 1 1 4196 4198 4205
940 2 2 1 1 225 99 4188
941 2 2 1 1 690 4161 6878
942 2 2 1 1 4704 361 6775
943 2 2 1 1 615 613 758
944 2 2 1 1 6664 259 7159
945 2 2 1 1 6729 6802 6897
946 2 2 1 1 3915 3916 7046
947 2 2 1 1 250 4217 6711
948 2 2 1 1 4239 674 7012
949 2 2 1 1 98 99 225
950 2 2 1 1 106 397 7215
951 2 2 1 1 231 76 6355
952 2 2 1 1 77 257 6355
953 2 2 1 1 481 480 482
954 2 2 1 1 6961 6962 7208
955 2 2 1 1 4192 4191 4194
956 2 2 1 1 4501 360 7137
957 2 2 1 1 485 496 695
958 2 2 1 1 4139 6781 6782
959 2 2 1 1 3816 7154 7155
960 2 2 1 1 13 14 236
961 2 2 1 1 114 115 237
962 2 2 1 1 431 433 761
963 2 2 1 1 759 758 4185
964 2 2 1 1 4176 351 4406
965 2 2 1 1 261 5401 6860
966 2 2 1 1 3172 4154 7002
967 2 2 1 1 4202 6770 6985
968 2 2 1 1 4190 4192 4193
969 2 2 1 1 104 105 230
970 2 2 1 1 4158 262 6672
971 2 2 1 1 609 584 690
972 2 2 1 1 4153 3789 7002
973 2 2 1 1 4458 4457 7005
974 2 2 1 1 104 230 4204
975 2 2 1 1 622 620 635
976 2 2 1 1 282 2662 4919
977 2 2 1 1 4156 344 6700
978 2 2 1 1 277 4137 6718
979 2 2 1 1 306 314 6805
980 2 2 1 1 615 758 759
981 2 2 1 1 226 25 4160
982 2 2 1 1 4169 223 6762
983 2 2 1 1 4198 4199 4200
984 2 2 1 1 492 498 499
985 2 2 1 1 246 4142 6780
986 2 2 1 1 224 269 270
987 2 2 1 1 223 29 4233
988 2 2 1 1 391 6699 7178
989 2 2 1 1 6785 6756 7116
990 2 2 1 1 6842 474 7249
991 2 2 1 1 24 25 226
992 2 2 1 1 4471 364 6732
993 2 2 1 1 694 741 7173
994 2 2 1 1 620 616 4215
995 2 2 1 1 242 6742 6852
996 2 2 1 1 4240 4103 6755
997 2 2 1 1 6265 6811 7068
998 2 2 1 1 602 629 630
999 2 2 1 1 4253 4252 7119
1000 2 2 1 1 267 4256 6713
1001 2 2 1 1 4188 100 4189
1002 2 2 1 1 535 599 600
1003 2 2 1 1 585 584 609
1004 2 2 1 1 441 736 737
1005 2 2 1 1 533 543 544
1006 2 2 1 1 5042 653 7255
1007 2 2 1 1 605 604 4163
1008 2 2 1 1 6756 755 7116
1009 2 2 1 1 250 4216 4217
1010 2 2 1 1 6727 667 6876
1011 2 2 1 1 583 580 584
1012 2 2 1 1 4234 4236 4237
1013 2 2 1 1 753 754 755
1014 2 2 1 1 143 142 4238
1015 2 2 1 1 4246 228 6851
1016 2 2 1 1 4196 4197 4198
1017 2 2 1 1 364 4475 6797
1018 2 2 1 1 6767 690 6878
1019 2 2 1 1 624 755 6756
1020 2 2 1 1 6784 680 7030
1021 2 2 1 1 571 573 574
1022 2 2 1 1 6818 4906 7129
1023 2 2 1 1 3785 4106 4220
1024 2 2 1 1 3787 3785 4220
1025 2 2 1 1 6253 6693 7100
1026 2 2 1 1 4166 263 6697
1027 2 2 1 1 6653 225 6755
1028 2 2 1 1 28 223 4169
1029 2 2 1 1 3825 6232 6849
1030 2 2 1 1 735 452 7285
1031 2 2 1 1 337 6890 6915
1032 2 2 1 1 6867 215 7032
1033 2 2 1 1 613 610 4155
1034 2 2 1 1 555 641 694
1035 2 2 1 1 250 12 4157
1036 2 2 1 1 4095 6770 6875
1037 2 2 1 1 4154 4153 7002
1038 2 2 1 1 272 6680 6938
1039 2 2 1 1 3197 4072 4880
1040 2 2 1 1 4879 3360 4880
1041 2 2 1 1 635 620 4215
1042 2 2 1 1 100 101 4189
1043 2 2 1 1 570 571 7170
1044 2 2 1 1 686 6763 6764
1045 2 2 1 1 500 501 502
1046 2 2 1 1 767 4181 6709
1047 2 2 1 1 108 109 376
1048 2 2 1 1 4139 6782 7058
1049 2 2 1 1 624 622 4211
1050 2 2 1 1 698 732 733
1051 2 2 1 1 4224 245 6877
1052 2 2 1 1 385 386 388
1053 2 2 1 1 4145 3774 7160
1054 2 2 1 1 26 27 252
1055 2 2 1 1 759 4185 6855
1056 2 2 1 1 4257 633 6927
1057 2 2 1 1 419 528 691
1058 2 2 1 1 6693 4737 7100
1059 2 2 1 1 360 4501 6892
1060 2 2 1 1 4210 4204 7176
1061 2 2 1 1 731 763 764
1062 2 2 1 1 419 418 420
1063 2 2 1 1 4163 409 6882
1064 2 2 1 1 110 111 757
1065 2 2 1 1 482 695 7230
1066 2 2 1 1 476 6815 6872
1067 2 2 1 1 485 484 486
1068 2 2 1 1 423 425 426
1069 2 2 1 1 438 440 441
1070 2 2 1 1 630 676 677
1071 2 2 1 1 127 128 227
1072 2 2 1 1 124 125 228
1073 2 2 1 1 4139 219 6781
1074 2 2 1 1 142 212 4238
1075 2 2 1 1 609 690 7191
1076 2 2 1 1 7049 344 7074
1077 2 2 1 1 92 93 4209
1078 2 2 1 1 4194 4195 4196
1079 2 2 1 1 2891 4177 6682
1080 2 2 1 1 600 604 605
1081 2 2 1 1 350 6087 6816
1082 2 2 1 1 741 694 6933
1083 2 2 1 1 4138 183 4139
1084 2 2 1 1 4146 192 4147
1085 2 2 1 1 3 94 6741
1086 2 2 1 1 5941 5944 7000
1087 2 2 1 1 5944 4090 7000
1088 2 2 1 1 697 496 742
1089 2 2 1 1 4428 81 7108
1090 2 2 1 1 4136 347 6869
1091 2 2 1 1 234 6734 6808
1092 2 2 1 1 2 35 6819
1093 2 2 1 1 248 4149 6910
1094 2 2 1 1 4123 309 6911
1095 2 2 1 1 6879 388 6934
1096 2 2 1 1 562 473 564
1097 2 2 1 1 684 686 6912
1098 2 2 1 1 5119 343 6896
1099 2 2 1 1 394 4952 4954
1100 2 2 1 1 4237 4236 6736
1101 2 2 1 1 4252 346 7119
1102 2 2 1 1 750 181 6826
1103 2 2 1 1 367 4906 7063
1104 2 2 1 1 771 209 772
1105 2 2 1 1 209 4141 4177
1106 2 2 1 1 4141 246 4226
1107 2 2 1 1 229 4143 4144
1108 2 2 1 1 208 4152 4154
1109 2 2 1 1 4152 248 4153
1110 2 2 1 1 426 427 428
1111 2 2 1 1 667 4173 7160
1112 2 2 1 1 4251 146 7018
1113 2 2 1 1 499 500 502
1114 2 2 1 1 4148 6905 6924
1115 2 2 1 1 4212 4211 6922
1116 2 2 1 1 4135 4133 6840
1117 2 2 1 1 28 29 223
1118 2 2 1 1 758 613 4155
1119 2 2 1 1 4189 4190 4206
1120 2 2 1 1 356 365 373
1121 2 2 1 1 695 696 701
1122 2 2 1 1 4189 4206 7244
1123 2 2 1 1 4050 7010 7011
1124 2 2 1 1 6722 359 6797
1125 2 2 1 1 29 30 4233
1126 2 2 1 1 406 407 408
1127 2 2 1 1 222 102 4210
1128 2 2 1 1 6691 6759 6761
1129 2 2 1 1 12 13 4157
1130 2 2 1 1 4247 4212 6922
1131 2 2 1 1 3210 3774 6686
1132 2 2 1 1 544 545 546
1133 2 2 1 1 467 476 6872
1134 2 2 1 1 4218 211 7105
1135 2 2 1 1 254 123 4213
1136 2 2 1 1 6803 4261 7004
1137 2 2 1 1 304 5929 6823
1138 2 2 1 1 264 6805 7019
1139 2 2 1 1 3916 5085 7046
1140 2 2 1 1 461 762 6696
1141 2 2 1 1 612 610 613
1142 2 2 1 1 5085 3901 7046
1143 2 2 1 1 6945 325 6946
1144 2 2 1 1 531 529 532
1145 2 2 1 1 101 102 222
1146 2 2 1 1 6656 515 7113
1147 2 2 1 1 5116 5119 6896
1148 2 2 1 1 4235 4233 6824
1149 2 2 1 1 584 580 4161
1150 2 2 1 1 614 613 615
1151 2 2 1 1 184 183 4138
1152 2 2 1 1 187 186 4140
1153 2 2 1 1 147 146 4251
1154 2 2 1 1 196 195 4150
1155 2 2 1 1 193 192 4146
1156 2 2 1 1 149 148 4151
1157 2 2 1 1 7026 2607 7028
1158 2 2 1 1 583 584 585
1159 2 2 1 1 6861 6280 7169
1160 2 2 1 1 4188 4189 7244
1161 2 2 1 1 6659 202 7127
1162 2 2 1 1 19 243 4239
1163 2 2 1 1 4198 4202 4205
1164 2 2 1 1 3496 3495 4219
1165 2 2 1 1 205 4992 6886
1166 2 2 1 1 769 266 6927
1167 2 2 1 1 390 4879 4880
1168 2 2 1 1 668 6727 6876
1169 2 2 1 1 27 28 4169
1170 2 2 1 1 563 562 564
1171 2 2 1 1 6967 6959 6968
1172 2 2 1 1 408 410 411
1173 2 2 1 1 4218 4047 6725
1174 2 2 1 1 598 650 651
1175 2 2 1 1 215 4146 7032
1176 2 2 1 1 293 289 6737
1177 2 2 1 1 256 6659 6731
1178 2 2 1 1 4427 232 6835
1179 2 2 1 1 253 4254 4255
1180 2 2 1 1 1101 4440 6681
1181 2 2 1 1 6232 201 6849
1182 2 2 1 1 122 254 4257
1183 2 2 1 1 467 468 469
1184 2 2 1 1 555 554 556
1185 2 2 1 1 6673 722 7251
1186 2 2 1 1 4115 4468 6894
1187 2 2 1 1 11 12 250
1188 2 2 1 1 116 117 251
1189 2 2 1 1 5843 6841 6879
1190 2 2 1 1 99 100 4188
1191 2 2 1 1 347 4136 7118
1192 2 2 1 1 211 4231 7105
1193 2 2 1 1 4217 6925 7084
1194 2 2 1 1 6699 391 7287
1195 2 2 1 1 585 609 610
1196 2 2 1 1 207 6264 6828
1197 2 2 1 1 486 488 489
1198 2 2 1 1 123 124 4213
1199 2 2 1 1 291 4536 6935
1200 2 2 1 1 428 430 431
1201 2 2 1 1 387 385 388
1202 2 2 1 1 6831 227 6887
1203 2 2 1 1 6871 371 6895
1204 2 2 1 1 25 26 4160
1205 2 2 1 1 683 725 6831
1206 2 2 1 1 624 4211 4212
1207 2 2 1 1 238 6837 7076
1208 2 2 1 1 4954 6738 6740
1209 2 2 1 1 608 657 658
1210 2 2 1 1 677 678 679
1211 2 2 1 1 6666 395 6792
1212 2 2 1 1 6291 6689 7240
1213 2 2 1 1 448 450 452
1214 2 2 1 1 102 103 4210
1215 2 2 1 1 103 104 4204
1216 2 2 1 1 6714 6858 6859
1217 2 2 1 1 4181 767 6771
1218 2 2 1 1 390 4880 6934
1219 2 2 1 1 270 271 272
1220 2 2 1 1 4144 4173 6904
1221 2 2 1 1 5537 291 7094
1222 2 2 1 1 660 661 662
1223 2 2 1 1 709 6861 7169
1224 2 2 1 1 6061 706 6948
1225 2 2 1 1 4121 4100 6846
1226 2 2 1 1 662 663 664
1227 2 2 1 1 471 481 7221
1228 2 2 1 1 4231 4112 4232
1229 2 2 1 1 565 4262 6842
1230 2 2 1 1 4234 4237 6762
1231 2 2 1 1 7232 7238 7242
1232 2 2 1 1 4092 4251 7018
1233 2 2 1 1 4992 205 7099
1234 2 2 1 1 4256 267 7084
1235 2 2 1 1 311 303 6856
1236 2 2 1 1 185 218 4222
1237 2 2 1 1 136 209 771
1238 2 2 1 1 209 135 4141
1239 2 2 1 1 137 771 4214
1240 2 2 1 1 134 246 4141
1241 2 2 1 1 246 133 4142
1242 2 2 1 1 5 208 4142
1243 2 2 1 1 229 151 4143
1244 2 2 1 1 211 138 4214
1245 2 2 1 1 150 247 4143
1246 2 2 1 1 139 211 4218
1247 2 2 1 1 248 198 4149
1248 2 2 1 1 197 210 4149
1249 2 2 1 1 208 200 4152
1250 2 2 1 1 199 248 4152
1251 2 2 1 1 579 578 580
1252 2 2 1 1 18 19 4239
1253 2 2 1 1 496 487 744
1254 2 2 1 1 7125 4219 7161
1255 2 2 1 1 365 356 7138
1256 2 2 1 1 7206 7200 7207
1257 2 2 1 1 641 675 7284
1258 2 2 1 1 4090 5944 7091
1259 2 2 1 1 713 6668 6942
1260 2 2 1 1 4165 669 7020
1261 2 2 1 1 570 556 571
1262 2 2 1 1 4733 4734 6693
1263 2 2 1 1 129 130 253
1264 2 2 1 1 122 123 254
1265 2 2 1 1 24 226 6668
1266 2 2 1 1 4198 4197 4199
1267 2 2 1 1 188 217 6677
1268 2 2 1 1 4228 325 6945
1269 2 2 1 1 98 225 6653
1270 2 2 1 1 546 547 548
1271 2 2 1 1 4196 4205 7052
1272 2 2 1 1 5494 5491 7015
1273 2 2 1 1 6960 7275 7276
1274 2 2 1 1 4841 4840 7179
1275 2 2 1 1 265 34 6819
1276 2 2 1 1 713 712 6837
1277 2 2 1 1 282 285 286
1278 2 2 1 1 6996 6997 7224
1279 2 2 1 1 4048 6765 7249
1280 2 2 1 1 749 679 6667
1281 2 2 1 1 577 561 578
1282 2 2 1 1 651 650 652
1283 2 2 1 1 540 6702 6897
1284 2 2 1 1 493 6684 6790
1285 2 2 1 1 441 440 444
1286 2 2 1 1 445 444 447
1287 2 2 1 1 4200 4199 4201
1288 2 2 1 1 366 352 6753
1289 2 2 1 1 499 498 500
1290 2 2 1 1 6864 6764 7076
1291 2 2 1 1 431 432 433
1292 2 2 1 1 257 6353 6355
1293 2 2 1 1 6890 353 6915
1294 2 2 1 1 15 16 4258
1295 2 2 1 1 569 563 587
1296 2 2 1 1 7208 6962 7210
1297 2 2 1 1 121 122 4257
1298 2 2 1 1 4236 4522 4523
1299 2 2 1 1 23 24 6668
1300 2 2 1 1 452 457 458
1301 2 2 1 1 771 772 773
1302 2 2 1 1 4144 4143 4145
1303 2 2 1 1 227 128 4263
1304 2 2 1 1 253 130 4254
1305 2 2 1 1 559 557 4186
1306 2 2 1 1 452 466 7285
1307 2 2 1 1 7209 4117 7213
1308 2 2 1 1 143 4238 6921
1309 2 2 1 1 411 412 413
1310 2 2 1 1 589 7143 7148
1311 2 2 1 1 9 10 267
1312 2 2 1 1 118 119 266
1313 2 2 1 1 4259 203 4261
1314 2 2 1 1 3805 4389 6688
1315 2 2 1 1 4981 3792 6918
1316 2 2 1 1 653 5042 6768
1317 2 2 1 1 97 98 6653
1318 2 2 1 1 4599 6656 7113
1319 2 2 1 1 114 237 6657
1320 2 2 1 1 214 4251 6694
1321 2 2 1 1 4194 4191 4195
1322 2 2 1 1 4255 4254 4256
1323 2 2 1 1 4108 4133 7082
1324 2 2 1 1 4196 4195 4197
1325 2 2 1 1 582 580 583
1326 2 2 1 1 113 114 6657
1327 2 2 1 1 508 510 511
1328 2 2 1 1 469 470 471
1329 2 2 1 1 340 336 371
1330 2 2 1 1 520 522 523
1331 2 2 1 1 715 471 7221
1332 2 2 1 1 690 584 4161
1333 2 2 1 1 4190 4193 4206
1334 2 2 1 1 679 680 681
1335 2 2 1 1 619 616 620
1336 2 2 1 1 741 568 7173
1337 2 2 1 1 533 532 543
1338 2 2 1 1 40 263 6721
1339 2 2 1 1 738 6931 7001
1340 2 2 1 1 7253 7257 7259
1341 2 2 1 1 501 500 505
1342 2 2 1 1 766 767 7089
1343 2 2 1 1 773 772 774
1344 2 2 1 1 4144 4145 4173
1345 2 2 1 1 4236 4523 6736
1346 2 2 1 1 426 425 427
1347 2 2 1 1 380 7022 7073
1348 2 2 1 1 550 552 7173
1349 2 2 1 1 260 4223 6730
1350 2 2 1 1 699 728 6748
1351 2 2 1 1 4211 6761 6922
1352 2 2 1 1 756 672 765
1353 2 2 1 1 612 613 614
1354 2 2 1 1 634 6690 7013
1355 2 2 1 1 433 435 436
1356 2 2 1 1 6591 6654 6655
1357 2 2 1 1 774 772 2891
1358 2 2 1 1 773 774 775
1359 2 2 1 1 5674 3815 7154
1360 2 2 1 1 2987 3750 6610
1361 2 2 1 1 5205 5204 6976
1362 2 2 1 1 3750 4597 6610
1363 2 2 1 1 5204 2659 6976
1364 2 2 1 1 6647 6625 6648
1365 2 2 1 1 6625 6623 6648
1366 2 2 1 1 5414 6608 6640
1367 2 2 1 1 775 774 776
1368 2 2 1 1 773 775 4112
1369 2 2 1 1 1871 6620 6645
1370 2 2 1 1 6976 6974 6977
1371 2 2 1 1 6974 6975 6977
1372 2 2 1 1 3764 6623 6625
1373 2 2 1 1 3048 2987 6610
1374 2 2 1 1 3759 6620 6622
1375 2 2 1 1 3764 3759 6622
1376 2 2 1 1 3750 3756 6612
1377 2 2 1 1 6612 3756 6615
1378 2 2 1 1 3048 4596 6608
1379 2 2 1 1 4596 3048 6610
1380 2 2 1 1 4597 3750 6612
1381 2 2 1 1 775 776 777
1382 2 2 1 1 6635 849 6636
1383 2 2 1 1 5230 6635 6636
1384 2 2 1 1 6614 4005 6617
1385 2 2 1 1 6605 3982 6607
1386 2 2 1 1 6608 4596 6640
1387 2 2 1 1 6979 6978 6982
1388 2 2 1 1 3764 6622 6623
1389 2 2 1 1 6980 6979 6982
1390 2 2 1 1 6987 6988 6994
1391 2 2 1 1 777 776 778
1392 2 2 1 1 5575 6980 6981
1393 2 2 1 1 5575 6987 6994
1394 2 2 1 1 5575 5573 6980
1395 2 2 1 1 6988 6987 6995
1396 2 2 1 1 3762 6624 6626
1397 2 2 1 1 6654 2891 6655
1398 2 2 1 1 2657 6641 6642
1399 2 2 1 1 6629 825 6630
1400 2 2 1 1 6613 850 6616
1401 2 2 1 1 6604 5390 6606
1402 2 2 1 1 777 778 855
1403 2 2 1 1 778 776 779
1404 2 2 1 1 6981 6980 6982
1405 2 2 1 1 5575 6981 6987
1406 2 2 1 1 777 855 860
1407 2 2 1 1 778 779 780
1408 2 2 1 1 6981 6982 6984
1409 2 2 1 1 860 855 861
1410 2 2 1 1 780 779 781
1411 2 2 1 1 3742 4264 4265
1412 2 2 1 1 3218 3742 4265
1413 2 2 1 1 780 781 782
1414 2 2 1 1 860 861 862
1415 2 2 1 1 957 6581 6588
1416 2 2 1 1 3739 5280 6589
1417 2 2 1 1 4264 3742 4938
1418 2 2 1 1 970 962 6584
1419 2 2 1 1 6019 6578 6580
1420 2 2 1 1 782 781 783
1421 2 2 1 1 862 861 863
1422 2 2 1 1 780 782 3122
1423 2 2 1 1 970 4938 6589
1424 2 2 1 1 4938 3742 6589
1425 2 2 1 1 3741 6578 6582
1426 2 2 1 1 782 783 784
1427 2 2 1 1 862 863 2418
1428 2 2 1 1 783 781 859
1429 2 2 1 1 863 861 864
1430 2 2 1 1 6569 6575 6577
1431 2 2 1 1 785 783 6574
1432 2 2 1 1 3740 3741 6582
1433 2 2 1 1 863 864 865
1434 2 2 1 1 784 783 785
1435 2 2 1 1 862 2418 2676
1436 2 2 1 1 5013 6574 6576
1437 2 2 1 1 783 859 6574
1438 2 2 1 1 2676 2418 2677
1439 2 2 1 1 865 864 866
1440 2 2 1 1 784 785 786
1441 2 2 1 1 6006 2617 6567
1442 2 2 1 1 1352 1354 5682
1443 2 2 1 1 4321 2620 4323
1444 2 2 1 1 2610 4353 4809
1445 2 2 1 1 2391 1718 4344
1446 2 2 1 1 2610 4266 4353
1447 2 2 1 1 4266 2610 4367
1448 2 2 1 1 4317 1373 4319
1449 2 2 1 1 1348 1350 5023
1450 2 2 1 1 2678 5670 6302
1451 2 2 1 1 2678 4487 5873
1452 2 2 1 1 4487 2678 6302
1453 2 2 1 1 1344 1346 5769
1454 2 2 1 1 4268 3228 4976
1455 2 2 1 1 4270 4273 5860
1456 2 2 1 1 4273 2618 5860
1457 2 2 1 1 1180 4269 4270
1458 2 2 1 1 4268 4976 5925
1459 2 2 1 1 4976 4977 5925
1460 2 2 1 1 4266 4367 5646
1461 2 2 1 1 1180 4270 5860
1462 2 2 1 1 4269 1180 5591
1463 2 2 1 1 4272 4269 5591
1464 2 2 1 1 2245 4272 5591
1465 2 2 1 1 4313 2622 4315
1466 2 2 1 1 2622 4313 4941
1467 2 2 1 1 4977 2989 5925
1468 2 2 1 1 4272 2245 6179
1469 2 2 1 1 4313 4310 4941
1470 2 2 1 1 1144 1141 5240
1471 2 2 1 1 4310 1370 4941
1472 2 2 1 1 4308 1370 4310
1473 2 2 1 1 4274 1158 4275
1474 2 2 1 1 2878 3531 6559
1475 2 2 1 1 1155 1149 6331
1476 2 2 1 1 1171 1157 5137
1477 2 2 1 1 4280 6550 6552
1478 2 2 1 1 4126 4353 4354
1479 2 2 1 1 1370 4308 5502
1480 2 2 1 1 4279 2146 4281
1481 2 2 1 1 4282 3831 6416
1482 2 2 1 1 1149 1146 4355
1483 2 2 1 1 4353 4126 4809
1484 2 2 1 1 4308 4306 5502
1485 2 2 1 1 1149 4355 6331
1486 2 2 1 1 2712 4282 6416
1487 2 2 1 1 2988 4267 4367
1488 2 2 1 1 4306 2493 5502
1489 2 2 1 1 4576 3656 6414
1490 2 2 1 1 4304 2493 4306
1491 2 2 1 1 6554 4324 6570
1492 2 2 1 1 4267 2988 4342
1493 2 2 1 1 1369 4325 5682
1494 2 2 1 1 2620 4321 5023
1495 2 2 1 1 4325 1369 6058
1496 2 2 1 1 1332 1334 6237
1497 2 2 1 1 2708 4576 6414
1498 2 2 1 1 4323 2620 5682
1499 2 2 1 1 2988 2391 4344
1500 2 2 1 1 2620 1352 5682
1501 2 2 1 1 1354 1369 5682
1502 2 2 1 1 6550 3832 6552
1503 2 2 1 1 1330 1332 4372
1504 2 2 1 1 4344 6006 6567
1505 2 2 1 1 4372 1332 6237
1506 2 2 1 1 4298 1371 4300
1507 2 2 1 1 4367 4267 5646
1508 2 2 1 1 4341 3828 6486
1509 2 2 1 1 4319 1373 5023
1510 2 2 1 1 4344 1718 6006
1511 2 2 1 1 4298 4296 6197
1512 2 2 1 1 3829 6111 6438
1513 2 2 1 1 2676 2677 3186
1514 2 2 1 1 865 866 867
1515 2 2 1 1 786 785 787
1516 2 2 1 1 784 786 854
1517 2 2 1 1 4486 3531 5975
1518 2 2 1 1 1350 2620 5023
1519 2 2 1 1 1371 4298 6197
1520 2 2 1 1 1373 4317 5769
1521 2 2 1 1 1373 1348 5023
1522 2 2 1 1 3228 4268 4998
1523 2 2 1 1 3676 4642 4998
1524 2 2 1 1 4343 4485 6302
1525 2 2 1 1 5873 4487 5975
1526 2 2 1 1 1324 1326 4375
1527 2 2 1 1 2245 5137 6179
1528 2 2 1 1 4268 3676 4998
1529 2 2 1 1 2622 1344 5769
1530 2 2 1 1 4315 2622 5769
1531 2 2 1 1 1269 1276 4339
1532 2 2 1 1 4283 1783 6111
1533 2 2 1 1 1346 1373 5769
1534 2 2 1 1 5670 4343 6302
1535 2 2 1 1 4292 2489 4294
1536 2 2 1 1 1146 2146 4355
1537 2 2 1 1 2146 4279 4355
1538 2 2 1 1 4487 4486 5975
1539 2 2 1 1 4281 5240 5241
1540 2 2 1 1 1280 1282 4328
1541 2 2 1 1 1158 4274 5137
1542 2 2 1 1 2618 4273 6251
1543 2 2 1 1 4669 3295 5939
1544 2 2 1 1 6111 1783 6438
1545 2 2 1 1 4332 1660 4768
1546 2 2 1 1 4289 1372 4290
1547 2 2 1 1 2797 4684 4685
1548 2 2 1 1 1320 1322 5752
1549 2 2 1 1 2146 1144 5240
1550 2 2 1 1 4679 4681 6512
1551 2 2 1 1 4977 6251 6282
1552 2 2 1 1 1141 1142 5240
1553 2 2 1 1 6251 4273 6282
1554 2 2 1 1 2989 4977 6282
1555 2 2 1 1 1780 1796 5961
1556 2 2 1 1 1312 1314 6299
1557 2 2 1 1 2619 4398 5623
1558 2 2 1 1 2794 2797 4685
1559 2 2 1 1 4288 4726 5969
1560 2 2 1 1 5675 3497 6378
1561 2 2 1 1 2726 4341 6486
1562 2 2 1 1 1157 1158 5137
1563 2 2 1 1 1796 4726 5961
1564 2 2 1 1 1800 1802 4396
1565 2 2 1 1 4726 1796 5969
1566 2 2 1 1 2245 1171 5137
1567 2 2 1 1 1317 1318 4326
1568 2 2 1 1 1282 1299 4328
1569 2 2 1 1 2749 4285 4336
1570 2 2 1 1 1655 1657 5350
1571 2 2 1 1 1299 4286 4328
1572 2 2 1 1 4795 1593 4897
1573 2 2 1 1 4286 1299 4668
1574 2 2 1 1 4588 4590 6526
1575 2 2 1 1 1783 4283 4339
1576 2 2 1 1 1276 1783 4339
1577 2 2 1 1 2240 4689 5855
1578 2 2 1 1 5838 3827 5991
1579 2 2 1 1 4689 4688 5855
1580 2 2 1 1 4369 4286 4668
1581 2 2 1 1 1317 4326 6417
1582 2 2 1 1 1371 1330 4372
1583 2 2 1 1 2365 4369 4668
1584 2 2 1 1 1158 1155 6331
1585 2 2 1 1 4275 1158 6331
1586 2 2 1 1 4281 2146 5240
1587 2 2 1 1 2793 2794 4685
1588 2 2 1 1 2871 3644 6515
1589 2 2 1 1 4552 4551 6497
1590 2 2 1 1 4358 1700 4527
1591 2 2 1 1 2749 4336 5548
1592 2 2 1 1 4300 1371 4372
1593 2 2 1 1 4792 1593 4795
1594 2 2 1 1 3531 4486 6559
1595 2 2 1 1 4282 2712 6277
1596 2 2 1 1 1660 4332 5350
1597 2 2 1 1 4684 2797 4687
1598 2 2 1 1 1644 1645 4358
1599 2 2 1 1 2793 4685 4686
1600 2 2 1 1 3831 4576 6416
1601 2 2 1 1 3478 4690 5408
1602 2 2 1 1 4329 1644 4358
1603 2 2 1 1 2493 4304 6237
1604 2 2 1 1 4384 1374 4762
1605 2 2 1 1 4690 4691 5408
1606 2 2 1 1 3497 4740 6378
1607 2 2 1 1 4287 2045 4397
1608 2 2 1 1 1645 1700 4358
1609 2 2 1 1 3888 3237 4397
1610 2 2 1 1 1372 4289 4326
1611 2 2 1 1 4691 1401 5408
1612 2 2 1 1 4333 1175 4334
1613 2 2 1 1 1175 4333 4797
1614 2 2 1 1 4331 2061 5350
1615 2 2 1 1 4336 4529 5548
1616 2 2 1 1 1374 4384 4696
1617 2 2 1 1 4334 1175 5851
1618 2 2 1 1 1334 2493 6237
1619 2 2 1 1 4384 4385 4696
1620 2 2 1 1 1644 4329 4366
1621 2 2 1 1 1593 4792 5291
1622 2 2 1 1 2489 1324 4375
1623 2 2 1 1 4763 1312 6299
1624 2 2 1 1 4037 1717 6551
1625 2 2 1 1 3656 5162 6414
1626 2 2 1 1 4035 3603 6540
1627 2 2 1 1 3833 6066 6425
1628 2 2 1 1 1641 1644 4366
1629 2 2 1 1 2061 4331 5838
1630 2 2 1 1 2793 4686 5578
1631 2 2 1 1 2499 4378 5379
1632 2 2 1 1 1639 1641 4366
1633 2 2 1 1 4294 2489 4375
1634 2 2 1 1 3837 4394 5749
1635 2 2 1 1 3560 5373 5812
1636 2 2 1 1 4337 4334 5851
1637 2 2 1 1 4725 5505 6514
1638 2 2 1 1 5024 2410 5025
1639 2 2 1 1 3933 6022 6398
1640 2 2 1 1 4792 4790 5291
1641 2 2 1 1 4762 1374 4763
1642 2 2 1 1 4285 2749 5838
1643 2 2 1 1 5593 5477 6489
1644 2 2 1 1 3388 3389 4528
1645 2 2 1 1 2617 4485 6567
1646 2 2 1 1 2208 4348 5336
1647 2 2 1 1 3835 4376 5671
1648 2 2 1 1 1318 1372 4326
1649 2 2 1 1 4398 4397 5623
1650 2 2 1 1 6453 4341 6471
1651 2 2 1 1 3847 6453 6471
1652 2 2 1 1 2499 4376 4378
1653 2 2 1 1 2410 5024 5565
1654 2 2 1 1 2306 4337 5851
1655 2 2 1 1 5025 2410 5589
1656 2 2 1 1 4348 4350 5336
1657 2 2 1 1 2208 4347 4348
1658 2 2 1 1 4369 4669 5939
1659 2 2 1 1 4376 2499 5671
1660 2 2 1 1 5024 3834 5565
1661 2 2 1 1 4350 1267 5336
1662 2 2 1 1 2489 4292 5752
1663 2 2 1 1 4347 2208 5272
1664 2 2 1 1 4340 4368 5767
1665 2 2 1 1 4340 2294 5893
1666 2 2 1 1 4527 1700 4528
1667 2 2 1 1 3391 6473 6537
1668 2 2 1 1 4989 2297 6225
1669 2 2 1 1 2294 4340 5767
1670 2 2 1 1 4797 4333 5893
1671 2 2 1 1 4368 1185 5767
1672 2 2 1 1 4576 2708 6416
1673 2 2 1 1 4687 5675 6378
1674 2 2 1 1 2294 4797 5893
1675 2 2 1 1 5272 1153 5902
1676 2 2 1 1 1492 6305 6485
1677 2 2 1 1 1310 1312 4763
1678 2 2 1 1 1269 4339 6386
1679 2 2 1 1 4347 5272 5902
1680 2 2 1 1 4296 4375 6197
1681 2 2 1 1 5373 3560 6294
1682 2 2 1 1 4337 2306 4345
1683 2 2 1 1 3834 5323 5565
1684 2 2 1 1 3156 6548 6549
1685 2 2 1 1 4790 2645 5291
1686 2 2 1 1 4441 3702 4443
1687 2 2 1 1 2492 3702 4441
1688 2 2 1 1 4375 1326 6197
1689 2 2 1 1 4379 2171 6307
1690 2 2 1 1 1647 1649 4529
1691 2 2 1 1 3237 4287 4397
1692 2 2 1 1 1153 5318 5902
1693 2 2 1 1 6066 1699 6425
1694 2 2 1 1 4327 992 5593
1695 2 2 1 1 1802 2045 4396
1696 2 2 1 1 5050 3835 5671
1697 2 2 1 1 2045 4287 4396
1698 2 2 1 1 3836 5318 5452
1699 2 2 1 1 1322 2489 5752
1700 2 2 1 1 5318 1153 5452
1701 2 2 1 1 4290 1372 5752
1702 2 2 1 1 4989 3837 5749
1703 2 2 1 1 6022 4795 6398
1704 2 2 1 1 4413 4415 6393
1705 2 2 1 1 5050 1092 5603
1706 2 2 1 1 5379 4378 5982
1707 2 2 1 1 5247 2170 6518
1708 2 2 1 1 992 4327 5867
1709 2 2 1 1 6299 1317 6417
1710 2 2 1 1 4394 1092 5749
1711 2 2 1 1 3835 5050 5603
1712 2 2 1 1 1492 4387 6305
1713 2 2 1 1 1031 1029 4744
1714 2 2 1 1 1372 1320 5752
1715 2 2 1 1 5323 3834 5799
1716 2 2 1 1 4788 2645 4790
1717 2 2 1 1 4345 2306 4982
1718 2 2 1 1 5777 992 5867
1719 2 2 1 1 5584 1204 6415
1720 2 2 1 1 4681 1368 6512
1721 2 2 1 1 3000 2999 6401
1722 2 2 1 1 4357 4445 5532
1723 2 2 1 1 1092 4394 5603
1724 2 2 1 1 4720 4718 6221
1725 2 2 1 1 1782 1780 5961
1726 2 2 1 1 4687 2797 5675
1727 2 2 1 1 3837 4989 6225
1728 2 2 1 1 2924 3737 6565
1729 2 2 1 1 3888 4397 4398
1730 2 2 1 1 1374 1310 4763
1731 2 2 1 1 4328 3829 6438
1732 2 2 1 1 3209 3207 6352
1733 2 2 1 1 3551 3549 5872
1734 2 2 1 1 1188 4813 5362
1735 2 2 1 1 4396 4288 5969
1736 2 2 1 1 1151 4351 4982
1737 2 2 1 1 1657 1660 5350
1738 2 2 1 1 3587 4361 4363
1739 2 2 1 1 3213 4359 4360
1740 2 2 1 1 4285 5838 5991
1741 2 2 1 1 2061 1655 5350
1742 2 2 1 1 4351 4345 4982
1743 2 2 1 1 4464 4443 6464
1744 2 2 1 1 1800 4396 5969
1745 2 2 1 1 5325 1174 6236
1746 2 2 1 1 2368 4720 6221
1747 2 2 1 1 3263 3587 4363
1748 2 2 1 1 1150 5323 5799
1749 2 2 1 1 4689 5777 5867
1750 2 2 1 1 2624 4420 5057
1751 2 2 1 1 4689 2240 5777
1752 2 2 1 1 2645 4788 5732
1753 2 2 1 1 4788 4786 5732
1754 2 2 1 1 3295 4669 6305
1755 2 2 1 1 1174 5499 6235
1756 2 2 1 1 3560 5872 6294
1757 2 2 1 1 4445 2297 5532
1758 2 2 1 1 4280 4281 6550
1759 2 2 1 1 4590 1182 6526
1760 2 2 1 1 4688 4690 5855
1761 2 2 1 1 2995 4383 4646
1762 2 2 1 1 3278 6285 6385
1763 2 2 1 1 2297 4445 6225
1764 2 2 1 1 4813 4812 5362
1765 2 2 1 1 4331 3827 5838
1766 2 2 1 1 4020 3609 6447
1767 2 2 1 1 4371 1150 5799
1768 2 2 1 1 4336 3388 4528
1769 2 2 1 1 4373 1400 4442
1770 2 2 1 1 1314 1317 6299
1771 2 2 1 1 2393 2988 4367
1772 2 2 1 1 1142 3530 6555
1773 2 2 1 1 1174 6235 6236
1774 2 2 1 1 4682 4680 6499
1775 2 2 1 1 4550 6491 6495
1776 2 2 1 1 4412 4413 5619
1777 2 2 1 1 4617 1616 4620
1778 2 2 1 1 4387 1492 4696
1779 2 2 1 1 3828 4332 6486
1780 2 2 1 1 4812 2199 5362
1781 2 2 1 1 4551 1170 6497
1782 2 2 1 1 4690 3478 5855
1783 2 2 1 1 1401 4691 5373
1784 2 2 1 1 6351 4757 6360
1785 2 2 1 1 5941 5942 5944
1786 2 2 1 1 3000 4412 5619
1787 2 2 1 1 4351 1151 5982
1788 2 2 1 1 4383 2995 4385
1789 2 2 1 1 4364 3840 5171
1790 2 2 1 1 5162 3847 6414
1791 2 2 1 1 4813 5363 5807
1792 2 2 1 1 2610 2393 4367
1793 2 2 1 1 4356 3247 5104
1794 2 2 1 1 3842 5448 5556
1795 2 2 1 1 2243 4362 4965
1796 2 2 1 1 4284 6374 6384
1797 2 2 1 1 1065 1147 4640
1798 2 2 1 1 3976 5601 5846
1799 2 2 1 1 3389 4527 4528
1800 2 2 1 1 4385 2995 4386
1801 2 2 1 1 2238 4370 5170
1802 2 2 1 1 6491 1402 6495
1803 2 2 1 1 1147 4639 4640
1804 2 2 1 1 4745 3264 5597
1805 2 2 1 1 4365 2160 4745
1806 2 2 1 1 1151 5379 5982
1807 2 2 1 1 6305 4669 6485
1808 2 2 1 1 1138 6477 6520
1809 2 2 1 1 2199 4812 4814
1810 2 2 1 1 4614 5541 6080
1811 2 2 1 1 4786 1594 5732
1812 2 2 1 1 1100 4357 5532
1813 2 2 1 1 1288 4453 5353
1814 2 2 1 1 5373 4691 5812
1815 2 2 1 1 5499 4644 6235
1816 2 2 1 1 6475 2096 6483
1817 2 2 1 1 4369 2365 4669
1818 2 2 1 1 4385 4387 4696
1819 2 2 1 1 4687 3509 6090
1820 2 2 1 1 3849 4856 5034
1821 2 2 1 1 3391 5025 5589
1822 2 2 1 1 4615 1616 4617
1823 2 2 1 1 2171 5353 6307
1824 2 2 1 1 4433 3209 6352
1825 2 2 1 1 2676 3186 3807
1826 2 2 1 1 4619 4620 6201
1827 2 2 1 1 865 867 869
1828 2 2 1 1 3569 4937 5642
1829 2 2 1 1 786 787 788
1830 2 2 1 1 6374 2170 6384
1831 2 2 1 1 6132 2790 6467
1832 2 2 1 1 3186 2677 3187
1833 2 2 1 1 4684 4687 6090
1834 2 2 1 1 867 866 868
1835 2 2 1 1 6156 1100 6211
1836 2 2 1 1 3840 4364 5406
1837 2 2 1 1 1067 1065 4640
1838 2 2 1 1 4813 1188 5363
1839 2 2 1 1 5619 4413 6393
1840 2 2 1 1 1280 4328 6438
1841 2 2 1 1 6561 3534 6563
1842 2 2 1 1 5807 5363 5872
1843 2 2 1 1 4339 4284 6386
1844 2 2 1 1 1178 1182 6530
1845 2 2 1 1 4332 4331 5350
1846 2 2 1 1 6359 4368 6399
1847 2 2 1 1 4529 1649 5548
1848 2 2 1 1 3843 4390 4643
1849 2 2 1 1 2484 4380 4671
1850 2 2 1 1 2683 2687 4386
1851 2 2 1 1 3009 4392 4643
1852 2 2 1 1 4412 3000 6401
1853 2 2 1 1 4644 5499 5500
1854 2 2 1 1 4101 4421 4422
1855 2 2 1 1 4744 3836 5452
1856 2 2 1 1 3841 6117 6328
1857 2 2 1 1 4937 4720 5642
1858 2 2 1 1 1227 1269 6386
1859 2 2 1 1 4963 2631 5518
1860 2 2 1 1 4370 2238 5171
1861 2 2 1 1 3503 3505 4575
1862 2 2 1 1 4357 1100 6156
1863 2 2 1 1 4370 4442 5170
1864 2 2 1 1 4420 4363 5057
1865 2 2 1 1 5276 5064 6379
1866 2 2 1 1 4619 6201 6268
1867 2 2 1 1 4101 4422 4423
1868 2 2 1 1 1107 1110 5235
1869 2 2 1 1 3830 4762 4763
1870 2 2 1 1 4362 2243 5584
1871 2 2 1 1 3263 4363 4420
1872 2 2 1 1 2498 4451 6433
1873 2 2 1 1 4571 3506 4573
1874 2 2 1 1 1700 1647 4529
1875 2 2 1 1 3979 6008 6228
1876 2 2 1 1 1156 1170 6500
1877 2 2 1 1 6291 4759 6469
1878 2 2 1 1 4327 5593 6489
1879 2 2 1 1 4020 5899 6153
1880 2 2 1 1 4480 3842 5556
1881 2 2 1 1 5448 1147 5556
1882 2 2 1 1 3847 5162 6453
1883 2 2 1 1 3586 6157 6303
1884 2 2 1 1 4784 1594 4786
1885 2 2 1 1 4342 2988 4344
1886 2 2 1 1 4392 3843 4643
1887 2 2 1 1 4856 3849 5866
1888 2 2 1 1 4639 1147 5448
1889 2 2 1 1 4432 4757 6351
1890 2 2 1 1 4961 4963 5518
1891 2 2 1 1 5353 4453 6307
1892 2 2 1 1 2407 4526 4537
1893 2 2 1 1 4383 4380 4646
1894 2 2 1 1 1029 2160 4744
1895 2 2 1 1 4359 3213 4603
1896 2 2 1 1 4451 2498 5625
1897 2 2 1 1 4335 4437 6025
1898 2 2 1 1 4442 1400 5170
1899 2 2 1 1 1031 4744 5452
1900 2 2 1 1 4573 3506 4575
1901 2 2 1 1 4401 5394 5831
1902 2 2 1 1 4401 1598 5394
1903 2 2 1 1 1150 4371 5235
1904 2 2 1 1 5289 3925 6336
1905 2 2 1 1 3867 3271 4405
1906 2 2 1 1 4462 1203 4849
1907 2 2 1 1 2749 2061 5838
1908 2 2 1 1 4676 6493 6498
1909 2 2 1 1 4680 1367 6499
1910 2 2 1 1 6214 3677 6278
1911 2 2 1 1 2222 2219 4756
1912 2 2 1 1 4400 2113 4901
1913 2 2 1 1 1400 4373 4480
1914 2 2 1 1 3870 4579 6400
1915 2 2 1 1 4404 1434 5911
1916 2 2 1 1 4361 3587 5846
1917 2 2 1 1 4437 2556 6025
1918 2 2 1 1 4365 4745 5597
1919 2 2 1 1 3840 3277 5171
1920 2 2 1 1 1103 1105 4538
1921 2 2 1 1 4284 6384 6386
1922 2 2 1 1 4374 3801 4391
1923 2 2 1 1 1557 1554 6250
1924 2 2 1 1 3644 5505 6515
1925 2 2 1 1 4031 6446 6454
1926 2 2 1 1 1267 4350 6285
1927 2 2 1 1 3848 3849 5034
1928 2 2 1 1 2160 4365 4744
1929 2 2 1 1 4405 3271 4408
1930 2 2 1 1 4321 4319 5023
1931 2 2 1 1 1616 4615 5110
1932 2 2 1 1 3581 3579 6077
1933 2 2 1 1 3848 5034 5612
1934 2 2 1 1 2995 2683 4386
1935 2 2 1 1 4908 4404 5911
1936 2 2 1 1 4961 1223 4962
1937 2 2 1 1 3271 3013 4408
1938 2 2 1 1 3247 4356 6153
1939 2 2 1 1 2374 2372 4721
1940 2 2 1 1 4494 2108 6147
1941 2 2 1 1 4390 3843 5959
1942 2 2 1 1 5465 1598 5599
1943 2 2 1 1 1331 1329 5369
1944 2 2 1 1 4665 4118 5562
1945 2 2 1 1 4362 5584 6415
1946 2 2 1 1 4429 2439 4432
1947 2 2 1 1 3560 3551 5872
1948 2 2 1 1 4420 2624 5856
1949 2 2 1 1 4393 3858 5418
1950 2 2 1 1 1223 4961 5518
1951 2 2 1 1 1018 1019 5254
1952 2 2 1 1 3456 4461 4750
1953 2 2 1 1 4398 6554 6570
1954 2 2 1 1 4535 4534 4536
1955 2 2 1 1 6270 2339 6367
1956 2 2 1 1 3163 4118 4665
1957 2 2 1 1 5394 2236 5831
1958 2 2 1 1 3846 4603 4663
1959 2 2 1 1 5156 4132 5167
1960 2 2 1 1 3460 3462 6117
1961 2 2 1 1 2568 2374 4721
1962 2 2 1 1 5460 4390 5959
1963 2 2 1 1 4619 4617 4620
1964 2 2 1 1 4341 2726 6471
1965 2 2 1 1 4795 4897 6398
1966 2 2 1 1 5977 3324 6313
1967 2 2 1 1 1757 5975 5978
1968 2 2 1 1 3620 4420 5856
1969 2 2 1 1 4407 3563 4460
1970 2 2 1 1 1760 4388 5846
1971 2 2 1 1 4392 3009 4644
1972 2 2 1 1 4615 4610 5110
1973 2 2 1 1 4245 5498 6392
1974 2 2 1 1 926 4446 4935
1975 2 2 1 1 5595 3848 5612
1976 2 2 1 1 4443 3702 6464
1977 2 2 1 1 2120 4382 4901
1978 2 2 1 1 1203 4462 5868
1979 2 2 1 1 4819 3977 6288
1980 2 2 1 1 1617 1559 4882
1981 2 2 1 1 5092 3979 6228
1982 2 2 1 1 3549 5807 5872
1983 2 2 1 1 4380 2484 4646
1984 2 2 1 1 6345 1349 6362
1985 2 2 1 1 5960 2252 5970
1986 2 2 1 1 2047 5672 5966
1987 2 2 1 1 4403 1152 5633
1988 2 2 1 1 5424 2206 6308
1989 2 2 1 1 1598 4401 5599
1990 2 2 1 1 4720 2368 5642
1991 2 2 1 1 5061 5897 6040
1992 2 2 1 1 948 941 5216
1993 2 2 1 1 4392 4644 5500
1994 2 2 1 1 4379 6156 6211
1995 2 2 1 1 4091 4389 4448
1996 2 2 1 1 5952 1443 6049
1997 2 2 1 1 4663 4802 4991
1998 2 2 1 1 2199 4814 5439
1999 2 2 1 1 3506 3503 4575
2000 2 2 1 1 4542 3280 5430
2001 2 2 1 1 2167 4497 5148
2002 2 2 1 1 5899 4020 6447
2003 2 2 1 1 4881 1617 4882
2004 2 2 1 1 1594 4784 5692
2005 2 2 1 1 4524 4519 4751
2006 2 2 1 1 3385 6455 6457
2007 2 2 1 1 3850 4374 4391
2008 2 2 1 1 1616 1565 4620
2009 2 2 1 1 2631 4963 6029
2010 2 2 1 1 3846 4359 4603
2011 2 2 1 1 1185 4368 6359
2012 2 2 1 1 4381 4451 5625
2013 2 2 1 1 4451 6422 6433
2014 2 2 1 1 3587 3976 5846
2015 2 2 1 1 2441 6149 6324
2016 2 2 1 1 4745 5325 6236
2017 2 2 1 1 4402 2236 5576
2018 2 2 1 1 4432 4756 4757
2019 2 2 1 1 4544 2828 5399
2020 2 2 1 1 1105 2407 4538
2021 2 2 1 1 4336 4528 4529
2022 2 2 1 1 3620 5595 5612
2023 2 2 1 1 4674 4673 5095
2024 2 2 1 1 4382 4400 4901
2025 2 2 1 1 5562 4118 5563
2026 2 2 1 1 4373 3842 4480
2027 2 2 1 1 6327 6326 7261
2028 2 2 1 1 3844 5633 6057
2029 2 2 1 1 2365 1305 6485
2030 2 2 1 1 4366 3833 6425
2031 2 2 1 1 5595 3620 5856
2032 2 2 1 1 6427 3267 6446
2033 2 2 1 1 4770 1224 4772
2034 2 2 1 1 6066 3267 6427
2035 2 2 1 1 4038 6561 6563
2036 2 2 1 1 2312 2313 4672
2037 2 2 1 1 1565 1563 4620
2038 2 2 1 1 4662 2937 5980
2039 2 2 1 1 3209 6351 6360
2040 2 2 1 1 1553 1550 6215
2041 2 2 1 1 2236 4402 5831
2042 2 2 1 1 3025 4407 4460
2043 2 2 1 1 4700 4701 5640
2044 2 2 1 1 5505 3644 6514
2045 2 2 1 1 2317 2319 5804
2046 2 2 1 1 4718 4721 6221
2047 2 2 1 1 3921 4613 5079
2048 2 2 1 1 5437 2829 6222
2049 2 2 1 1 2492 4441 6451
2050 2 2 1 1 4838 5156 5167
2051 2 2 1 1 5899 3247 6153
2052 2 2 1 1 4446 4447 4935
2053 2 2 1 1 2663 2437 6054
2054 2 2 1 1 5791 5213 6012
2055 2 2 1 1 3846 4663 4991
2056 2 2 1 1 4962 1223 5122
2057 2 2 1 1 968 2234 6272
2058 2 2 1 1 4380 3852 4671
2059 2 2 1 1 3416 5276 6379
2060 2 2 1 1 1435 4488 4490
2061 2 2 1 1 4556 1773 5132
2062 2 2 1 1 3682 6359 6399
2063 2 2 1 1 3277 4370 5171
2064 2 2 1 1 5658 1368 6511
2065 2 2 1 1 2407 4537 4538
2066 2 2 1 1 2522 4478 5756
2067 2 2 1 1 2113 4400 5876
2068 2 2 1 1 3854 5960 5970
2069 2 2 1 1 4674 5095 5804
2070 2 2 1 1 4843 2211 4844
2071 2 2 1 1 6003 5047 6067
2072 2 2 1 1 5975 3531 5978
2073 2 2 1 1 3855 4395 5396
2074 2 2 1 1 4478 2522 4498
2075 2 2 1 1 3854 3280 4542
2076 2 2 1 1 1559 1557 4882
2077 2 2 1 1 4660 2937 4662
2078 2 2 1 1 3506 4571 5393
2079 2 2 1 1 4362 3417 4965
2080 2 2 1 1 3640 4379 6307
2081 2 2 1 1 2497 4381 5625
2082 2 2 1 1 5234 4896 6155
2083 2 2 1 1 4533 4534 4535
2084 2 2 1 1 5563 4118 7205
2085 2 2 1 1 5808 6522 6527
2086 2 2 1 1 4388 1760 6218
2087 2 2 1 1 5413 6278 6424
2088 2 2 1 1 6029 3867 6297
2089 2 2 1 1 4772 1224 5424
2090 2 2 1 1 845 4439 4766
2091 2 2 1 1 4485 4484 6302
2092 2 2 1 1 2790 3677 6214
2093 2 2 1 1 2171 4379 6211
2094 2 2 1 1 4516 4510 4673
2095 2 2 1 1 6201 1617 6268
2096 2 2 1 1 2343 2342 6406
2097 2 2 1 1 5805 3523 6320
2098 2 2 1 1 3867 4405 5254
2099 2 2 1 1 3856 5268 5638
2100 2 2 1 1 4461 3456 5460
2101 2 2 1 1 4453 1288 6117
2102 2 2 1 1 4461 5460 5959
2103 2 2 1 1 2406 4436 5177
2104 2 2 1 1 4476 2938 5756
2105 2 2 1 1 2546 5065 5689
2106 2 2 1 1 5289 3663 6070
2107 2 2 1 1 4849 1203 5439
2108 2 2 1 1 2522 2520 4498
2109 2 2 1 1 5110 4610 6105
2110 2 2 1 1 4438 5047 6003
2111 2 2 1 1 2407 1107 5235
2112 2 2 1 1 5637 6326 6327
2113 2 2 1 1 7204 5563 7205
2114 2 2 1 1 4612 4614 6080
2115 2 2 1 1 3563 4407 4462
2116 2 2 1 1 1010 1008 5439
2117 2 2 1 1 2520 3150 4498
2118 2 2 1 1 4716 2568 4721
2119 2 2 1 1 2439 2222 4756
2120 2 2 1 1 3885 4491 6114
2121 2 2 1 1 4657 1451 5604
2122 2 2 1 1 4478 4476 5756
2123 2 2 1 1 4437 5862 6123
2124 2 2 1 1 4408 4409 5592
2125 2 2 1 1 5215 5861 6004
2126 2 2 1 1 4497 4439 5148
2127 2 2 1 1 5633 1152 6057
2128 2 2 1 1 3772 5288 5401
2129 2 2 1 1 5203 6176 6304
2130 2 2 1 1 4462 4407 5868
2131 2 2 1 1 1639 4366 6425
2132 2 2 1 1 4432 2439 4756
2133 2 2 1 1 3585 5465 5599
2134 2 2 1 1 4408 3013 4409
2135 2 2 1 1 2125 5215 6004
2136 2 2 1 1 2053 4700 5640
2137 2 2 1 1 2939 2598 4533
2138 2 2 1 1 3151 4091 4448
2139 2 2 1 1 6143 4245 6392
2140 2 2 1 1 4701 2008 5640
2141 2 2 1 1 3979 5092 5981
2142 2 2 1 1 2828 4543 5358
2143 2 2 1 1 3663 3641 6070
2144 2 2 1 1 4436 2406 5794
2145 2 2 1 1 3579 4456 6077
2146 2 2 1 1 4456 2052 4664
2147 2 2 1 1 5201 3090 5203
2148 2 2 1 1 4510 4509 4673
2149 2 2 1 1 5936 6053 6115
2150 2 2 1 1 4543 2828 4544
2151 2 2 1 1 2737 4393 5418
2152 2 2 1 1 1604 4678 6080
2153 2 2 1 1 1443 5268 6049
2154 2 2 1 1 5199 3090 5201
2155 2 2 1 1 4600 2509 4695
2156 2 2 1 1 4932 4447 4934
2157 2 2 1 1 4526 2407 5235
2158 2 2 1 1 3579 2052 4456
2159 2 2 1 1 6488 1402 6491
2160 2 2 1 1 5449 2478 5510
2161 2 2 1 1 1804 1806 5623
2162 2 2 1 1 6285 4350 6385
2163 2 2 1 1 2937 4660 4698
2164 2 2 1 1 5817 4544 5827
2165 2 2 1 1 6455 5236 6457
2166 2 2 1 1 6422 4377 6433
2167 2 2 1 1 4397 2045 5623
2168 2 2 1 1 4447 4932 4935
2169 2 2 1 1 4326 4289 6137
2170 2 2 1 1 4612 3922 4614
2171 2 2 1 1 4882 1557 6250
2172 2 2 1 1 4674 6270 6367
2173 2 2 1 1 3598 6046 6153
2174 2 2 1 1 4509 2330 4673
2175 2 2 1 1 3663 5289 6336
2176 2 2 1 1 4903 4904 4907
2177 2 2 1 1 5038 5043 5839
2178 2 2 1 1 5617 4978 6001
2179 2 2 1 1 4395 3855 5741
2180 2 2 1 1 6218 2202 6411
2181 2 2 1 1 1103 4538 6057
2182 2 2 1 1 6094 3989 6130
2183 2 2 1 1 1224 4770 5638
2184 2 2 1 1 2157 1331 5369
2185 2 2 1 1 6147 2108 6184
2186 2 2 1 1 1152 4403 5377
2187 2 2 1 1 4849 3562 5773
2188 2 2 1 1 2243 4965 5122
2189 2 2 1 1 3484 5044 5971
2190 2 2 1 1 1110 1150 5235
2191 2 2 1 1 4770 3856 5638
2192 2 2 1 1 4441 3682 6451
2193 2 2 1 1 5601 1760 5846
2194 2 2 1 1 4713 2568 4716
2195 2 2 1 1 4455 3390 4945
2196 2 2 1 1 3308 5213 5791
2197 2 2 1 1 3393 6029 6242
2198 2 2 1 1 4802 942 4991
2199 2 2 1 1 3951 5557 5879
2200 2 2 1 1 3874 4399 6099
2201 2 2 1 1 4034 4587 4588
2202 2 2 1 1 5137 4274 6179
2203 2 2 1 1 5464 4656 5759
2204 2 2 1 1 2808 2811 4568
2205 2 2 1 1 3310 5711 5712
2206 2 2 1 1 3406 5418 6333
2207 2 2 1 1 931 5157 6118
2208 2 2 1 1 6426 3695 6445
2209 2 2 1 1 3349 3351 5919
2210 2 2 1 1 1379 4557 4584
2211 2 2 1 1 4946 4455 6274
2212 2 2 1 1 5627 1402 6488
2213 2 2 1 1 4438 2478 5047
2214 2 2 1 1 2695 2692 4587
2215 2 2 1 1 4784 4782 5692
2216 2 2 1 1 3745 3126 5712
2217 2 2 1 1 3308 5212 5213
2218 2 2 1 1 2056 6426 6445
2219 2 2 1 1 5043 2942 5839
2220 2 2 1 1 2809 4569 4570
2221 2 2 1 1 3444 3442 6093
2222 2 2 1 1 1915 6525 6532
2223 2 2 1 1 3115 6544 6546
2224 2 2 1 1 3374 3124 5710
2225 2 2 1 1 5321 2008 6337
2226 2 2 1 1 4474 2938 4476
2227 2 2 1 1 5637 6325 6326
2228 2 2 1 1 5171 2238 5420
2229 2 2 1 1 3463 5876 6216
2230 2 2 1 1 3569 5631 6458
2231 2 2 1 1 6085 2048 6187
2232 2 2 1 1 2219 2221 4756
2233 2 2 1 1 3854 4410 5960
2234 2 2 1 1 6246 5008 6290
2235 2 2 1 1 4491 2850 6114
2236 2 2 1 1 2406 5377 5794
2237 2 2 1 1 5288 3772 5400
2238 2 2 1 1 4870 4552 6497
2239 2 2 1 1 3153 3163 4665
2240 2 2 1 1 1956 4670 4886
2241 2 2 1 1 4415 4419 6393
2242 2 2 1 1 3850 4391 4592
2243 2 2 1 1 1434 4404 6040
2244 2 2 1 1 4707 3030 5621
2245 2 2 1 1 3582 3679 4472
2246 2 2 1 1 4405 1018 5254
2247 2 2 1 1 5840 3923 6146
2248 2 2 1 1 5672 4556 5966
2249 2 2 1 1 4610 4678 6105
2250 2 2 1 1 942 4802 5817
2251 2 2 1 1 4492 1553 6215
2252 2 2 1 1 2184 2183 5161
2253 2 2 1 1 4680 4679 6512
2254 2 2 1 1 4544 5399 5827
2255 2 2 1 1 4281 5241 6550
2256 2 2 1 1 3507 3490 4682
2257 2 2 1 1 4538 3844 6057
2258 2 2 1 1 2480 2610 4809
2259 2 2 1 1 2241 4819 6288
2260 2 2 1 1 6163 4272 6179
2261 2 2 1 1 964 4845 4926
2262 2 2 1 1 4810 2791 5055
2263 2 2 1 1 3030 4454 5053
2264 2 2 1 1 3874 6099 6125
2265 2 2 1 1 4814 4849 5439
2266 2 2 1 1 3784 2977 4875
2267 2 2 1 1 1624 1622 6203
2268 2 2 1 1 2621 1816 4693
2269 2 2 1 1 2157 4908 5911
2270 2 2 1 1 4965 4962 5122
2271 2 2 1 1 5044 5045 5971
2272 2 2 1 1 3307 3822 5928
2273 2 2 1 1 2879 4549 6032
2274 2 2 1 1 3483 2731 6044
2275 2 2 1 1 952 950 5423
2276 2 2 1 1 1019 1022 5254
2277 2 2 1 1 2416 2580 4692
2278 2 2 1 1 3414 4657 5604
2279 2 2 1 1 2879 4548 4549
2280 2 2 1 1 3875 6147 6184
2281 2 2 1 1 3286 3712 4547
2282 2 2 1 1 1450 4465 5920
2283 2 2 1 1 4488 1435 4564
2284 2 2 1 1 4373 4442 4582
2285 2 2 1 1 2313 2330 4672
2286 2 2 1 1 3870 5061 6040
2287 2 2 1 1 3922 4612 4613
2288 2 2 1 1 4455 3886 6274
2289 2 2 1 1 3852 4621 4671
2290 2 2 1 1 4382 2120 5919
2291 2 2 1 1 2631 6029 6297
2292 2 2 1 1 3466 4441 4443
2293 2 2 1 1 3467 3466 4443
2294 2 2 1 1 5541 1604 6080
2295 2 2 1 1 2510 4611 5292
2296 2 2 1 1 4678 1604 6105
2297 2 2 1 1 3472 3999 5771
2298 2 2 1 1 4399 3265 6099
2299 2 2 1 1 2252 4614 5970
2300 2 2 1 1 3390 4455 4946
2301 2 2 1 1 2478 4438 5510
2302 2 2 1 1 3694 3581 6077
2303 2 2 1 1 4505 3488 5053
2304 2 2 1 1 4465 3488 5920
2305 2 2 1 1 4613 2510 5079
2306 2 2 1 1 4602 5036 5037
2307 2 2 1 1 941 968 5216
2308 2 2 1 1 3866 4446 5613
2309 2 2 1 1 4777 4774 4780
2310 2 2 1 1 3332 3325 5400
2311 2 2 1 1 2811 4567 4568
2312 2 2 1 1 2224 5916 6152
2313 2 2 1 1 4558 2314 4559
2314 2 2 1 1 4436 4539 5177
2315 2 2 1 1 4439 845 5148
2316 2 2 1 1 4461 4460 4750
2317 2 2 1 1 2598 2599 4533
2318 2 2 1 1 5178 1207 5837
2319 2 2 1 1 4512 4516 4751
2320 2 2 1 1 1617 4881 6268
2321 2 2 1 1 4670 4449 4886
2322 2 2 1 1 4896 5792 6155
2323 2 2 1 1 5862 2497 6123
2324 2 2 1 1 3044 3432 4555
2325 2 2 1 1 3565 6085 6187
2326 2 2 1 1 4482 4484 4485
2327 2 2 1 1 942 5817 5827
2328 2 2 1 1 3921 3922 4613
2329 2 2 1 1 4658 2455 4698
2330 2 2 1 1 1443 5952 6217
2331 2 2 1 1 2664 2663 4421
2332 2 2 1 1 2574 2879 6032
2333 2 2 1 1 3103 6271 6300
2334 2 2 1 1 5115 5118 6124
2335 2 2 1 1 2211 948 5216
2336 2 2 1 1 5338 5030 5468
2337 2 2 1 1 1619 1618 5819
2338 2 2 1 1 2108 4494 5538
2339 2 2 1 1 3151 4448 4692
2340 2 2 1 1 1699 6066 6427
2341 2 2 1 1 4479 4498 4499
2342 2 2 1 1 1329 1435 5369
2343 2 2 1 1 2093 2095 6035
2344 2 2 1 1 4364 5171 5420
2345 2 2 1 1 4640 3841 6328
2346 2 2 1 1 4410 3854 4542
2347 2 2 1 1 6419 5256 6470
2348 2 2 1 1 2809 4568 4569
2349 2 2 1 1 2112 2498 4641
2350 2 2 1 1 5092 5091 5981
2351 2 2 1 1 3866 5613 5805
2352 2 2 1 1 4386 2687 6127
2353 2 2 1 1 3852 2993 4621
2354 2 2 1 1 2939 4533 4535
2355 2 2 1 1 4387 4386 6127
2356 2 2 1 1 4463 1451 4657
2357 2 2 1 1 4421 2663 4422
2358 2 2 1 1 5203 3090 5482
2359 2 2 1 1 1455 1442 4530
2360 2 2 1 1 5076 3454 6067
2361 2 2 1 1 1190 1202 5247
2362 2 2 1 1 2999 4356 6401
2363 2 2 1 1 4385 4386 4387
2364 2 2 1 1 3656 5161 5162
2365 2 2 1 1 3126 3310 5712
2366 2 2 1 1 4044 3339 5297
2367 2 2 1 1 5268 3856 6049
2368 2 2 1 1 1771 5370 5869
2369 2 2 1 1 3837 3246 4394
2370 2 2 1 1 6349 4035 6540
2371 2 2 1 1 3025 4460 4461
2372 2 2 1 1 1828 2043 4586
2373 2 2 1 1 4844 2211 5216
2374 2 2 1 1 3371 3327 5333
2375 2 2 1 1 2906 3167 4799
2376 2 2 1 1 4898 4638 5164
2377 2 2 1 1 4602 5037 5038
2378 2 2 1 1 2608 2433 4645
2379 2 2 1 1 2568 4713 5189
2380 2 2 1 1 6437 1676 6459
2381 2 2 1 1 4516 4673 4674
2382 2 2 1 1 2211 4843 5423
2383 2 2 1 1 3005 5976 6027
2384 2 2 1 1 3651 5914 6138
2385 2 2 1 1 5376 2113 5876
2386 2 2 1 1 3355 4638 4898
2387 2 2 1 1 4466 3629 4467
2388 2 2 1 1 1595 1562 4773
2389 2 2 1 1 2556 4437 6123
2390 2 2 1 1 1113 1175 4797
2391 2 2 1 1 4381 2497 5862
2392 2 2 1 1 5260 3651 6138
2393 2 2 1 1 1032 1034 5122
2394 2 2 1 1 4772 5424 6308
2395 2 2 1 1 4602 5038 5839
2396 2 2 1 1 4435 3153 4665
2397 2 2 1 1 3490 3489 4682
2398 2 2 1 1 3278 3840 6285
2399 2 2 1 1 4454 3030 4707
2400 2 2 1 1 5065 3564 5689
2401 2 2 1 1 1816 1818 4693
2402 2 2 1 1 5040 5039 5041
2403 2 2 1 1 3215 3692 6403
2404 2 2 1 1 2692 3110 4587
2405 2 2 1 1 4547 3712 4548
2406 2 2 1 1 4884 4767 5630
2407 2 2 1 1 4908 2157 6298
2408 2 2 1 1 3417 4964 4965
2409 2 2 1 1 4462 4849 5773
2410 2 2 1 1 4114 6087 6088
2411 2 2 1 1 3207 3777 6352
2412 2 2 1 1 3166 2906 4799
2413 2 2 1 1 4535 5537 6195
2414 2 2 1 1 845 4766 4925
2415 2 2 1 1 4614 2252 5541
2416 2 2 1 1 4754 1527 5304
2417 2 2 1 1 4454 4505 5053
2418 2 2 1 1 3871 4488 4564
2419 2 2 1 1 3720 3844 4537
2420 2 2 1 1 5260 3936 6160
2421 2 2 1 1 3676 2878 6559
2422 2 2 1 1 6175 3655 6381
2423 2 2 1 1 1134 1132 4863
2424 2 2 1 1 5537 4123 6195
2425 2 2 1 1 1702 1701 4864
2426 2 2 1 1 1061 1059 4480
2427 2 2 1 1 5778 3433 5974
2428 2 2 1 1 2746 2312 4672
2429 2 2 1 1 3989 3607 6130
2430 2 2 1 1 4979 3394 5528
2431 2 2 1 1 2530 4902 5932
2432 2 2 1 1 4581 4722 5530
2433 2 2 1 1 2395 2414 5462
2434 2 2 1 1 3264 4745 6236
2435 2 2 1 1 3640 4452 6216
2436 2 2 1 1 1704 1706 4749
2437 2 2 1 1 5130 1358 5762
2438 2 2 1 1 1763 973 6178
2439 2 2 1 1 2977 3036 4875
2440 2 2 1 1 4543 4545 5358
2441 2 2 1 1 4101 3171 4421
2442 2 2 1 1 4677 2247 5245
2443 2 2 1 1 3858 4393 6157
2444 2 2 1 1 4324 4325 6570
2445 2 2 1 1 2467 5562 5563
2446 2 2 1 1 2758 932 4798
2447 2 2 1 1 1435 4490 5369
2448 2 2 1 1 2954 2952 5389
2449 2 2 1 1 5483 5179 5567
2450 2 2 1 1 1921 1945 4990
2451 2 2 1 1 1170 4551 6500
2452 2 2 1 1 3870 3024 4579
2453 2 2 1 1 5233 6092 6108
2454 2 2 1 1 2170 6374 6518
2455 2 2 1 1 5785 4585 6015
2456 2 2 1 1 2879 4547 4548
2457 2 2 1 1 3408 4677 5245
2458 2 2 1 1 2179 5814 5913
2459 2 2 1 1 4666 2103 5910
2460 2 2 1 1 2138 2144 6145
2461 2 2 1 1 2809 2808 4568
2462 2 2 1 1 3841 3460 6117
2463 2 2 1 1 3488 4505 5920
2464 2 2 1 1 4526 3724 4537
2465 2 2 1 1 2319 2322 5804
2466 2 2 1 1 1203 1010 5439
2467 2 2 1 1 3486 4707 5621
2468 2 2 1 1 5037 5039 5040
2469 2 2 1 1 1120 1123 5589
2470 2 2 1 1 3807 3186 4047
2471 2 2 1 1 867 868 870
2472 2 2 1 1 5976 3920 6027
2473 2 2 1 1 5436 3040 5456
2474 2 2 1 1 1585 1583 5576
2475 2 2 1 1 5368 3511 5517
2476 2 2 1 1 2439 4429 6054
2477 2 2 1 1 3626 3629 4466
2478 2 2 1 1 5876 4400 6216
2479 2 2 1 1 5702 3382 5984
2480 2 2 1 1 1760 1430 6218
2481 2 2 1 1 4694 4600 4695
2482 2 2 1 1 964 4926 5111
2483 2 2 1 1 891 889 5850
2484 2 2 1 1 1757 5873 5975
2485 2 2 1 1 3701 3699 5614
2486 2 2 1 1 4611 2510 4613
2487 2 2 1 1 3374 4850 5545
2488 2 2 1 1 4850 3374 5710
2489 2 2 1 1 4494 3857 5538
2490 2 2 1 1 788 787 789
2491 2 2 1 1 4495 2247 4677
2492 2 2 1 1 4468 3203 4469
2493 2 2 1 1 4601 2346 5036
2494 2 2 1 1 6117 1288 6328
2495 2 2 1 1 6227 3876 6234
2496 2 2 1 1 1945 2056 4990
2497 2 2 1 1 5212 3308 5214
2498 2 2 1 1 3438 4988 5074
2499 2 2 1 1 3187 2677 3188
2500 2 2 1 1 3608 3441 4694
2501 2 2 1 1 4449 4003 4886
2502 2 2 1 1 4707 3486 4975
2503 2 2 1 1 4774 4773 4780
2504 2 2 1 1 3243 2695 4587
2505 2 2 1 1 1367 6481 6499
2506 2 2 1 1 3245 3875 4667
2507 2 2 1 1 1660 1661 4768
2508 2 2 1 1 1531 4655 5100
2509 2 2 1 1 868 866 2586
2510 2 2 1 1 1131 1133 4915
2511 2 2 1 1 1623 4581 5530
2512 2 2 1 1 5083 3902 5085
2513 2 2 1 1 4974 4330 5798
2514 2 2 1 1 3228 4998 5968
2515 2 2 1 1 4928 4932 4934
2516 2 2 1 1 5316 6407 6432
2517 2 2 1 1 4555 3432 4556
2518 2 2 1 1 1813 2402 4973
2519 2 2 1 1 2053 3312 4700
2520 2 2 1 1 4571 4569 5393
2521 2 2 1 1 4391 4481 4592
2522 2 2 1 1 1115 1113 4797
2523 2 2 1 1 1368 4681 6511
2524 2 2 1 1 3863 3275 6038
2525 2 2 1 1 4563 4630 4631
2526 2 2 1 1 5824 4705 5878
2527 2 2 1 1 4747 1704 4749
2528 2 2 1 1 5922 2207 6013
2529 2 2 1 1 1451 4463 4741
2530 2 2 1 1 2414 2416 4692
2531 2 2 1 1 5193 5194 5519
2532 2 2 1 1 4411 4542 5430
2533 2 2 1 1 4481 2047 5966
2534 2 2 1 1 3306 3591 5214
2535 2 2 1 1 4464 2876 5068
2536 2 2 1 1 3140 3800 4457
2537 2 2 1 1 1649 1651 5548
2538 2 2 1 1 1773 4556 5672
2539 2 2 1 1 2666 2350 6060
2540 2 2 1 1 5485 3978 5981
2541 2 2 1 1 4592 4481 5966
2542 2 2 1 1 1059 1400 4480
2543 2 2 1 1 4260 3803 4580
2544 2 2 1 1 3310 5710 5711
2545 2 2 1 1 3216 3215 4440
2546 2 2 1 1 5113 3781 5120
2547 2 2 1 1 4482 2412 4483
2548 2 2 1 1 3840 5406 6285
2549 2 2 1 1 1850 1784 4917
2550 2 2 1 1 5383 5605 5786
2551 2 2 1 1 4388 4361 5846
2552 2 2 1 1 4473 2444 4940
2553 2 2 1 1 2684 2576 4869
2554 2 2 1 1 5474 3951 5879
2555 2 2 1 1 4869 4552 4870
2556 2 2 1 1 1562 1564 4773
2557 2 2 1 1 4645 5449 5510
2558 2 2 1 1 4846 971 4847
2559 2 2 1 1 3863 4473 4940
2560 2 2 1 1 3671 5474 5905
2561 2 2 1 1 3462 4453 6117
2562 2 2 1 1 3726 3724 4526
2563 2 2 1 1 4498 3150 4499
2564 2 2 1 1 4422 2663 6054
2565 2 2 1 1 4902 4470 5932
2566 2 2 1 1 2314 2311 4559
2567 2 2 1 1 5903 4864 6104
2568 2 2 1 1 1701 1713 4864
2569 2 2 1 1 4905 2936 6034
2570 2 2 1 1 1826 1828 4586
2571 2 2 1 1 5215 2125 5324
2572 2 2 1 1 5213 5898 6012
2573 2 2 1 1 4229 5977 6313
2574 2 2 1 1 1290 1134 4863
2575 2 2 1 1 5095 2317 5804
2576 2 2 1 1 3195 3203 4468
2577 2 2 1 1 4357 3348 4445
2578 2 2 1 1 5474 2397 5905
2579 2 2 1 1 2330 4509 4672
2580 2 2 1 1 2428 2743 5269
2581 2 2 1 1 4611 4606 5292
2582 2 2 1 1 2580 3151 4692
2583 2 2 1 1 1661 1664 4768
2584 2 2 1 1 4411 4402 5576
2585 2 2 1 1 3113 4028 4444
2586 2 2 1 1 2414 4692 5462
2587 2 2 1 1 4838 4837 6275
2588 2 2 1 1 1815 1813 4973
2589 2 2 1 1 3345 4494 6147
2590 2 2 1 1 3229 3656 4576
2591 2 2 1 1 5332 1295 5707
2592 2 2 1 1 2157 5369 6298
2593 2 2 1 1 1698 1704 4747
2594 2 2 1 1 4000 4003 4449
2595 2 2 1 1 6008 4497 6228
2596 2 2 1 1 4555 4556 5132
2597 2 2 1 1 3707 2922 4565
2598 2 2 1 1 5377 4403 5794
2599 2 2 1 1 1325 1323 4868
2600 2 2 1 1 1618 2848 5819
2601 2 2 1 1 6148 1465 6159
2602 2 2 1 1 3872 4889 4975
2603 2 2 1 1 2110 2112 4641
2604 2 2 1 1 4604 2506 4605
2605 2 2 1 1 1591 4411 5576
2606 2 2 1 1 5953 2545 6026
2607 2 2 1 1 6102 2046 6256
2608 2 2 1 1 3978 3979 5981
2609 2 2 1 1 4473 3863 6038
2610 2 2 1 1 2866 2864 5459
2611 2 2 1 1 2555 2554 4532
2612 2 2 1 1 2483 3090 5199
2613 2 2 1 1 1773 1721 5219
2614 2 2 1 1 2117 2396 4743
2615 2 2 1 1 3724 3720 4537
2616 2 2 1 1 2476 2675 4699
2617 2 2 1 1 1204 5276 6415
2618 2 2 1 1 1989 1942 5149
2619 2 2 1 1 2128 2444 4473
2620 2 2 1 1 4585 4584 6015
2621 2 2 1 1 4883 2720 5983
2622 2 2 1 1 3017 3018 5430
2623 2 2 1 1 4582 3010 4900
2624 2 2 1 1 6124 5118 6192
2625 2 2 1 1 5571 5573 5574
2626 2 2 1 1 6149 4562 6324
2627 2 2 1 1 2810 2813 5131
2628 2 2 1 1 2575 2995 4646
2629 2 2 1 1 3486 3872 4975
2630 2 2 1 1 6157 4393 6303
2631 2 2 1 1 4423 4422 4424
2632 2 2 1 1 1944 2412 4482
2633 2 2 1 1 5385 2048 6085
2634 2 2 1 1 4806 4805 5476
2635 2 2 1 1 1008 2199 5439
2636 2 2 1 1 4439 3358 4766
2637 2 2 1 1 4648 4896 5234
2638 2 2 1 1 4745 2160 5325
2639 2 2 1 1 1806 2619 5623
2640 2 2 1 1 2516 5233 5828
2641 2 2 1 1 4656 3368 5759
2642 2 2 1 1 2686 2483 5199
2643 2 2 1 1 2059 1727 5440
2644 2 2 1 1 3592 3307 5928
2645 2 2 1 1 2316 2314 4558
2646 2 2 1 1 5492 5488 5733
2647 2 2 1 1 2236 1585 5576
2648 2 2 1 1 4847 971 5111
2649 2 2 1 1 2888 2887 4848
2650 2 2 1 1 5216 968 6272
2651 2 2 1 1 3325 3321 4504
2652 2 2 1 1 4539 3701 5614
2653 2 2 1 1 4926 4847 5111
2654 2 2 1 1 2041 2484 4671
2655 2 2 1 1 5540 5416 5677
2656 2 2 1 1 4560 2459 4630
2657 2 2 1 1 905 4895 5237
2658 2 2 1 1 3652 3094 5884
2659 2 2 1 1 4530 1442 6136
2660 2 2 1 1 3594 5260 6160
2661 2 2 1 1 5521 5522 6151
2662 2 2 1 1 4539 1287 5177
2663 2 2 1 1 3628 4105 4704
2664 2 2 1 1 2633 4767 4884
2665 2 2 1 1 4666 3875 6184
2666 2 2 1 1 4713 3929 5189
2667 2 2 1 1 5436 5456 5707
2668 2 2 1 1 1286 1131 4915
2669 2 2 1 1 4811 3562 4814
2670 2 2 1 1 3285 6358 6421
2671 2 2 1 1 3772 3332 5400
2672 2 2 1 1 1379 4584 4585
2673 2 2 1 1 5436 5435 5890
2674 2 2 1 1 2792 5483 5567
2675 2 2 1 1 6511 4681 6521
2676 2 2 1 1 3817 4176 4406
2677 2 2 1 1 1942 1909 5149
2678 2 2 1 1 2355 2506 4604
2679 2 2 1 1 3292 4582 4900
2680 2 2 1 1 5636 2441 6324
2681 2 2 1 1 2437 2439 6054
2682 2 2 1 1 4567 2811 5103
2683 2 2 1 1 2461 2910 4630
2684 2 2 1 1 4782 2638 5692
2685 2 2 1 1 3111 2723 5413
2686 2 2 1 1 4606 2506 5292
2687 2 2 1 1 4766 4767 4925
2688 2 2 1 1 3875 4666 4667
2689 2 2 1 1 3576 2866 5459
2690 2 2 1 1 2923 2924 4459
2691 2 2 1 1 6160 3936 6162
2692 2 2 1 1 2341 2346 4601
2693 2 2 1 1 3507 4682 4683
2694 2 2 1 1 3884 4455 4945
2695 2 2 1 1 5002 3944 5044
2696 2 2 1 1 2882 2936 4903
2697 2 2 1 1 3292 4373 4582
2698 2 2 1 1 4557 4541 4584
2699 2 2 1 1 3153 4435 5759
2700 2 2 1 1 4564 1325 4868
2701 2 2 1 1 3399 2455 4658
2702 2 2 1 1 2591 3133 5703
2703 2 2 1 1 3358 4765 4766
2704 2 2 1 1 2457 2459 4560
2705 2 2 1 1 1403 5002 5859
2706 2 2 1 1 5952 4819 6217
2707 2 2 1 1 3531 3469 5978
2708 2 2 1 1 5872 5363 6294
2709 2 2 1 1 3316 3314 5128
2710 2 2 1 1 4267 3222 5646
2711 2 2 1 1 3656 2184 5161
2712 2 2 1 1 1836 2035 4944
2713 2 2 1 1 4288 3236 4724
2714 2 2 1 1 4655 1531 5139
2715 2 2 1 1 2887 4039 4848
2716 2 2 1 1 4667 4666 5910
2717 2 2 1 1 2894 2480 4809
2718 2 2 1 1 4602 4601 5036
2719 2 2 1 1 3572 6017 6047
2720 2 2 1 1 3262 4335 6025
2721 2 2 1 1 4446 926 5613
2722 2 2 1 1 4583 1952 4979
2723 2 2 1 1 3990 5702 5984
2724 2 2 1 1 2247 4495 4917
2725 2 2 1 1 3611 3582 4472
2726 2 2 1 1 1721 1712 5219
2727 2 2 1 1 3477 5903 6104
2728 2 2 1 1 2048 2017 4911
2729 2 2 1 1 4866 2868 5909
2730 2 2 1 1 5822 3578 6062
2731 2 2 1 1 1809 1913 4816
2732 2 2 1 1 2140 2136 5345
2733 2 2 1 1 2342 2325 5496
2734 2 2 1 1 1663 1688 5504
2735 2 2 1 1 4959 4962 4964
2736 2 2 1 1 4465 5437 6222
2737 2 2 1 1 2993 2487 4621
2738 2 2 1 1 2938 4474 4902
2739 2 2 1 1 3857 3349 5919
2740 2 2 1 1 1094 1096 5377
2741 2 2 1 1 2311 2309 4559
2742 2 2 1 1 5897 1434 6040
2743 2 2 1 1 2149 2151 6048
2744 2 2 1 1 3014 2629 5154
2745 2 2 1 1 1311 4858 5320
2746 2 2 1 1 4892 2059 5440
2747 2 2 1 1 1786 1455 4530
2748 2 2 1 1 3484 5002 5044
2749 2 2 1 1 6368 4618 6412
2750 2 2 1 1 2978 2608 4645
2751 2 2 1 1 2825 3456 4750
2752 2 2 1 1 4506 3865 5669
2753 2 2 1 1 1554 1553 6250
2754 2 2 1 1 3524 4872 5611
2755 2 2 1 1 4591 3940 5075
2756 2 2 1 1 5233 5065 5828
2757 2 2 1 1 4581 3288 4722
2758 2 2 1 1 3043 3044 4555
2759 2 2 1 1 4419 5165 6393
2760 2 2 1 1 1104 1151 4982
2761 2 2 1 1 2729 3245 4667
2762 2 2 1 1 3036 4540 4875
2763 2 2 1 1 3441 3443 4694
2764 2 2 1 1 5084 3904 5351
2765 2 2 1 1 2752 2754 5029
2766 2 2 1 1 3325 4504 5400
2767 2 2 1 1 2136 2138 5345
2768 2 2 1 1 4583 4979 5528
2769 2 2 1 1 4637 4632 5793
2770 2 2 1 1 5114 5113 5120
2771 2 2 1 1 2406 1094 5377
2772 2 2 1 1 4031 2153 4769
2773 2 2 1 1 2047 4481 5123
2774 2 2 1 1 2079 5438 5568
2775 2 2 1 1 3751 3128 5305
2776 2 2 1 1 5678 5751 5802
2777 2 2 1 1 2183 2188 5161
2778 2 2 1 1 3244 3238 5603
2779 2 2 1 1 6963 4636 6964
2780 2 2 1 1 3566 4045 4566
2781 2 2 1 1 5363 1188 6166
2782 2 2 1 1 1694 1698 4747
2783 2 2 1 1 4761 5178 5837
2784 2 2 1 1 6346 4019 6363
2785 2 2 1 1 3265 4399 6314
2786 2 2 1 1 2997 2737 5418
2787 2 2 1 1 2543 5368 5517
2788 2 2 1 1 2129 4946 4947
2789 2 2 1 1 2180 2182 5197
2790 2 2 1 1 3397 4810 5055
2791 2 2 1 1 1379 1245 4557
2792 2 2 1 1 1441 1755 4729
2793 2 2 1 1 4856 4855 5034
2794 2 2 1 1 3312 3315 4700
2795 2 2 1 1 5048 2546 5689
2796 2 2 1 1 4292 4290 5752
2797 2 2 1 1 5201 5203 6304
2798 2 2 1 1 2052 1999 4664
2799 2 2 1 1 1187 1190 5247
2800 2 2 1 1 2045 1804 5623
2801 2 2 1 1 1687 1679 5251
2802 2 2 1 1 3902 5083 5351
2803 2 2 1 1 5134 4806 5476
2804 2 2 1 1 1834 1836 4944
2805 2 2 1 1 5132 1773 5219
2806 2 2 1 1 2723 2719 5413
2807 2 2 1 1 4998 3973 5968
2808 2 2 1 1 3272 3014 5154
2809 2 2 1 1 2039 2041 4671
2810 2 2 1 1 1595 4773 4774
2811 2 2 1 1 3094 1605 5884
2812 2 2 1 1 3639 3032 5615
2813 2 2 1 1 1679 1681 5251
2814 2 2 1 1 4553 3043 4554
2815 2 2 1 1 4540 3036 4898
2816 2 2 1 1 3543 3562 4811
2817 2 2 1 1 4956 4959 4964
2818 2 2 1 1 2847 1424 5965
2819 2 2 1 1 1784 2247 4917
2820 2 2 1 1 3359 3815 5674
2821 2 2 1 1 1839 6516 6519
2822 2 2 1 1 4866 5909 6033
2823 2 2 1 1 4545 930 5358
2824 2 2 1 1 964 952 5423
2825 2 2 1 1 4654 4655 5139
2826 2 2 1 1 4349 3259 4697
2827 2 2 1 1 2585 2882 4903
2828 2 2 1 1 5030 5029 5468
2829 2 2 1 1 3467 4443 4464
2830 2 2 1 1 5416 1229 5677
2831 2 2 1 1 1034 2243 5122
2832 2 2 1 1 2411 1895 5683
2833 2 2 1 1 2815 2814 5317
2834 2 2 1 1 3447 3033 4854
2835 2 2 1 1 1625 1627 6064
2836 2 2 1 1 4850 4851 5545
2837 2 2 1 1 4753 1883 5121
2838 2 2 1 1 1952 4583 5306
2839 2 2 1 1 2863 2843 5830
2840 2 2 1 1 4699 3359 5674
2841 2 2 1 1 2573 2299 5058
2842 2 2 1 1 2543 4761 5368
2843 2 2 1 1 5307 3571 5678
2844 2 2 1 1 2682 2490 4974
2845 2 2 1 1 3872 4541 4889
2846 2 2 1 1 2017 2019 4911
2847 2 2 1 1 5706 3989 6094
2848 2 2 1 1 6176 1687 6304
2849 2 2 1 1 2459 2461 4630
2850 2 2 1 1 2097 2108 5538
2851 2 2 1 1 950 2211 5423
2852 2 2 1 1 3236 2693 4724
2853 2 2 1 1 4947 4946 6274
2854 2 2 1 1 2122 1517 5912
2855 2 2 1 1 3286 4547 5058
2856 2 2 1 1 4929 5953 6026
2857 2 2 1 1 4532 6227 6234
2858 2 2 1 1 4663 4801 4802
2859 2 2 1 1 3966 5776 5857
2860 2 2 1 1 5233 2516 6092
2861 2 2 1 1 3932 5885 5958
2862 2 2 1 1 2971 2968 5246
2863 2 2 1 1 4537 3844 4538
2864 2 2 1 1 3452 4884 5630
2865 2 2 1 1 1591 1581 4410
2866 2 2 1 1 4814 3562 4849
2867 2 2 1 1 5055 2791 5273
2868 2 2 1 1 1872 2725 5534
2869 2 2 1 1 2020 2018 4675
2870 2 2 1 1 3481 3484 5971
2871 2 2 1 1 3594 3595 5260
2872 2 2 1 1 3696 4272 6163
2873 2 2 1 1 2331 2446 5497
2874 2 2 1 1 4927 4928 4934
2875 2 2 1 1 2537 5891 5907
2876 2 2 1 1 4780 2638 4782
2877 2 2 1 1 5741 2656 6340
2878 2 2 1 1 3871 4564 4868
2879 2 2 1 1 2388 2117 4743
2880 2 2 1 1 5157 4933 6118
2881 2 2 1 1 3283 4456 4664
2882 2 2 1 1 1106 1104 4982
2883 2 2 1 1 1429 1427 5629
2884 2 2 1 1 1687 5251 6261
2885 2 2 1 1 5608 2594 6024
2886 2 2 1 1 5083 5084 5351
2887 2 2 1 1 2318 2356 5182
2888 2 2 1 1 1118 1120 5589
2889 2 2 1 1 2335 2337 5486
2890 2 2 1 1 2320 2318 5182
2891 2 2 1 1 4627 4624 5723
2892 2 2 1 1 4390 2231 4643
2893 2 2 1 1 1785 1852 5731
2894 2 2 1 1 2182 2872 5197
2895 2 2 1 1 3308 3306 5214
2896 2 2 1 1 5061 5059 5897
2897 2 2 1 1 6230 3664 6247
2898 2 2 1 1 2907 2664 4421
2899 2 2 1 1 4805 1272 5476
2900 2 2 1 1 2371 2373 4698
2901 2 2 1 1 1672 3991 5422
2902 2 2 1 1 3124 3744 5710
2903 2 2 1 1 2830 3966 5857
2904 2 2 1 1 5690 3880 5691
2905 2 2 1 1 3361 5617 6001
2906 2 2 1 1 4541 2632 4889
2907 2 2 1 1 5214 3591 5215
2908 2 2 1 1 4721 2372 6221
2909 2 2 1 1 4755 4754 5304
2910 2 2 1 1 5998 5185 6016
2911 2 2 1 1 4988 4985 5074
2912 2 2 1 1 5370 3947 5869
2913 2 2 1 1 4895 4649 5237
2914 2 2 1 1 3916 3913 5080
2915 2 2 1 1 3289 3290 5448
2916 2 2 1 1 2113 2089 4901
2917 2 2 1 1 1090 1092 5050
2918 2 2 1 1 2804 4912 5286
2919 2 2 1 1 4733 2283 5180
2920 2 2 1 1 3608 4694 4695
2921 2 2 1 1 1223 1032 5122
2922 2 2 1 1 2776 2746 4507
2923 2 2 1 1 3913 3911 5080
2924 2 2 1 1 4872 2538 5611
2925 2 2 1 1 3068 3940 4591
2926 2 2 1 1 2609 3043 4553
2927 2 2 1 1 5237 4649 5432
2928 2 2 1 1 2818 2815 5317
2929 2 2 1 1 4777 4780 4781
2930 2 2 1 1 3641 3799 6191
2931 2 2 1 1 5156 4838 6275
2932 2 2 1 1 3970 5877 6043
2933 2 2 1 1 2342 5496 5498
2934 2 2 1 1 4230 4229 6366
2935 2 2 1 1 2491 3574 5506
2936 2 2 1 1 2968 2966 5246
2937 2 2 1 1 1316 1315 5479
2938 2 2 1 1 5788 1445 6065
2939 2 2 1 1 2577 3722 4525
2940 2 2 1 1 4579 3274 6400
2941 2 2 1 1 1410 1412 5067
2942 2 2 1 1 4593 2538 4872
2943 2 2 1 1 2635 1976 4927
2944 2 2 1 1 4708 3303 4709
2945 2 2 1 1 3324 3316 5128
2946 2 2 1 1 5273 1253 5987
2947 2 2 1 1 1277 2850 6129
2948 2 2 1 1 1946 1923 4943
2949 2 2 1 1 4437 4338 5862
2950 2 2 1 1 4890 3005 4891
2951 2 2 1 1 5184 5185 5998
2952 2 2 1 1 5574 5575 6994
2953 2 2 1 1 3205 3204 5889
2954 2 2 1 1 1272 4807 5192
2955 2 2 1 1 4622 2972 4623
2956 2 2 1 1 4540 4898 5164
2957 2 2 1 1 3986 3988 5831
2958 2 2 1 1 4356 3598 6153
2959 2 2 1 1 2850 4491 6129
2960 2 2 1 1 4868 1403 5859
2961 2 2 1 1 4644 3009 5874
2962 2 2 1 1 3648 3689 4703
2963 2 2 1 1 6092 5045 6108
2964 2 2 1 1 1592 5914 6177
2965 2 2 1 1 4845 964 5423
2966 2 2 1 1 4660 4658 4698
2967 2 2 1 1 2694 3273 5939
2968 2 2 1 1 6370 4728 6373
2969 2 2 1 1 1651 1654 5548
2970 2 2 1 1 5467 5778 5974
2971 2 2 1 1 5973 4876 6052
2972 2 2 1 1 2158 2858 5152
2973 2 2 1 1 4858 4730 5320
2974 2 2 1 1 2530 2528 4902
2975 2 2 1 1 1811 1809 4816
2976 2 2 1 1 5135 1952 5306
2977 2 2 1 1 4818 3639 5615
2978 2 2 1 1 5814 3939 5913
2979 2 2 1 1 4514 4512 4751
2980 2 2 1 1 2838 5840 6146
2981 2 2 1 1 1756 1876 5873
2982 2 2 1 1 4567 3859 4568
2983 2 2 1 1 924 1027 5572
2984 2 2 1 1 4799 3167 4800
2985 2 2 1 1 4465 1450 5437
2986 2 2 1 1 5787 3519 6113
2987 2 2 1 1 4669 2365 6485
2988 2 2 1 1 4463 3885 6114
2989 2 2 1 1 2858 3393 5152
2990 2 2 1 1 3005 1949 4891
2991 2 2 1 1 3803 3143 4580
2992 2 2 1 1 5321 6175 6381
2993 2 2 1 1 3842 3289 5448
2994 2 2 1 1 2185 2189 5198
2995 2 2 1 1 4577 3845 6333
2996 2 2 1 1 4670 1956 5366
2997 2 2 1 1 4435 5464 5759
2998 2 2 1 1 2764 2762 4647
2999 2 2 1 1 3690 6377 6408
3000 2 2 1 1 1272 4805 4807
3001 2 2 1 1 4935 4933 5471
3002 2 2 1 1 5538 3857 6035
3003 2 2 1 1 2455 2371 4698
3004 2 2 1 1 5268 1003 5638
3005 2 2 1 1 3862 3028 5136
3006 2 2 1 1 2201 4656 5464
3007 2 2 1 1 5861 2431 6004
3008 2 2 1 1 2675 3359 4699
3009 2 2 1 1 1202 2170 5247
3010 2 2 1 1 6014 2777 6119
3011 2 2 1 1 3300 3303 4708
3012 2 2 1 1 6053 5030 6115
3013 2 2 1 1 1584 5706 6094
3014 2 2 1 1 4851 946 5545
3015 2 2 1 1 5386 6196 6212
3016 2 2 1 1 2952 4073 5389
3017 2 2 1 1 2011 2012 5385
3018 2 2 1 1 2299 2298 5058
3019 2 2 1 1 3224 2445 5123
3020 2 2 1 1 3358 4764 4765
3021 2 2 1 1 3780 4253 5322
3022 2 2 1 1 3880 3451 5691
3023 2 2 1 1 4957 2863 5830
3024 2 2 1 1 936 4885 5073
3025 2 2 1 1 4546 5234 6155
3026 2 2 1 1 5627 4012 6477
3027 2 2 1 1 5073 4885 5378
3028 2 2 1 1 3660 3098 4971
3029 2 2 1 1 3165 4742 4804
3030 2 2 1 1 3417 3007 4955
3031 2 2 1 1 5227 5226 5229
3032 2 2 1 1 6175 5321 6337
3033 2 2 1 1 1287 4539 5614
3034 2 2 1 1 4570 4569 4571
3035 2 2 1 1 3018 3985 5430
3036 2 2 1 1 1323 1403 4868
3037 2 2 1 1 2485 2575 4646
3038 2 2 1 1 4620 1563 6201
3039 2 2 1 1 2781 2778 5818
3040 2 2 1 1 2166 2164 4764
3041 2 2 1 1 3545 3543 4811
3042 2 2 1 1 2632 4541 4557
3043 2 2 1 1 2672 2251 4874
3044 2 2 1 1 1007 1009 5424
3045 2 2 1 1 1991 2611 5076
3046 2 2 1 1 4655 4656 5100
3047 2 2 1 1 4527 3389 5798
3048 2 2 1 1 2969 2972 4622
3049 2 2 1 1 2922 2920 4565
3050 2 2 1 1 4933 5157 5471
3051 2 2 1 1 1953 1858 5663
3052 2 2 1 1 4964 4962 4965
3053 2 2 1 1 3767 2954 5389
3054 2 2 1 1 4577 2492 6451
3055 2 2 1 1 1099 1103 6057
3056 2 2 1 1 3949 5238 5737
3057 2 2 1 1 2998 2491 5506
3058 2 2 1 1 5562 2467 5699
3059 2 2 1 1 3439 5585 5923
3060 2 2 1 1 3699 3881 5614
3061 2 2 1 1 2426 2428 5269
3062 2 2 1 1 2576 2574 6032
3063 2 2 1 1 1126 1122 4916
3064 2 2 1 1 2509 4600 5068
3065 2 2 1 1 3051 3397 4578
3066 2 2 1 1 3390 3029 4945
3067 2 2 1 1 2087 2113 5376
3068 2 2 1 1 3030 2564 5621
3069 2 2 1 1 1545 1547 5187
3070 2 2 1 1 2126 2129 4947
3071 2 2 1 1 3401 2795 5888
3072 2 2 1 1 4363 3074 5057
3073 2 2 1 1 5144 3924 5145
3074 2 2 1 1 3160 4598 4852
3075 2 2 1 1 4489 6112 6182
3076 2 2 1 1 4636 1937 6964
3077 2 2 1 1 2840 3571 5307
3078 2 2 1 1 6284 4010 6293
3079 2 2 1 1 5175 1763 6178
3080 2 2 1 1 2153 2150 4769
3081 2 2 1 1 5049 2873 5443
3082 2 2 1 1 3493 3859 4567
3083 2 2 1 1 4656 2201 5100
3084 2 2 1 1 2179 2177 5814
3085 2 2 1 1 3997 6095 6102
3086 2 2 1 1 3804 6003 6067
3087 2 2 1 1 4535 4536 5537
3088 2 2 1 1 3016 3015 4706
3089 2 2 1 1 5015 3375 5016
3090 2 2 1 1 1281 1505 5105
3091 2 2 1 1 3428 3472 5771
3092 2 2 1 1 1358 1360 5762
3093 2 2 1 1 3451 3453 5691
3094 2 2 1 1 4472 6437 6459
3095 2 2 1 1 4767 2633 4925
3096 2 2 1 1 4988 5571 5574
3097 2 2 1 1 4595 3758 4596
3098 2 2 1 1 5560 4779 5688
3099 2 2 1 1 1409 1448 5364
3100 2 2 1 1 5091 2156 5981
3101 2 2 1 1 3830 3240 4762
3102 2 2 1 1 5345 2138 6145
3103 2 2 1 1 3572 5997 6017
3104 2 2 1 1 5498 5496 6392
3105 2 2 1 1 7236 7235 7237
3106 2 2 1 1 2826 2825 4750
3107 2 2 1 1 3033 3282 4854
3108 2 2 1 1 4624 2972 5723
3109 2 2 1 1 4578 3397 5054
3110 2 2 1 1 4728 1439 4729
3111 2 2 1 1 5914 3651 6177
3112 2 2 1 1 4591 5701 5841
3113 2 2 1 1 3010 2501 4900
3114 2 2 1 1 3577 6214 6278
3115 2 2 1 1 2216 3367 5339
3116 2 2 1 1 2762 2758 4798
3117 2 2 1 1 3667 3665 6071
3118 2 2 1 1 4695 2509 5259
3119 2 2 1 1 4894 891 5850
3120 2 2 1 1 3165 2670 4742
3121 2 2 1 1 4871 3524 5096
3122 2 2 1 1 5438 4857 5568
3123 2 2 1 1 6095 2046 6102
3124 2 2 1 1 2074 2072 5293
3125 2 2 1 1 5701 1413 5841
3126 2 2 1 1 4806 5135 5306
3127 2 2 1 1 4630 2910 4631
3128 2 2 1 1 5105 1505 5435
3129 2 2 1 1 2705 3103 6300
3130 2 2 1 1 4411 1591 4542
3131 2 2 1 1 5916 4708 6152
3132 2 2 1 1 1648 2300 5003
3133 2 2 1 1 2346 2348 5036
3134 2 2 1 1 6000 1728 6172
3135 2 2 1 1 3454 3804 6067
3136 2 2 1 1 943 893 4894
3137 2 2 1 1 2123 2126 4947
3138 2 2 1 1 4317 4315 5769
3139 2 2 1 1 6091 5168 6318
3140 2 2 1 1 2835 1946 4943
3141 2 2 1 1 3586 4531 6157
3142 2 2 1 1 3432 4592 5966
3143 2 2 1 1 4903 2936 4904
3144 2 2 1 1 5676 2172 5836
3145 2 2 1 1 4474 4470 4902
3146 2 2 1 1 1976 1974 4927
3147 2 2 1 1 2392 2481 4876
3148 2 2 1 1 3714 3711 5794
3149 2 2 1 1 4288 4724 4726
3150 2 2 1 1 3991 5203 5482
3151 2 2 1 1 3499 3501 5393
3152 2 2 1 1 3149 3148 4603
3153 2 2 1 1 5527 6120 6161
3154 2 2 1 1 5487 5488 5492
3155 2 2 1 1 2682 4974 5798
3156 2 2 1 1 2974 4087 4967
3157 2 2 1 1 5598 3613 5662
3158 2 2 1 1 2168 1992 5142
3159 2 2 1 1 5574 5573 5575
3160 2 2 1 1 3711 4436 5794
3161 2 2 1 1 2089 2091 4901
3162 2 2 1 1 1550 1548 6215
3163 2 2 1 1 3730 3728 5799
3164 2 2 1 1 2755 2752 5029
3165 2 2 1 1 5061 3870 6400
3166 2 2 1 1 2921 3184 6190
3167 2 2 1 1 2820 2812 5581
3168 2 2 1 1 4458 6168 6306
3169 2 2 1 1 2025 2020 4675
3170 2 2 1 1 3005 4890 5976
3171 2 2 1 1 5435 3882 5890
3172 2 2 1 1 1664 4727 4768
3173 2 2 1 1 5370 1771 5781
3174 2 2 1 1 3028 2771 5136
3175 2 2 1 1 4489 3483 6044
3176 2 2 1 1 5041 5039 5636
3177 2 2 1 1 1521 1872 5534
3178 2 2 1 1 1245 1243 4557
3179 2 2 1 1 3130 3758 4595
3180 2 2 1 1 4980 4949 5854
3181 2 2 1 1 1087 1287 4732
3182 2 2 1 1 5702 3990 6007
3183 2 2 1 1 3056 5007 5296
3184 2 2 1 1 3009 2696 5874
3185 2 2 1 1 2837 5607 5845
3186 2 2 1 1 1664 1666 4727
3187 2 2 1 1 3819 6086 6089
3188 2 2 1 1 4978 2308 6001
3189 2 2 1 1 3259 3258 4697
3190 2 2 1 1 1439 1441 4729
3191 2 2 1 1 3291 3224 5123
3192 2 2 1 1 4746 1694 4747
3193 2 2 1 1 3145 2612 5143
3194 2 2 1 1 2743 3392 5269
3195 2 2 1 1 1949 1873 4891
3196 2 2 1 1 897 2757 5231
3197 2 2 1 1 5434 2201 5464
3198 2 2 1 1 3822 3305 5329
3199 2 2 1 1 3609 2541 4855
3200 2 2 1 1 5231 5446 5816
3201 2 2 1 1 4887 2559 4888
3202 2 2 1 1 838 836 5052
3203 2 2 1 1 2813 2816 5131
3204 2 2 1 1 1009 2206 5424
3205 2 2 1 1 4806 5134 5135
3206 2 2 1 1 6220 5883 6383
3207 2 2 1 1 2009 2053 5640
3208 2 2 1 1 3926 5253 5993
3209 2 2 1 1 4482 4483 4484
3210 2 2 1 1 4638 3355 5528
3211 2 2 1 1 1055 2238 5170
3212 2 2 1 1 2443 6165 6296
3213 2 2 1 1 3394 4638 5528
3214 2 2 1 1 2340 2341 4601
3215 2 2 1 1 1885 3877 5721
3216 2 2 1 1 4504 3343 5400
3217 2 2 1 1 3098 2563 4971
3218 2 2 1 1 2831 5290 5326
3219 2 2 1 1 3865 1925 5669
3220 2 2 1 1 3937 3461 5758
3221 2 2 1 1 1879 2051 4966
3222 2 2 1 1 5228 5227 5229
3223 2 2 1 1 2192 2559 4887
3224 2 2 1 1 4394 3244 5603
3225 2 2 1 1 4688 3559 4690
3226 2 2 1 1 2373 2937 4698
3227 2 2 1 1 3878 3520 4936
3228 2 2 1 1 4371 4526 5235
3229 2 2 1 1 2224 5852 5916
3230 2 2 1 1 3029 2741 4945
3231 2 2 1 1 2791 4810 5531
3232 2 2 1 1 3326 3334 5069
3233 2 2 1 1 1690 1689 5168
3234 2 2 1 1 5056 3517 5529
3235 2 2 1 1 5214 5215 5324
3236 2 2 1 1 2224 2223 5852
3237 2 2 1 1 5052 3880 5690
3238 2 2 1 1 1437 1439 4728
3239 2 2 1 1 4966 2051 5125
3240 2 2 1 1 6076 6442 6496
3241 2 2 1 1 1412 2751 5067
3242 2 2 1 1 6154 1083 6183
3243 2 2 1 1 2095 5538 6035
3244 2 2 1 1 4779 4777 5688
3245 2 2 1 1 3345 3347 4494
3246 2 2 1 1 3314 3329 5128
3247 2 2 1 1 3322 3326 5069
3248 2 2 1 1 1082 1085 4702
3249 2 2 1 1 4810 5102 5531
3250 2 2 1 1 4325 4323 5682
3251 2 2 1 1 4603 3148 4663
3252 2 2 1 1 5636 5039 6060
3253 2 2 1 1 1688 2836 5504
3254 2 2 1 1 1566 1568 5692
3255 2 2 1 1 4988 3438 5571
3256 2 2 1 1 2788 4983 5311
3257 2 2 1 1 5027 3891 5660
3258 2 2 1 1 2249 5056 5529
3259 2 2 1 1 3524 4871 4872
3260 2 2 1 1 4587 3110 4588
3261 2 2 1 1 873 871 5072
3262 2 2 1 1 894 897 5231
3263 2 2 1 1 3040 5436 5890
3264 2 2 1 1 3437 5011 5012
3265 2 2 1 1 5519 5194 5520
3266 2 2 1 1 1981 2591 5703
3267 2 2 1 1 4418 5490 5493
3268 2 2 1 1 2716 2721 6050
3269 2 2 1 1 2558 6506 6510
3270 2 2 1 1 2409 1835 5503
3271 2 2 1 1 1568 1594 5692
3272 2 2 1 1 2047 1897 5672
3273 2 2 1 1 2165 2834 5947
3274 2 2 1 1 6446 3267 6454
3275 2 2 1 1 2635 4927 4934
3276 2 2 1 1 5025 3391 6537
3277 2 2 1 1 1692 1694 4746
3278 2 2 1 1 3450 3448 4997
3279 2 2 1 1 2495 3000 5618
3280 2 2 1 1 1819 1817 5871
3281 2 2 1 1 2605 2604 4921
3282 2 2 1 1 3036 2596 5590
3283 2 2 1 1 5792 930 6155
3284 2 2 1 1 1680 2404 5150
3285 2 2 1 1 5009 2560 5296
3286 2 2 1 1 4654 3368 4655
3287 2 2 1 1 2178 2175 5295
3288 2 2 1 1 3276 3010 4582
3289 2 2 1 1 1270 1293 4741
3290 2 2 1 1 3733 5412 5583
3291 2 2 1 1 4332 4768 6486
3292 2 2 1 1 2838 4730 4858
3293 2 2 1 1 5715 1613 5753
3294 2 2 1 1 1091 2406 5177
3295 2 2 1 1 4921 3787 4923
3296 2 2 1 1 4594 4983 5664
3297 2 2 1 1 6093 1185 6359
3298 2 2 1 1 836 2633 5052
3299 2 2 1 1 2611 3454 5076
3300 2 2 1 1 1200 1189 5698
3301 2 2 1 1 2139 5183 5900
3302 2 2 1 1 4824 4822 5811
3303 2 2 1 1 3881 3686 5875
3304 2 2 1 1 4926 4845 5294
3305 2 2 1 1 4673 2330 5095
3306 2 2 1 1 3074 2552 5057
3307 2 2 1 1 905 906 5138
3308 2 2 1 1 6271 3980 6300
3309 2 2 1 1 5067 5027 5660
3310 2 2 1 1 5212 5214 5324
3311 2 2 1 1 5222 5224 5666
3312 2 2 1 1 3389 4731 5798
3313 2 2 1 1 2626 1014 5868
3314 2 2 1 1 1604 1571 6105
3315 2 2 1 1 1941 1987 5047
3316 2 2 1 1 1370 1340 4941
3317 2 2 1 1 2501 2500 4900
3318 2 2 1 1 4659 4660 4661
3319 2 2 1 1 2164 3035 4764
3320 2 2 1 1 3353 3640 6216
3321 2 2 1 1 5253 3927 5684
3322 2 2 1 1 2936 2884 6034
3323 2 2 1 1 3709 3701 4539
3324 2 2 1 1 1865 1867 5255
3325 2 2 1 1 1956 1423 5366
3326 2 2 1 1 5864 5270 5962
3327 2 2 1 1 5011 3437 5342
3328 2 2 1 1 3830 4763 6299
3329 2 2 1 1 1910 2159 5896
3330 2 2 1 1 1315 2784 5479
3331 2 2 1 1 4594 3942 4983
3332 2 2 1 1 2467 5563 5693
3333 2 2 1 1 5290 3434 5326
3334 2 2 1 1 5771 3999 5837
3335 2 2 1 1 2634 3030 5053
3336 2 2 1 1 1097 4796 5371
3337 2 2 1 1 3977 3978 6288
3338 2 2 1 1 3321 3323 4504
3339 2 2 1 1 3869 5834 5938
3340 2 2 1 1 3832 4282 6552
3341 2 2 1 1 971 4846 5433
3342 2 2 1 1 2592 1967 5626
3343 2 2 1 1 3557 3559 4688
3344 2 2 1 1 3269 3272 4881
3345 2 2 1 1 889 946 5850
3346 2 2 1 1 2490 2724 4974
3347 2 2 1 1 3020 3860 4801
3348 2 2 1 1 3500 3509 4739
3349 2 2 1 1 4752 1629 5558
3350 2 2 1 1 5456 3429 5707
3351 2 2 1 1 2325 2323 5496
3352 2 2 1 1 3609 4855 4856
3353 2 2 1 1 3007 2861 4955
3354 2 2 1 1 4898 3036 5590
3355 2 2 1 1 1321 1319 5001
3356 2 2 1 1 3877 4742 5721
3357 2 2 1 1 1181 1184 5757
3358 2 2 1 1 1706 1918 4749
3359 2 2 1 1 3386 3953 5553
3360 2 2 1 1 5055 5273 5987
3361 2 2 1 1 2209 1126 4916
3362 2 2 1 1 5853 3052 6045
3363 2 2 1 1 2134 2137 5048
3364 2 2 1 1 5691 3453 5787
3365 2 2 1 1 1161 2788 5311
3366 2 2 1 1 1532 1531 5100
3367 2 2 1 1 2193 2191 5278
3368 2 2 1 1 1497 2544 5606
3369 2 2 1 1 1056 2239 5020
3370 2 2 1 1 4731 2682 5798
3371 2 2 1 1 2911 2974 4967
3372 2 2 1 1 4600 4464 5068
3373 2 2 1 1 4434 6352 6353
3374 2 2 1 1 1537 2201 5434
3375 2 2 1 1 3522 4803 5755
3376 2 2 1 1 3952 5835 5863
3377 2 2 1 1 893 891 4894
3378 2 2 1 1 1755 5973 6052
3379 2 2 1 1 3866 5805 6320
3380 2 2 1 1 946 4851 5850
3381 2 2 1 1 2172 2174 5836
3382 2 2 1 1 5231 2757 5446
3383 2 2 1 1 1436 2216 5339
3384 2 2 1 1 1937 1938 6964
3385 2 2 1 1 3038 3368 4654
3386 2 2 1 1 936 884 5158
3387 2 2 1 1 2498 2118 5625
3388 2 2 1 1 1137 1136 5676
3389 2 2 1 1 5722 3512 5735
3390 2 2 1 1 1999 1996 4664
3391 2 2 1 1 960 958 5433
3392 2 2 1 1 2378 2376 5189
3393 2 2 1 1 1943 2032 5670
3394 2 2 1 1 5210 5212 5324
3395 2 2 1 1 4100 3171 4101
3396 2 2 1 1 2118 2389 5625
3397 2 2 1 1 1739 6402 6420
3398 2 2 1 1 1188 1002 6166
3399 2 2 1 1 2986 5046 5523
3400 2 2 1 1 4724 4725 4726
3401 2 2 1 1 3202 2672 4874
3402 2 2 1 1 3032 2636 5615
3403 2 2 1 1 3222 3223 5646
3404 2 2 1 1 4598 3784 4599
3405 2 2 1 1 3624 3613 5598
3406 2 2 1 1 3834 3730 5799
3407 2 2 1 1 2760 2763 5644
3408 2 2 1 1 4754 4654 5139
3409 2 2 1 1 1057 1055 5170
3410 2 2 1 1 3562 3541 5773
3411 2 2 1 1 1850 4917 4936
3412 2 2 1 1 5934 3962 5954
3413 2 2 1 1 3075 3942 4594
3414 2 2 1 1 2731 2525 6044
3415 2 2 1 1 4742 3877 4804
3416 2 2 1 1 5605 4585 5786
3417 2 2 1 1 4391 3291 4481
3418 2 2 1 1 6046 4020 6153
3419 2 2 1 1 3985 4411 5430
3420 2 2 1 1 1830 1832 5313
3421 2 2 1 1 3343 5288 5400
3422 2 2 1 1 4803 1986 5755
3423 2 2 1 1 5891 2537 5908
3424 2 2 1 1 4469 3203 4470
3425 2 2 1 1 2973 5193 5519
3426 2 2 1 1 1504 1473 5512
3427 2 2 1 1 1777 1720 5121
3428 2 2 1 1 5339 3367 5340
3429 2 2 1 1 5075 3940 5577
3430 2 2 1 1 2538 4593 5121
3431 2 2 1 1 4678 4609 6080
3432 2 2 1 1 2085 2087 5376
3433 2 2 1 1 4416 4418 5493
3434 2 2 1 1 5713 3062 6011
3435 2 2 1 1 5848 3960 5895
3436 2 2 1 1 3417 4955 4964
3437 2 2 1 1 5275 5064 5276
3438 2 2 1 1 5375 3937 5758
3439 2 2 1 1 5285 3452 5630
3440 2 2 1 1 3897 3899 5351
3441 2 2 1 1 3411 3938 5643
3442 2 2 1 1 2137 2546 5048
3443 2 2 1 1 3339 3335 5297
3444 2 2 1 1 5026 2755 5028
3445 2 2 1 1 3144 4116 4580
3446 2 2 1 1 926 4935 5471
3447 2 2 1 1 2545 1968 5126
3448 2 2 1 1 3377 3375 5015
3449 2 2 1 1 1123 3391 5589
3450 2 2 1 1 1293 1451 4741
3451 2 2 1 1 4885 936 5158
3452 2 2 1 1 5678 3571 5751
3453 2 2 1 1 5152 3393 6242
3454 2 2 1 1 1509 5063 5277
3455 2 2 1 1 2545 5126 5127
3456 2 2 1 1 1447 1410 5067
3457 2 2 1 1 879 873 5072
3458 2 2 1 1 2328 2331 5497
3459 2 2 1 1 2802 5338 5468
3460 2 2 1 1 4801 3860 4802
3461 2 2 1 1 2560 5009 5011
3462 2 2 1 1 2734 4531 6048
3463 2 2 1 1 3588 2957 5021
3464 2 2 1 1 4867 5543 5662
3465 2 2 1 1 1770 2793 5578
3466 2 2 1 1 2169 5054 5987
3467 2 2 1 1 2811 2810 5131
3468 2 2 1 1 2914 2888 4848
3469 2 2 1 1 1682 1680 5150
3470 2 2 1 1 4547 2573 5058
3471 2 2 1 1 3141 3784 4598
3472 2 2 1 1 1311 1308 4858
3473 2 2 1 1 3439 5073 5378
3474 2 2 1 1 3606 3160 4852
3475 2 2 1 1 6002 4496 6041
3476 2 2 1 1 5877 3970 6141
3477 2 2 1 1 1814 2621 5087
3478 2 2 1 1 4531 4722 6048
3479 2 2 1 1 5585 3077 5923
3480 2 2 1 1 4695 5259 6122
3481 2 2 1 1 6070 3641 6191
3482 2 2 1 1 1650 1648 5003
3483 2 2 1 1 1089 1091 5177
3484 2 2 1 1 3684 3673 5963
3485 2 2 1 1 2763 2770 5644
3486 2 2 1 1 4649 4798 5432
3487 2 2 1 1 1714 3593 5951
3488 2 2 1 1 1299 1300 4668
3489 2 2 1 1 5038 5037 5040
3490 2 2 1 1 3660 4971 4972
3491 2 2 1 1 4549 4548 4550
3492 2 2 1 1 3213 3149 4603
3493 2 2 1 1 2380 2378 4758
3494 2 2 1 1 4873 3382 5702
3495 2 2 1 1 5622 5094 5680
3496 2 2 1 1 4314 4315 4316
3497 2 2 1 1 1396 2423 5204
3498 2 2 1 1 4335 4337 4338
3499 2 2 1 1 1715 1757 4815
3500 2 2 1 1 3932 3596 5885
3501 2 2 1 1 4330 4527 5798
3502 2 2 1 1 3395 4733 5180
3503 2 2 1 1 3517 5056 6097
3504 2 2 1 1 851 802 5220
3505 2 2 1 1 2605 4921 4922
3506 2 2 1 1 4655 3368 4656
3507 2 2 1 1 976 2156 5091
3508 2 2 1 1 1535 1532 5100
3509 2 2 1 1 5459 5972 6075
3510 2 2 1 1 2869 3623 6121
3511 2 2 1 1 1479 5077 5160
3512 2 2 1 1 2642 1240 5475
3513 2 2 1 1 4983 2788 5664
3514 2 2 1 1 1595 4774 4775
3515 2 2 1 1 1707 1709 4705
3516 2 2 1 1 3369 2640 5106
3517 2 2 1 1 1986 4803 5685
3518 2 2 1 1 5045 2536 5971
3519 2 2 1 1 2360 5704 5742
3520 2 2 1 1 3458 5266 5404
3521 2 2 1 1 1954 2163 4939
3522 2 2 1 1 1112 1114 5323
3523 2 2 1 1 4496 4677 6041
3524 2 2 1 1 5007 5009 5296
3525 2 2 1 1 4895 905 5138
3526 2 2 1 1 1428 1436 5339
3527 2 2 1 1 5412 2296 5583
3528 2 2 1 1 884 886 5158
3529 2 2 1 1 4702 3881 5875
3530 2 2 1 1 5618 3000 5619
3531 2 2 1 1 3429 5332 5707
3532 2 2 1 1 1460 1462 5402
3533 2 2 1 1 4605 2506 4606
3534 2 2 1 1 2742 3884 4945
3535 2 2 1 1 5391 3412 5500
3536 2 2 1 1 2789 5109 5141
3537 2 2 1 1 2119 4641 6219
3538 2 2 1 1 2702 2704 5597
3539 2 2 1 1 4915 1133 5356
3540 2 2 1 1 1517 5209 5912
3541 2 2 1 1 3364 2550 4968
3542 2 2 1 1 2908 4562 6149
3543 2 2 1 1 4943 5824 5878
3544 2 2 1 1 4477 4478 4479
3545 2 2 1 1 1239 3049 5348
3546 2 2 1 1 1665 1663 5504
3547 2 2 1 1 2423 2659 5204
3548 2 2 1 1 5834 3022 5938
3549 2 2 1 1 2160 1025 5325
3550 2 2 1 1 2948 2532 5932
3551 2 2 1 1 2851 3967 5719
3552 2 2 1 1 5004 3056 5174
3553 2 2 1 1 4096 3166 4799
3554 2 2 1 1 1003 1005 5638
3555 2 2 1 1 4874 5608 6024
3556 2 2 1 1 5446 5361 5816
3557 2 2 1 1 1913 6346 6363
3558 2 2 1 1 2464 2893 5700
3559 2 2 1 1 4005 4004 6334
3560 2 2 1 1 5207 5624 5783
3561 2 2 1 1 1405 1407 5886
3562 2 2 1 1 3187 3189 5248
3563 2 2 1 1 5046 4130 5523
3564 2 2 1 1 1558 1560 5179
3565 2 2 1 1 6029 4963 6242
3566 2 2 1 1 3396 3050 5467
3567 2 2 1 1 1601 2248 5516
3568 2 2 1 1 2175 2173 5295
3569 2 2 1 1 5000 5410 5425
3570 2 2 1 1 3012 3025 5959
3571 2 2 1 1 5264 5258 5403
3572 2 2 1 1 4798 932 5432
3573 2 2 1 1 4641 2498 6433
3574 2 2 1 1 3311 2011 5385
3575 2 2 1 1 3489 4679 4680
3576 2 2 1 1 1448 2225 5364
3577 2 2 1 1 3899 3902 5351
3578 2 2 1 1 1025 1023 5325
3579 2 2 1 1 1724 2837 5845
3580 2 2 1 1 1908 2478 5449
3581 2 2 1 1 4950 2773 5986
3582 2 2 1 1 3204 4080 5889
3583 2 2 1 1 3056 5004 5007
3584 2 2 1 1 4012 5627 6488
3585 2 2 1 1 1427 5628 5629
3586 2 2 1 1 1751 1624 6203
3587 2 2 1 1 1883 1777 5121
3588 2 2 1 1 3064 943 4894
3589 2 2 1 1 3887 5130 5762
3590 2 2 1 1 1083 1062 5544
3591 2 2 1 1 5704 3515 5742
3592 2 2 1 1 802 804 5220
3593 2 2 1 1 1870 1515 5825
3594 2 2 1 1 4335 4338 4437
3595 2 2 1 1 4890 4891 5825
3596 2 2 1 1 3280 3017 5430
3597 2 2 1 1 5127 6018 6026
3598 2 2 1 1 3765 5618 5619
3599 2 2 1 1 4404 3868 6040
3600 2 2 1 1 3042 5785 6015
3601 2 2 1 1 4781 4782 4783
3602 2 2 1 1 1899 1986 5685
3603 2 2 1 1 3928 5049 5443
3604 2 2 1 1 4826 4846 4847
3605 2 2 1 1 2467 1934 5699
3606 2 2 1 1 2446 5763 5985
3607 2 2 1 1 1327 1325 4564
3608 2 2 1 1 1080 1108 4913
3609 2 2 1 1 2540 1460 5402
3610 2 2 1 1 3525 5562 5699
3611 2 2 1 1 4563 4560 4630
3612 2 2 1 1 5039 2666 6060
3613 2 2 1 1 2837 3990 6028
3614 2 2 1 1 5032 5607 6096
3615 2 2 1 1 1702 4864 5903
3616 2 2 1 1 1832 2623 5313
3617 2 2 1 1 4554 3043 4555
3618 2 2 1 1 4955 4956 4964
3619 2 2 1 1 4382 3353 4400
3620 2 2 1 1 2424 2440 4759
3621 2 2 1 1 4499 3150 4500
3622 2 2 1 1 1240 1242 5475
3623 2 2 1 1 5102 1266 5531
3624 2 2 1 1 3128 2654 5305
3625 2 2 1 1 5088 899 5713
3626 2 2 1 1 5151 5150 6347
3627 2 2 1 1 1340 1342 4941
3628 2 2 1 1 1451 1383 5604
3629 2 2 1 1 4889 3468 4975
3630 2 2 1 1 1716 1545 5187
3631 2 2 1 1 1006 1004 5362
3632 2 2 1 1 3853 4384 4762
3633 2 2 1 1 3438 924 5572
3634 2 2 1 1 6548 4136 6549
3635 2 2 1 1 1058 1060 5569
3636 2 2 1 1 788 789 790
3637 2 2 1 1 3375 2057 5016
3638 2 2 1 1 1356 1358 5130
3639 2 2 1 1 1984 2426 5948
3640 2 2 1 1 2191 5051 5278
3641 2 2 1 1 3330 3343 4504
3642 2 2 1 1 3187 3188 3189
3643 2 2 1 1 4732 1287 5614
3644 2 2 1 1 2570 2380 4758
3645 2 2 1 1 2604 3058 4921
3646 2 2 1 1 2925 5115 6124
3647 2 2 1 1 1506 5339 5340
3648 2 2 1 1 3413 2387 5172
3649 2 2 1 1 3524 1285 5096
3650 2 2 1 1 2770 4980 5803
3651 2 2 1 1 5229 5226 5230
3652 2 2 1 1 3950 5312 5715
3653 2 2 1 1 4650 3767 4651
3654 2 2 1 1 3171 2907 4421
3655 2 2 1 1 1710 4705 5824
3656 2 2 1 1 2078 2074 5293
3657 2 2 1 1 1189 1186 5698
3658 2 2 1 1 3026 2166 4764
3659 2 2 1 1 5553 3953 5554
3660 2 2 1 1 4702 1085 4732
3661 2 2 1 1 4859 3662 4860
3662 2 2 1 1 3004 5492 5733
3663 2 2 1 1 3262 4333 4334
3664 2 2 1 1 3513 4978 5617
3665 2 2 1 1 4845 4836 5294
3666 2 2 1 1 1767 1770 5578
3667 2 2 1 1 4270 3697 4271
3668 2 2 1 1 5063 5064 5277
3669 2 2 1 1 870 868 871
3670 2 2 1 1 3456 5428 5460
3671 2 2 1 1 1775 1863 5717
3672 2 2 1 1 5140 1168 5509
3673 2 2 1 1 3351 4382 5919
3674 2 2 1 1 6039 5197 6283
3675 2 2 1 1 3034 2634 5053
3676 2 2 1 1 3050 3369 5467
3677 2 2 1 1 3822 5329 5330
3678 2 2 1 1 5641 5789 6031
3679 2 2 1 1 2342 5498 6406
3680 2 2 1 1 3918 3909 5858
3681 2 2 1 1 2474 2926 5155
3682 2 2 1 1 789 787 857
3683 2 2 1 1 5668 991 5904
3684 2 2 1 1 1207 1201 4899
3685 2 2 1 1 2477 2727 5236
3686 2 2 1 1 1895 1843 5683
3687 2 2 1 1 1519 1520 5384
3688 2 2 1 1 3049 4871 5348
3689 2 2 1 1 2195 3042 5754
3690 2 2 1 1 3859 3499 5393
3691 2 2 1 1 4804 3877 6169
3692 2 2 1 1 4426 4430 4431
3693 2 2 1 1 5303 4778 5908
3694 2 2 1 1 3997 3471 5833
3695 2 2 1 1 5054 5055 5987
3696 2 2 1 1 1968 1790 5126
3697 2 2 1 1 827 824 5501
3698 2 2 1 1 1216 1227 6386
3699 2 2 1 1 5001 3944 5002
3700 2 2 1 1 3190 3740 4817
3701 2 2 1 1 1476 1479 5160
3702 2 2 1 1 3467 4464 4600
3703 2 2 1 1 3025 4461 5959
3704 2 2 1 1 5065 2546 5828
3705 2 2 1 1 1295 5105 5707
3706 2 2 1 1 3820 3171 4100
3707 2 2 1 1 1050 1159 5635
3708 2 2 1 1 3449 3452 5285
3709 2 2 1 1 3518 3450 4997
3710 2 2 1 1 2079 2081 5438
3711 2 2 1 1 1473 1471 5512
3712 2 2 1 1 3231 6163 6179
3713 2 2 1 1 4748 4749 6132
3714 2 2 1 1 4593 4753 5121
3715 2 2 1 1 4530 6136 6256
3716 2 2 1 1 4034 4588 6526
3717 2 2 1 1 1380 1730 4942
3718 2 2 1 1 2767 2773 4948
3719 2 2 1 1 3275 3390 6038
3720 2 2 1 1 1182 4590 6530
3721 2 2 1 1 1560 1595 5179
3722 2 2 1 1 2704 3252 5597
3723 2 2 1 1 3761 3765 5165
3724 2 2 1 1 922 3438 5074
3725 2 2 1 1 3437 5012 5014
3726 2 2 1 1 1084 2297 4989
3727 2 2 1 1 5207 2273 5624
3728 2 2 1 1 2829 5521 6222
3729 2 2 1 1 3458 5404 5579
3730 2 2 1 1 3934 5004 5174
3731 2 2 1 1 5098 5594 5992
3732 2 2 1 1 4912 5181 5286
3733 2 2 1 1 1313 1311 5320
3734 2 2 1 1 6168 4534 6306
3735 2 2 1 1 3078 5540 5677
3736 2 2 1 1 4631 2910 4632
3737 2 2 1 1 3379 2463 5129
3738 2 2 1 1 3238 3835 5603
3739 2 2 1 1 2231 2502 4643
3740 2 2 1 1 2513 2514 5741
3741 2 2 1 1 3458 1849 5536
3742 2 2 1 1 3069 5249 5992
3743 2 2 1 1 2613 2673 4981
3744 2 2 1 1 2189 2682 5198
3745 2 2 1 1 5428 2232 5460
3746 2 2 1 1 4934 4447 5015
3747 2 2 1 1 3361 2775 6014
3748 2 2 1 1 3568 3565 6187
3749 2 2 1 1 4475 4476 4477
3750 2 2 1 1 5746 3954 5768
3751 2 2 1 1 2415 3118 5808
3752 2 2 1 1 2396 6160 6162
3753 2 2 1 1 2130 2431 4918
3754 2 2 1 1 5155 4132 5156
3755 2 2 1 1 1193 1191 5098
3756 2 2 1 1 4481 3291 5123
3757 2 2 1 1 2032 3233 5670
3758 2 2 1 1 2790 6214 6467
3759 2 2 1 1 3924 5144 5419
3760 2 2 1 1 3607 3932 3933
3761 2 2 1 1 4436 3709 4539
3762 2 2 1 1 4269 3697 4270
3763 2 2 1 1 3577 4022 4024
3764 2 2 1 1 3990 1726 6007
3765 2 2 1 1 5564 3440 6202
3766 2 2 1 1 5885 2102 5958
3767 2 2 1 1 3342 4064 5287
3768 2 2 1 1 2072 3421 5293
3769 2 2 1 1 1035 1153 5272
3770 2 2 1 1 4638 2512 5164
3771 2 2 1 1 1085 1087 4732
3772 2 2 1 1 3588 5021 5022
3773 2 2 1 1 5034 1957 5612
3774 2 2 1 1 901 899 5088
3775 2 2 1 1 1458 2540 5112
3776 2 2 1 1 5283 2227 5429
3777 2 2 1 1 2504 3019 5346
3778 2 2 1 1 5141 5140 5509
3779 2 2 1 1 4632 2910 5793
3780 2 2 1 1 2445 1985 5123
3781 2 2 1 1 4752 3361 6014
3782 2 2 1 1 5238 1501 5737
3783 2 2 1 1 828 2167 5148
3784 2 2 1 1 1438 1429 5629
3785 2 2 1 1 3288 2149 6048
3786 2 2 1 1 4722 3288 6048
3787 2 2 1 1 4621 2039 4671
3788 2 2 1 1 1852 2842 5731
3789 2 2 1 1 1122 1121 4916
3790 2 2 1 1 5002 3484 5859
3791 2 2 1 1 5551 5881 6081
3792 2 2 1 1 3294 3246 3837
3793 2 2 1 1 1296 1295 5332
3794 2 2 1 1 2633 4884 5052
3795 2 2 1 1 2674 2477 5236
3796 2 2 1 1 2565 2649 5035
3797 2 2 1 1 2256 2255 5542
3798 2 2 1 1 2766 2774 6078
3799 2 2 1 1 4767 4765 5630
3800 2 2 1 1 2751 5027 5067
3801 2 2 1 1 3067 3848 5595
3802 2 2 1 1 3261 3407 4340
3803 2 2 1 1 4819 2241 6217
3804 2 2 1 1 830 828 5148
3805 2 2 1 1 3078 5307 5678
3806 2 2 1 1 3489 4680 4682
3807 2 2 1 1 3315 3344 4700
3808 2 2 1 1 3595 3597 3651
3809 2 2 1 1 2983 3521 5093
3810 2 2 1 1 1177 1173 5591
3811 2 2 1 1 1835 1833 5503
3812 2 2 1 1 3494 3497 5675
3813 2 2 1 1 1685 1691 5882
3814 2 2 1 1 1799 1912 4808
3815 2 2 1 1 4289 3235 6137
3816 2 2 1 1 4013 3643 4014
3817 2 2 1 1 1863 1871 5717
3818 2 2 1 1 3189 3192 5248
3819 2 2 1 1 5477 3362 6489
3820 2 2 1 1 2599 2898 4533
3821 2 2 1 1 832 845 4925
3822 2 2 1 1 2199 1006 5362
3823 2 2 1 1 1505 6129 6206
3824 2 2 1 1 1627 1632 6064
3825 2 2 1 1 5084 5936 6115
3826 2 2 1 1 4948 2773 4949
3827 2 2 1 1 2986 2931 4877
3828 2 2 1 1 5187 1547 5514
3829 2 2 1 1 3735 2923 4459
3830 2 2 1 1 3960 5832 5895
3831 2 2 1 1 2387 3093 5172
3832 2 2 1 1 5592 4409 6308
3833 2 2 1 1 3045 4999 5159
3834 2 2 1 1 1037 1035 5272
3835 2 2 1 1 1689 6210 6266
3836 2 2 1 1 4684 4683 4685
3837 2 2 1 1 1867 2062 5255
3838 2 2 1 1 5506 3574 5507
3839 2 2 1 1 3336 3817 3819
3840 2 2 1 1 3232 4276 6229
3841 2 2 1 1 3133 3926 5703
3842 2 2 1 1 4018 5188 5514
3843 2 2 1 1 3630 5521 6151
3844 2 2 1 1 1744 1785 5731
3845 2 2 1 1 5445 5934 5954
3846 2 2 1 1 2012 2015 5385
3847 2 2 1 1 2541 1882 4855
3848 2 2 1 1 2956 3767 4650
3849 2 2 1 1 3144 3788 4116
3850 2 2 1 1 1504 5512 5513
3851 2 2 1 1 1812 1814 5087
3852 2 2 1 1 1506 5340 5898
3853 2 2 1 1 4528 1700 4529
3854 2 2 1 1 3019 3921 5346
3855 2 2 1 1 3886 4657 6274
3856 2 2 1 1 3923 2132 5048
3857 2 2 1 1 3446 4867 5662
3858 2 2 1 1 1798 1781 5458
3859 2 2 1 1 1580 2055 4897
3860 2 2 1 1 4184 3216 4440
3861 2 2 1 1 3185 2781 5818
3862 2 2 1 1 4546 3862 5136
3863 2 2 1 1 3425 2592 5626
3864 2 2 1 1 3512 5722 5806
3865 2 2 1 1 2801 2804 5286
3866 2 2 1 1 3461 3459 5758
3867 2 2 1 1 1369 5130 6058
3868 2 2 1 1 985 2829 5437
3869 2 2 1 1 2986 4878 5046
3870 2 2 1 1 4304 4302 6237
3871 2 2 1 1 2994 2871 6515
3872 2 2 1 1 4395 3085 5396
3873 2 2 1 1 5049 3928 5455
3874 2 2 1 1 2031 2442 5453
3875 2 2 1 1 2249 1196 5031
3876 2 2 1 1 1935 2049 5090
3877 2 2 1 1 4969 3374 5545
3878 2 2 1 1 5249 5922 6013
3879 2 2 1 1 2156 978 5261
3880 2 2 1 1 3042 5278 5785
3881 2 2 1 1 5266 3458 5536
3882 2 2 1 1 1407 1409 5364
3883 2 2 1 1 3548 3662 4859
3884 2 2 1 1 3090 2305 5482
3885 2 2 1 1 6278 3677 6424
3886 2 2 1 1 1771 1769 5781
3887 2 2 1 1 2635 5015 5016
3888 2 2 1 1 5312 3950 5405
3889 2 2 1 1 3448 1953 5663
3890 2 2 1 1 1259 1272 5192
3891 2 2 1 1 4863 1132 5564
3892 2 2 1 1 5234 4546 6078
3893 2 2 1 1 3802 2978 4060
3894 2 2 1 1 1595 4775 5179
3895 2 2 1 1 3206 3994 5602
3896 2 2 1 1 4758 2378 5189
3897 2 2 1 1 1361 1363 5658
3898 2 2 1 1 4820 3381 4821
3899 2 2 1 1 4279 4277 4355
3900 2 2 1 1 3240 3853 4762
3901 2 2 1 1 2804 2806 4912
3902 2 2 1 1 1869 2495 5618
3903 2 2 1 1 5478 5094 5622
3904 2 2 1 1 3501 3506 5393
3905 2 2 1 1 3845 3406 6333
3906 2 2 1 1 3008 3416 4723
3907 2 2 1 1 2168 5142 5143
3908 2 2 1 1 3626 3627 3628
3909 2 2 1 1 3046 3045 5159
3910 2 2 1 1 3511 1271 5517
3911 2 2 1 1 2514 2656 5741
3912 2 2 1 1 4425 4424 4426
3913 2 2 1 1 2420 1212 5414
3914 2 2 1 1 4761 2543 5178
3915 2 2 1 1 2920 3736 4565
3916 2 2 1 1 5059 1339 5897
3917 2 2 1 1 5284 5283 5429
3918 2 2 1 1 4685 4683 4686
3919 2 2 1 1 1309 1374 4696
3920 2 2 1 1 2057 1980 5016
3921 2 2 1 1 4874 2251 5608
3922 2 2 1 1 4549 4550 4551
3923 2 2 1 1 796 2210 5206
3924 2 2 1 1 2254 5822 6062
3925 2 2 1 1 1871 1865 5255
3926 2 2 1 1 5290 2831 5327
3927 2 2 1 1 3255 3257 5902
3928 2 2 1 1 2010 2007 5708
3929 2 2 1 1 2986 4877 4878
3930 2 2 1 1 5249 4968 5992
3931 2 2 1 1 1727 1723 5440
3932 2 2 1 1 2990 3231 3232
3933 2 2 1 1 4715 6345 6362
3934 2 2 1 1 5129 2430 5274
3935 2 2 1 1 2235 3077 5585
3936 2 2 1 1 5144 1610 5419
3937 2 2 1 1 4936 3520 4996
3938 2 2 1 1 2777 2780 6119
3939 2 2 1 1 3383 2932 5378
3940 2 2 1 1 3926 3927 5253
3941 2 2 1 1 2560 5011 5342
3942 2 2 1 1 4883 5983 6229
3943 2 2 1 1 3766 3182 5014
3944 2 2 1 1 1319 1316 5479
3945 2 2 1 1 5073 3439 5923
3946 2 2 1 1 4113 4063 4114
3947 2 2 1 1 1173 2245 5591
3948 2 2 1 1 2163 2165 5947
3949 2 2 1 1 851 5220 5221
3950 2 2 1 1 4038 2914 4848
3951 2 2 1 1 4994 4957 4995
3952 2 2 1 1 4705 1709 4815
3953 2 2 1 1 3662 3550 5256
3954 2 2 1 1 814 856 5243
3955 2 2 1 1 4757 5810 6360
3956 2 2 1 1 900 5237 5432
3957 2 2 1 1 3608 4695 6122
3958 2 2 1 1 4501 4500 4502
3959 2 2 1 1 4822 5274 5811
3960 2 2 1 1 2148 3992 4769
3961 2 2 1 1 2798 5075 5577
3962 2 2 1 1 4060 2978 4061
3963 2 2 1 1 5173 3055 5580
3964 2 2 1 1 2992 2487 2993
3965 2 2 1 1 5264 5403 5404
3966 2 2 1 1 5134 1398 5135
3967 2 2 1 1 3520 3518 4996
3968 2 2 1 1 6986 6988 6989
3969 2 2 1 1 1850 4936 5586
3970 2 2 1 1 2120 2093 6035
3971 2 2 1 1 2865 2869 6121
3972 2 2 1 1 4506 5668 5904
3973 2 2 1 1 2784 3944 5479
3974 2 2 1 1 3191 4817 5279
3975 2 2 1 1 4517 4514 4518
3976 2 2 1 1 2463 966 5129
3977 2 2 1 1 3455 5284 5428
3978 2 2 1 1 1527 1491 5304
3979 2 2 1 1 2812 2807 5581
3980 2 2 1 1 4651 3767 4653
3981 2 2 1 1 2512 2892 5164
3982 2 2 1 1 3910 3912 5487
3983 2 2 1 1 4718 4716 4721
3984 2 2 1 1 4969 5169 5337
3985 2 2 1 1 2593 2474 5155
3986 2 2 1 1 2337 2436 5486
3987 2 2 1 1 2925 5114 5115
3988 2 2 1 1 3983 2854 5950
3989 2 2 1 1 1424 1426 5965
3990 2 2 1 1 3347 3348 3349
3991 2 2 1 1 5282 3945 5343
3992 2 2 1 1 2949 3195 3770
3993 2 2 1 1 4061 2978 4645
3994 2 2 1 1 4851 3309 4893
3995 2 2 1 1 1858 1856 5663
3996 2 2 1 1 3193 3191 5279
3997 2 2 1 1 3595 3651 5260
3998 2 2 1 1 4663 3148 4801
3999 2 2 1 1 1894 2385 5478
4000 2 2 1 1 5054 3397 5055
4001 2 2 1 1 4843 4845 5423
4002 2 2 1 1 5099 3938 5407
4003 2 2 1 1 1781 1738 5458
4004 2 2 1 1 5051 5218 5278
4005 2 2 1 1 2240 986 5777
4006 2 2 1 1 5109 3386 5553
4007 2 2 1 1 4513 4512 4514
4008 2 2 1 1 5169 885 5337
4009 2 2 1 1 2292 5598 5662
4010 2 2 1 1 3370 2411 5683
4011 2 2 1 1 3647 3611 3648
4012 2 2 1 1 2649 3097 5035
4013 2 2 1 1 2958 4650 5609
4014 2 2 1 1 2282 2450 5180
4015 2 2 1 1 5445 2603 5685
4016 2 2 1 1 1363 1368 5658
4017 2 2 1 1 3463 3461 3937
4018 2 2 1 1 2778 2779 5818
4019 2 2 1 1 4094 3214 4095
4020 2 2 1 1 3817 3818 4176
4021 2 2 1 1 1522 1493 5097
4022 2 2 1 1 4115 3195 4468
4023 2 2 1 1 4166 4114 6088
4024 2 2 1 1 5697 5239 5881
4025 2 2 1 1 2957 2959 5021
4026 2 2 1 1 5490 5489 5491
4027 2 2 1 1 3170 2901 5299
4028 2 2 1 1 2510 2349 5079
4029 2 2 1 1 2787 3374 4969
4030 2 2 1 1 5284 3455 5384
4031 2 2 1 1 2066 2873 5049
4032 2 2 1 1 3089 3630 4710
4033 2 2 1 1 3112 3111 3678
4034 2 2 1 1 3533 1222 5310
4035 2 2 1 1 1407 5364 5886
4036 2 2 1 1 1273 1398 5134
4037 2 2 1 1 3088 2911 4967
4038 2 2 1 1 877 874 5442
4039 2 2 1 1 3550 3552 5256
4040 2 2 1 1 3428 3471 3472
4041 2 2 1 1 5093 3521 5094
4042 2 2 1 1 5421 3954 5746
4043 2 2 1 1 1666 1696 4727
4044 2 2 1 1 4320 4319 4321
4045 2 2 1 1 3938 5099 5643
4046 2 2 1 1 2426 5269 5948
4047 2 2 1 1 915 2828 5358
4048 2 2 1 1 1878 1853 5829
4049 2 2 1 1 5387 2362 5388
4050 2 2 1 1 4307 4306 4308
4051 2 2 1 1 4719 4718 4720
4052 2 2 1 1 3392 4754 4755
4053 2 2 1 1 1818 2044 4693
4054 2 2 1 1 3578 2052 3579
4055 2 2 1 1 5668 4506 5669
4056 2 2 1 1 3296 3166 3297
4057 2 2 1 1 3389 3387 4731
4058 2 2 1 1 3728 3726 4371
4059 2 2 1 1 5898 5340 6012
4060 2 2 1 1 1434 1335 5911
4061 2 2 1 1 4876 2481 5602
4062 2 2 1 1 3808 5387 5388
4063 2 2 1 1 1928 1886 5918
4064 2 2 1 1 5116 5114 5119
4065 2 2 1 1 5629 5628 6020
4066 2 2 1 1 3330 3342 3343
4067 2 2 1 1 2430 960 5433
4068 2 2 1 1 3345 3346 3347
4069 2 2 1 1 5357 5191 5555
4070 2 2 1 1 2283 2282 5180
4071 2 2 1 1 4545 3862 4546
4072 2 2 1 1 4447 3377 5015
4073 2 2 1 1 2872 4011 5197
4074 2 2 1 1 2926 3779 5155
4075 2 2 1 1 5183 5456 5900
4076 2 2 1 1 1801 1799 4808
4077 2 2 1 1 5211 2847 5965
4078 2 2 1 1 3626 3628 3629
4079 2 2 1 1 1140 1137 5676
4080 2 2 1 1 2736 2733 4857
4081 2 2 1 1 4008 3614 6171
4082 2 2 1 1 4755 5062 5948
4083 2 2 1 1 3379 5129 5274
4084 2 2 1 1 937 944 4991
4085 2 2 1 1 4764 3035 4765
4086 2 2 1 1 4918 2431 5926
4087 2 2 1 1 4000 4002 4003
4088 2 2 1 1 2906 2664 2907
4089 2 2 1 1 3113 3370 4028
4090 2 2 1 1 874 875 5442
4091 2 2 1 1 2931 2933 4877
4092 2 2 1 1 4311 4310 4313
4093 2 2 1 1 2707 2555 4532
4094 2 2 1 1 5097 1493 5098
4095 2 2 1 1 5329 4137 5330
4096 2 2 1 1 3167 2907 3168
4097 2 2 1 1 3015 3279 4706
4098 2 2 1 1 4278 4277 4279
4099 2 2 1 1 4591 5075 5701
4100 2 2 1 1 5927 3592 5928
4101 2 2 1 1 4286 3829 4328
4102 2 2 1 1 4056 4046 4057
4103 2 2 1 1 1583 1591 5576
4104 2 2 1 1 1212 1215 5414
4105 2 2 1 1 3825 6074 6231
4106 2 2 1 1 2298 2653 5058
4107 2 2 1 1 4295 4294 4296
4108 2 2 1 1 3988 4401 5831
4109 2 2 1 1 2841 5697 5881
4110 2 2 1 1 1883 4753 5964
4111 2 2 1 1 2037 2039 4621
4112 2 2 1 1 3443 3444 3466
4113 2 2 1 1 3893 4890 5825
4114 2 2 1 1 4717 4716 4718
4115 2 2 1 1 1517 1420 5209
4116 2 2 1 1 4725 2998 5505
4117 2 2 1 1 3985 3984 3986
4118 2 2 1 1 977 975 5522
4119 2 2 1 1 3329 3565 3566
4120 2 2 1 1 1493 1193 5098
4121 2 2 1 1 2830 1605 3094
4122 2 2 1 1 4093 3170 5299
4123 2 2 1 1 3412 4392 5500
4124 2 2 1 1 3602 2590 5747
4125 2 2 1 1 958 971 5433
4126 2 2 1 1 4066 7235 7236
4127 2 2 1 1 4469 4470 4471
4128 2 2 1 1 5365 5427 5679
4129 2 2 1 1 4623 2972 4624
4130 2 2 1 1 794 796 5206
4131 2 2 1 1 2260 2265 5481
4132 2 2 1 1 4387 6127 6305
4133 2 2 1 1 2544 5403 5606
4134 2 2 1 1 4399 6005 6314
4135 2 2 1 1 2188 2681 3096
4136 2 2 1 1 5361 3445 5524
4137 2 2 1 1 2239 1058 5569
4138 2 2 1 1 3233 4342 4343
4139 2 2 1 1 3283 3285 4456
4140 2 2 1 1 2873 3980 5443
4141 2 2 1 1 3699 3686 3881
4142 2 2 1 1 4766 4765 4767
4143 2 2 1 1 3553 3560 5812
4144 2 2 1 1 3623 3613 3624
4145 2 2 1 1 4570 4571 4572
4146 2 2 1 1 2275 2273 5207
4147 2 2 1 1 3928 1551 5455
4148 2 2 1 1 3664 3665 3666
4149 2 2 1 1 5266 5264 5404
4150 2 2 1 1 4857 2733 5568
4151 2 2 1 1 5228 3425 5626
4152 2 2 1 1 3566 3568 4045
4153 2 2 1 1 2876 2572 5068
4154 2 2 1 1 3519 3633 6113
4155 2 2 1 1 2864 1798 5458
4156 2 2 1 1 3101 4015 6260
4157 2 2 1 1 3648 3611 3687
4158 2 2 1 1 1817 1961 5871
4159 2 2 1 1 2051 2553 5125
4160 2 2 1 1 3209 4433 6351
4161 2 2 1 1 930 4545 6155
4162 2 2 1 1 2689 2691 3295
4163 2 2 1 1 4401 4010 5599
4164 2 2 1 1 1938 6952 6964
4165 2 2 1 1 1215 1218 5281
4166 2 2 1 1 1761 5270 5864
4167 2 2 1 1 3727 3726 3728
4168 2 2 1 1 1520 1529 5384
4169 2 2 1 1 2046 1786 4530
4170 2 2 1 1 3925 2382 6336
4171 2 2 1 1 2588 5227 5228
4172 2 2 1 1 842 844 5101
4173 2 2 1 1 1265 1376 5392
4174 2 2 1 1 2306 1106 4982
4175 2 2 1 1 4628 6291 6469
4176 2 2 1 1 2257 5208 5282
4177 2 2 1 1 4892 3365 5894
4178 2 2 1 1 5327 5800 5801
4179 2 2 1 1 2693 2998 4724
4180 2 2 1 1 3443 3466 3467
4181 2 2 1 1 1027 1393 5572
4182 2 2 1 1 4912 4570 5181
4183 2 2 1 1 2631 1028 5518
4184 2 2 1 1 1380 4942 5281
4185 2 2 1 1 1043 1267 5406
4186 2 2 1 1 5028 2755 5029
4187 2 2 1 1 5000 5425 5481
4188 2 2 1 1 1159 5311 5635
4189 2 2 1 1 4865 2868 4866
4190 2 2 1 1 3405 3399 4658
4191 2 2 1 1 4229 6313 6366
4192 2 2 1 1 935 928 4985
4193 2 2 1 1 1342 2622 4941
4194 2 2 1 1 3398 2455 3399
4195 2 2 1 1 2553 3072 5125
4196 2 2 1 1 2152 2150 2153
4197 2 2 1 1 1257 1259 5192
4198 2 2 1 1 1539 1537 5434
4199 2 2 1 1 797 795 5566
4200 2 2 1 1 798 800 5390
4201 2 2 1 1 1196 1194 5031
4202 2 2 1 1 4959 4961 4962
4203 2 2 1 1 4605 4608 6100
4204 2 2 1 1 4861 3680 4862
4205 2 2 1 1 1500 1498 5066
4206 2 2 1 1 2381 6204 6243
4207 2 2 1 1 1495 1432 5217
4208 2 2 1 1 4446 3377 4447
4209 2 2 1 1 3864 4707 4975
4210 2 2 1 1 3355 4898 5590
4211 2 2 1 1 1940 2362 5387
4212 2 2 1 1 5102 3396 5467
4213 2 2 1 1 2775 2746 2776
4214 2 2 1 1 5158 886 5360
4215 2 2 1 1 5340 3367 5341
4216 2 2 1 1 3021 3020 4801
4217 2 2 1 1 3889 4593 4872
4218 2 2 1 1 2442 3087 5453
4219 2 2 1 1 3261 2997 3406
4220 2 2 1 1 2376 2568 5189
4221 2 2 1 1 3380 3381 4820
4222 2 2 1 1 3786 3411 5643
4223 2 2 1 1 3554 3680 4861
4224 2 2 1 1 3233 4267 4342
4225 2 2 1 1 1421 1384 5190
4226 2 2 1 1 2294 1115 4797
4227 2 2 1 1 1301 1296 5332
4228 2 2 1 1 3394 4979 5515
4229 2 2 1 1 3853 3852 4380
4230 2 2 1 1 4488 4489 4490
4231 2 2 1 1 4676 4675 5600
4232 2 2 1 1 1241 1238 5651
4233 2 2 1 1 3819 3817 4406
4234 2 2 1 1 3215 2674 3692
4235 2 2 1 1 5407 3938 5547
4236 2 2 1 1 5770 5107 5937
4237 2 2 1 1 5849 6309 6323
4238 2 2 1 1 1876 2678 5873
4239 2 2 1 1 3459 5086 5758
4240 2 2 1 1 3414 2123 4947
4241 2 2 1 1 1431 1418 5245
4242 2 2 1 1 2682 4731 5198
4243 2 2 1 1 4985 928 5074
4244 2 2 1 1 4370 3276 4442
4245 2 2 1 1 2872 3229 3230
4246 2 2 1 1 2436 2340 2472
4247 2 2 1 1 5505 2998 5506
4248 2 2 1 1 2233 940 5355
4249 2 2 1 1 946 5169 5545
4250 2 2 1 1 2789 5141 5509
4251 2 2 1 1 1732 1733 5515
4252 2 2 1 1 3232 3231 4274
4253 2 2 1 1 812 814 5243
4254 2 2 1 1 2778 2776 2779
4255 2 2 1 1 1909 2561 5149
4256 2 2 1 1 2470 2983 5093
4257 2 2 1 1 5763 3956 5985
4258 2 2 1 1 5801 931 6118
4259 2 2 1 1 3691 3243 4033
4260 2 2 1 1 5343 3945 5344
4261 2 2 1 1 4588 4589 4590
4262 2 2 1 1 2780 2781 2782
4263 2 2 1 1 2832 2388 4743
4264 2 2 1 1 1083 5544 6183
4265 2 2 1 1 5051 5217 5218
4266 2 2 1 1 2742 3882 3883
4267 2 2 1 1 3204 2894 3769
4268 2 2 1 1 1730 1964 4942
4269 2 2 1 1 984 2240 5454
4270 2 2 1 1 4442 3276 4582
4271 2 2 1 1 3413 5172 5173
4272 2 2 1 1 2292 1068 5371
4273 2 2 1 1 3453 3519 5787
4274 2 2 1 1 5179 4775 5567
4275 2 2 1 1 3976 5788 6065
4276 2 2 1 1 2945 2904 5315
4277 2 2 1 1 1970 2545 5953
4278 2 2 1 1 2188 2680 2681
4279 2 2 1 1 3455 2823 5384
4280 2 2 1 1 1762 1313 5320
4281 2 2 1 1 3223 2445 3224
4282 2 2 1 1 3143 2612 3144
4283 2 2 1 1 3260 3261 5893
4284 2 2 1 1 4346 4352 4381
4285 2 2 1 1 4609 4611 4612
4286 2 2 1 1 1496 1745 5357
4287 2 2 1 1 1961 1815 4973
4288 2 2 1 1 3329 3566 3567
4289 2 2 1 1 2471 2386 5342
4290 2 2 1 1 3020 2771 3028
4291 2 2 1 1 3462 3461 3463
4292 2 2 1 1 2617 1944 4482
4293 2 2 1 1 3101 3121 4015
4294 2 2 1 1 3674 1933 5090
4295 2 2 1 1 4648 4649 4895
4296 2 2 1 1 2015 2048 5385
4297 2 2 1 1 3336 3819 6089
4298 2 2 1 1 3702 2153 4031
4299 2 2 1 1 2741 2742 4945
4300 2 2 1 1 3387 3041 3939
4301 2 2 1 1 5146 3652 5884
4302 2 2 1 1 5359 5361 5524
4303 2 2 1 1 3024 3385 4579
4304 2 2 1 1 1564 2638 4773
4305 2 2 1 1 2625 3412 5391
4306 2 2 1 1 3162 3824 3850
4307 2 2 1 1 1384 1294 5190
4308 2 2 1 1 2734 2154 3858
4309 2 2 1 1 3001 3838 5104
4310 2 2 1 1 5066 1498 5357
4311 2 2 1 1 2925 5113 5114
4312 2 2 1 1 3737 3707 4040
4313 2 2 1 1 4125 3769 4126
4314 2 2 1 1 2779 2776 4507
4315 2 2 1 1 4426 4424 4429
4316 2 2 1 1 2383 3056 5296
4317 2 2 1 1 1045 1043 5406
4318 2 2 1 1 3689 4026 4027
4319 2 2 1 1 4338 4346 5862
4320 2 2 1 1 2531 2530 2532
4321 2 2 1 1 2724 3266 3268
4322 2 2 1 1 3733 1717 4037
4323 2 2 1 1 3338 3335 3339
4324 2 2 1 1 4878 3360 4879
4325 2 2 1 1 3456 3455 5428
4326 2 2 1 1 2848 1629 3964
4327 2 2 1 1 2028 2027 5736
4328 2 2 1 1 1218 1380 5281
4329 2 2 1 1 1220 1219 5416
4330 2 2 1 1 1136 2172 5676
4331 2 2 1 1 1973 5222 5666
4332 2 2 1 1 3338 3340 5334
4333 2 2 1 1 3729 3731 4036
4334 2 2 1 1 3780 4252 4253
4335 2 2 1 1 2796 3494 5675
4336 2 2 1 1 3290 4639 5448
4337 2 2 1 1 2599 2601 2602
4338 2 2 1 1 5428 5284 5429
4339 2 2 1 1 2267 5407 5547
4340 2 2 1 1 2932 2930 5378
4341 2 2 1 1 2534 2532 2948
4342 2 2 1 1 5383 1249 5605
4343 2 2 1 1 4346 4345 4351
4344 2 2 1 1 3168 2907 3171
4345 2 2 1 1 4518 4519 4520
4346 2 2 1 1 2599 2602 2898
4347 2 2 1 1 4283 4284 4339
4348 2 2 1 1 3831 3229 4576
4349 2 2 1 1 3042 2193 5278
4350 2 2 1 1 2438 2664 2665
4351 2 2 1 1 3521 3522 5755
4352 2 2 1 1 4295 4296 4297
4353 2 2 1 1 6150 2832 6199
4354 2 2 1 1 5314 977 5522
4355 2 2 1 1 1418 3408 5245
4356 2 2 1 1 2848 4006 4007
4357 2 2 1 1 898 900 5432
4358 2 2 1 1 2580 2615 3151
4359 2 2 1 1 3538 2826 4750
4360 2 2 1 1 1186 2618 5698
4361 2 2 1 1 3321 3320 3323
4362 2 2 1 1 4983 3942 4984
4363 2 2 1 1 2668 2395 5462
4364 2 2 1 1 5594 3069 5992
4365 2 2 1 1 2819 2994 5870
4366 2 2 1 1 3599 2846 3600
4367 2 2 1 1 1028 1030 5518
4368 2 2 1 1 2748 2253 4970
4369 2 2 1 1 2080 2537 5907
4370 2 2 1 1 2783 5744 6104
4371 2 2 1 1 2724 3268 4974
4372 2 2 1 1 3248 2681 3827
4373 2 2 1 1 3601 3140 4457
4374 2 2 1 1 1165 1198 5667
4375 2 2 1 1 2830 3095 3966
4376 2 2 1 1 1498 1496 5357
4377 2 2 1 1 1547 1549 5514
4378 2 2 1 1 1654 2061 2749
4379 2 2 1 1 1728 1737 6172
4380 2 2 1 1 1989 5149 5956
4381 2 2 1 1 3716 3714 4403
4382 2 2 1 1 3912 3917 5487
4383 2 2 1 1 2019 2443 4911
4384 2 2 1 1 4949 2773 4950
4385 2 2 1 1 3755 3425 5228
4386 2 2 1 1 3470 5539 5967
4387 2 2 1 1 5891 4779 5907
4388 2 2 1 1 3347 3349 3857
4389 2 2 1 1 1840 1839 1841
4390 2 2 1 1 3981 5526 5764
4391 2 2 1 1 3273 4369 5939
4392 2 2 1 1 5719 3967 5720
4393 2 2 1 1 4001 4000 4449
4394 2 2 1 1 2065 2792 5302
4395 2 2 1 1 2572 2403 5068
4396 2 2 1 1 3725 3724 3726
4397 2 2 1 1 2624 1880 5554
4398 2 2 1 1 2504 3017 3019
4399 2 2 1 1 1746 1495 5217
4400 2 2 1 1 3222 2445 3223
4401 2 2 1 1 2678 1943 5670
4402 2 2 1 1 4553 4554 5744
4403 2 2 1 1 1696 2303 2304
4404 2 2 1 1 3282 3856 4770
4405 2 2 1 1 3381 3379 5274
4406 2 2 1 1 3027 3357 6008
4407 2 2 1 1 4033 3243 4034
4408 2 2 1 1 4968 2550 5097
4409 2 2 1 1 5410 2268 5425
4410 2 2 1 1 2364 6230 6247
4411 2 2 1 1 3895 3904 5338
4412 2 2 1 1 993 995 5484
4413 2 2 1 1 3797 5632 5649
4414 2 2 1 1 845 830 5148
4415 2 2 1 1 4426 4429 4430
4416 2 2 1 1 2009 2011 2053
4417 2 2 1 1 1026 842 5101
4418 2 2 1 1 1743 1431 5245
4419 2 2 1 1 2476 2674 2675
4420 2 2 1 1 5242 812 5243
4421 2 2 1 1 2624 5554 5856
4422 2 2 1 1 3359 3216 3814
4423 2 2 1 1 2730 2693 3236
4424 2 2 1 1 3980 2874 4021
4425 2 2 1 1 3846 3249 4359
4426 2 2 1 1 4423 4424 4425
4427 2 2 1 1 883 3952 5863
4428 2 2 1 1 1486 1484 5319
4429 2 2 1 1 1529 1530 5283
4430 2 2 1 1 3114 3113 4444
4431 2 2 1 1 3561 3545 4811
4432 2 2 1 1 2895 2894 3204
4433 2 2 1 1 1717 1650 5003
4434 2 2 1 1 2909 2741 3029
4435 2 2 1 1 4607 4609 4678
4436 2 2 1 1 4995 4957 5830
4437 2 2 1 1 2210 798 5390
4438 2 2 1 1 5323 1114 5565
4439 2 2 1 1 1432 2822 5217
4440 2 2 1 1 3544 3546 5780
4441 2 2 1 1 3997 5833 6095
4442 2 2 1 1 3223 3225 3227
4443 2 2 1 1 4546 5136 6078
4444 2 2 1 1 2223 2437 2438
4445 2 2 1 1 4588 3110 4589
4446 2 2 1 1 4726 4725 5961
4447 2 2 1 1 3410 3460 3841
4448 2 2 1 1 1399 1377 5344
4449 2 2 1 1 2823 1519 5384
4450 2 2 1 1 5375 2085 5376
4451 2 2 1 1 2356 2316 4558
4452 2 2 1 1 1078 1080 4913
4453 2 2 1 1 1943 1897 1985
4454 2 2 1 1 2557 2555 2707
4455 2 2 1 1 3283 3284 3285
4456 2 2 1 1 3633 3520 3878
4457 2 2 1 1 5582 918 5800
4458 2 2 1 1 3543 3541 3562
4459 2 2 1 1 3240 2993 3852
4460 2 2 1 1 1527 4754 5139
4461 2 2 1 1 4322 4323 4324
4462 2 2 1 1 2309 3585 4559
4463 2 2 1 1 3926 3757 3927
4464 2 2 1 1 983 979 5314
4465 2 2 1 1 5063 3943 5064
4466 2 2 1 1 1292 1256 5262
4467 2 2 1 1 1991 2168 2611
4468 2 2 1 1 2012 2013 2014
4469 2 2 1 1 2985 2471 5342
4470 2 2 1 1 4484 4486 4487
4471 2 2 1 1 5352 5596 5765
4472 2 2 1 1 5352 5266 5536
4473 2 2 1 1 1643 1642 5760
4474 2 2 1 1 2996 2737 2997
4475 2 2 1 1 1250 1253 5273
4476 2 2 1 1 2401 2555 2556
4477 2 2 1 1 4922 4921 4923
4478 2 2 1 1 1622 1619 5819
4479 2 2 1 1 3595 3596 3597
4480 2 2 1 1 3536 2826 3537
4481 2 2 1 1 3306 3305 3307
4482 2 2 1 1 3130 3425 3754
4483 2 2 1 1 5937 2226 5964
4484 2 2 1 1 2653 3116 3117
4485 2 2 1 1 3454 3143 3803
4486 2 2 1 1 3672 3671 3673
4487 2 2 1 1 4836 4833 5294
4488 2 2 1 1 4996 3518 4997
4489 2 2 1 1 5064 5275 5277
4490 2 2 1 1 1922 1921 4990
4491 2 2 1 1 4675 2018 5600
4492 2 2 1 1 3261 3406 3407
4493 2 2 1 1 4034 3243 4587
4494 2 2 1 1 1821 2405 5071
4495 2 2 1 1 3850 3824 4083
4496 2 2 1 1 4301 4302 4303
4497 2 2 1 1 4228 4229 4230
4498 2 2 1 1 5972 2059 6075
4499 2 2 1 1 3666 3668 4019
4500 2 2 1 1 4877 3360 4878
4501 2 2 1 1 3242 2695 3243
4502 2 2 1 1 1490 2750 5271
4503 2 2 1 1 2814 2821 5317
4504 2 2 1 1 1875 1885 5721
4505 2 2 1 1 3151 3157 4091
4506 2 2 1 1 3334 3634 5069
4507 2 2 1 1 1285 1232 5096
4508 2 2 1 1 2494 1826 4586
4509 2 2 1 1 3642 2585 4903
4510 2 2 1 1 2722 2719 2723
4511 2 2 1 1 3668 3669 3670
4512 2 2 1 1 4283 3691 4284
4513 2 2 1 1 1709 1715 4815
4514 2 2 1 1 2262 2260 5481
4515 2 2 1 1 2448 2355 2449
4516 2 2 1 1 3510 3502 4739
4517 2 2 1 1 1294 3511 5190
4518 2 2 1 1 2450 2902 5180
4519 2 2 1 1 2975 3360 4877
4520 2 2 1 1 3140 3275 3800
4521 2 2 1 1 799 2650 5017
4522 2 2 1 1 2159 4994 5896
4523 2 2 1 1 3911 3918 5080
4524 2 2 1 1 4949 4951 5854
4525 2 2 1 1 2364 1801 4808
4526 2 2 1 1 2876 4464 6464
4527 2 2 1 1 4054 3735 4136
4528 2 2 1 1 4007 6260 6356
4529 2 2 1 1 3323 3330 4504
4530 2 2 1 1 5703 3926 5993
4531 2 2 1 1 3282 4771 4854
4532 2 2 1 1 3493 3498 3499
4533 2 2 1 1 3493 3499 3859
4534 2 2 1 1 3952 936 5073
4535 2 2 1 1 3666 3667 3668
4536 2 2 1 1 5188 5187 5514
4537 2 2 1 1 3051 3396 3397
4538 2 2 1 1 3491 3493 4567
4539 2 2 1 1 5175 4710 6151
4540 2 2 1 1 4999 3045 5411
4541 2 2 1 1 2438 2663 2664
4542 2 2 1 1 1916 1899 5685
4543 2 2 1 1 2915 2914 2916
4544 2 2 1 1 5186 1716 5187
4545 2 2 1 1 3077 2233 5355
4546 2 2 1 1 3347 3857 4494
4547 2 2 1 1 3443 3467 4694
4548 2 2 1 1 3700 3701 3708
4549 2 2 1 1 5077 1761 5078
4550 2 2 1 1 2500 2735 4900
4551 2 2 1 1 3881 4702 4732
4552 2 2 1 1 2350 2352 6060
4553 2 2 1 1 2724 2875 3266
4554 2 2 1 1 810 812 5242
4555 2 2 1 1 2012 2014 2015
4556 2 2 1 1 2216 2218 3367
4557 2 2 1 1 2765 2767 4948
4558 2 2 1 1 3811 3606 4852
4559 2 2 1 1 3855 2513 5741
4560 2 2 1 1 2877 4268 5925
4561 2 2 1 1 3609 4856 6447
4562 2 2 1 1 2534 2949 5354
4563 2 2 1 1 3692 2674 5236
4564 2 2 1 1 3639 5952 6049
4565 2 2 1 1 5504 3965 5652
4566 2 2 1 1 978 980 5261
4567 2 2 1 1 2735 3292 4900
4568 2 2 1 1 3248 3827 3828
4569 2 2 1 1 1238 1237 5651
4570 2 2 1 1 1621 1623 5530
4571 2 2 1 1 2128 2130 2444
4572 2 2 1 1 3268 4330 4974
4573 2 2 1 1 3307 3305 3822
4574 2 2 1 1 3567 3566 4566
4575 2 2 1 1 979 977 5314
4576 2 2 1 1 2355 2353 2506
4577 2 2 1 1 3268 3833 4329
4578 2 2 1 1 4291 4292 4293
4579 2 2 1 1 4833 4829 5294
4580 2 2 1 1 2487 2037 4621
4581 2 2 1 1 3296 3297 3298
4582 2 2 1 1 3510 4739 4740
4583 2 2 1 1 4648 4895 4896
4584 2 2 1 1 3780 3185 4127
4585 2 2 1 1 2183 2181 2187
4586 2 2 1 1 3293 3246 3294
4587 2 2 1 1 4626 4627 4628
4588 2 2 1 1 3279 4492 4493
4589 2 2 1 1 3920 5492 6027
4590 2 2 1 1 2562 3099 5848
4591 2 2 1 1 2091 2120 4901
4592 2 2 1 1 2609 2947 3043
4593 2 2 1 1 3681 3929 3930
4594 2 2 1 1 4093 5299 5300
4595 2 2 1 1 4338 4345 4346
4596 2 2 1 1 1911 1786 2046
4597 2 2 1 1 3234 3041 3387
4598 2 2 1 1 1422 2847 5209
4599 2 2 1 1 1818 1820 2044
4600 2 2 1 1 2221 2217 6370
4601 2 2 1 1 3358 3026 4764
4602 2 2 1 1 2172 1290 2173
4603 2 2 1 1 3388 3387 3389
4604 2 2 1 1 4775 4776 4778
4605 2 2 1 1 4647 2762 4798
4606 2 2 1 1 3814 3216 4184
4607 2 2 1 1 3921 5079 5346
4608 2 2 1 1 3999 4000 4001
4609 2 2 1 1 2397 1078 4913
4610 2 2 1 1 1615 1620 5419
4611 2 2 1 1 2451 2286 5365
4612 2 2 1 1 1980 1978 5016
4613 2 2 1 1 2215 1854 5586
4614 2 2 1 1 2234 2593 6272
4615 2 2 1 1 5200 5199 5201
4616 2 2 1 1 2232 4390 5460
4617 2 2 1 1 2255 3526 5542
4618 2 2 1 1 3909 3907 5858
4619 2 2 1 1 4466 4467 6245
4620 2 2 1 1 5836 6039 6283
4621 2 2 1 1 2756 1290 4863
4622 2 2 1 1 2496 5957 5989
4623 2 2 1 1 4871 5096 5348
4624 2 2 1 1 1802 1804 2045
4625 2 2 1 1 3238 3251 3835
4626 2 2 1 1 5098 1191 5594
4627 2 2 1 1 1726 1725 6000
4628 2 2 1 1 1944 2244 2412
4629 2 2 1 1 2687 2689 6127
4630 2 2 1 1 2144 2139 2145
4631 2 2 1 1 2827 2487 2992
4632 2 2 1 1 2524 3481 5469
4633 2 2 1 1 2466 2285 5411
4634 2 2 1 1 2446 2333 5763
4635 2 2 1 1 1818 1819 1820
4636 2 2 1 1 5141 5109 5553
4637 2 2 1 1 2384 2383 5296
4638 2 2 1 1 2248 4978 5516
4639 2 2 1 1 3330 3331 3342
4640 2 2 1 1 4917 3878 4936
4641 2 2 1 1 3879 4495 4496
4642 2 2 1 1 5011 5010 5012
4643 2 2 1 1 1904 1486 5319
4644 2 2 1 1 2585 2881 2882
4645 2 2 1 1 4340 3407 4368
4646 2 2 1 1 1254 1252 5257
4647 2 2 1 1 2905 3794 5163
4648 2 2 1 1 3681 3109 3929
4649 2 2 1 1 3211 3149 3212
4650 2 2 1 1 2729 3238 3244
4651 2 2 1 1 1508 1455 1786
4652 2 2 1 1 2218 2220 6010
4653 2 2 1 1 2821 3068 3082
4654 2 2 1 1 5835 5442 5863
4655 2 2 1 1 5263 5258 5264
4656 2 2 1 1 1737 1780 1782
4657 2 2 1 1 2416 2579 2580
4658 2 2 1 1 3139 3137 5033
4659 2 2 1 1 971 956 5111
4660 2 2 1 1 1487 1490 5271
4661 2 2 1 1 1997 2382 3925
4662 2 2 1 1 2026 2025 2027
4663 2 2 1 1 4932 4933 4935
4664 2 2 1 1 2328 2320 2329
4665 2 2 1 1 834 832 4925
4666 2 2 1 1 2609 2946 2947
4667 2 2 1 1 3432 3162 4592
4668 2 2 1 1 3646 3606 3811
4669 2 2 1 1 4568 3859 4569
4670 2 2 1 1 1254 5257 5262
4671 2 2 1 1 2884 2885 2886
4672 2 2 1 1 1681 2302 5251
4673 2 2 1 1 1696 2304 2726
4674 2 2 1 1 3491 3492 3493
4675 2 2 1 1 5083 5082 5084
4676 2 2 1 1 2019 2020 2021
4677 2 2 1 1 2318 2316 2356
4678 2 2 1 1 2961 3622 4853
4679 2 2 1 1 1659 1658 5809
4680 2 2 1 1 1224 1007 5424
4681 2 2 1 1 1015 2625 5391
4682 2 2 1 1 1933 1932 5090
4683 2 2 1 1 2865 2864 2866
4684 2 2 1 1 3970 3235 3971
4685 2 2 1 1 3868 3024 3870
4686 2 2 1 1 4863 5564 6202
4687 2 2 1 1 5282 5208 5450
4688 2 2 1 1 5222 5223 5224
4689 2 2 1 1 2653 3117 3286
4690 2 2 1 1 4709 5791 6012
4691 2 2 1 1 1507 1455 1508
4692 2 2 1 1 1530 1533 5283
4693 2 2 1 1 3044 3162 3432
4694 2 2 1 1 3563 3538 4460
4695 2 2 1 1 4333 3260 5893
4696 2 2 1 1 3687 3611 4472
4697 2 2 1 1 3705 1286 4032
4698 2 2 1 1 2908 2457 4560
4699 2 2 1 1 3685 3684 3686
4700 2 2 1 1 3985 4402 4411
4701 2 2 1 1 3440 2209 3441
4702 2 2 1 1 3184 2923 3735
4703 2 2 1 1 3175 4082 5349
4704 2 2 1 1 3542 3541 3543
4705 2 2 1 1 2083 2085 5375
4706 2 2 1 1 2449 2355 4604
4707 2 2 1 1 3290 2736 3409
4708 2 2 1 1 2982 2984 5659
4709 2 2 1 1 1219 1229 5416
4710 2 2 1 1 5557 3951 6071
4711 2 2 1 1 3960 3961 5832
4712 2 2 1 1 2401 2554 2555
4713 2 2 1 1 1880 3457 5554
4714 2 2 1 1 2123 2124 2126
4715 2 2 1 1 2839 2289 5673
4716 2 2 1 1 2390 1718 2391
4717 2 2 1 1 3654 2969 4622
4718 2 2 1 1 4086 3378 4909
4719 2 2 1 1 2173 1290 2756
4720 2 2 1 1 1921 1923 1945
4721 2 2 1 1 3655 3338 5334
4722 2 2 1 1 3573 4980 5854
4723 2 2 1 1 1652 1650 1717
4724 2 2 1 1 2377 2376 2378
4725 2 2 1 1 5191 3413 5555
4726 2 2 1 1 3748 3602 3753
4727 2 2 1 1 4098 4061 4099
4728 2 2 1 1 2935 2934 5525
4729 2 2 1 1 3247 1948 5104
4730 2 2 1 1 3279 4493 4706
4731 2 2 1 1 788 790 2417
4732 2 2 1 1 3453 3450 3518
4733 2 2 1 1 4791 4790 4792
4734 2 2 1 1 4652 5444 5609
4735 2 2 1 1 1882 1957 4855
4736 2 2 1 1 3610 3582 3611
4737 2 2 1 1 3942 3941 5782
4738 2 2 1 1 838 5052 5690
4739 2 2 1 1 2929 2986 5523
4740 2 2 1 1 857 6246 6290
4741 2 2 1 1 2913 2888 2914
4742 2 2 1 1 4893 3064 4894
4743 2 2 1 1 3920 3910 5487
4744 2 2 1 1 3661 3109 3681
4745 2 2 1 1 2456 2905 5163
4746 2 2 1 1 4243 4242 4244
4747 2 2 1 1 3488 3034 5053
4748 2 2 1 1 5215 3591 5861
4749 2 2 1 1 3393 3271 3867
4750 2 2 1 1 3466 3682 4441
4751 2 2 1 1 1341 1339 5059
4752 2 2 1 1 1420 1422 5209
4753 2 2 1 1 2389 2388 2398
4754 2 2 1 1 2878 2835 3469
4755 2 2 1 1 2848 3964 4006
4756 2 2 1 1 4712 4972 5035
4757 2 2 1 1 2836 2577 3119
4758 2 2 1 1 5212 5211 5213
4759 2 2 1 1 3058 3785 3787
4760 2 2 1 1 1053 1049 5420
4761 2 2 1 1 1256 1254 5262
4762 2 2 1 1 3322 3321 3325
4763 2 2 1 1 5406 1267 6285
4764 2 2 1 1 1974 2511 4927
4765 2 2 1 1 3253 3255 5318
4766 2 2 1 1 1756 1758 1876
4767 2 2 1 1 3260 2997 3261
4768 2 2 1 1 3324 5128 6313
4769 2 2 1 1 4608 4607 4610
4770 2 2 1 1 5451 2839 5673
4771 2 2 1 1 3337 3335 3338
4772 2 2 1 1 2376 2374 2568
4773 2 2 1 1 2404 1678 5147
4774 2 2 1 1 3801 3291 4391
4775 2 2 1 1 2155 3394 5515
4776 2 2 1 1 4407 2626 5868
4777 2 2 1 1 2696 2698 5874
4778 2 2 1 1 3985 3986 4402
4779 2 2 1 1 2709 2711 2712
4780 2 2 1 1 2729 2728 3238
4781 2 2 1 1 3361 4752 5617
4782 2 2 1 1 4471 4470 4474
4783 2 2 1 1 2904 2451 5365
4784 2 2 1 1 4783 4782 4784
4785 2 2 1 1 2837 1726 3990
4786 2 2 1 1 1737 1738 1780
4787 2 2 1 1 5115 5114 5116
4788 2 2 1 1 1303 2365 4668
4789 2 2 1 1 2413 2028 5736
4790 2 2 1 1 1995 2569 3283
4791 2 2 1 1 885 882 5337
4792 2 2 1 1 2640 1891 5106
4793 2 2 1 1 2533 2532 2534
4794 2 2 1 1 3075 3941 3942
4795 2 2 1 1 3729 3728 3730
4796 2 2 1 1 2457 2458 2459
4797 2 2 1 1 3164 2670 3165
4798 2 2 1 1 4427 4425 4428
4799 2 2 1 1 2629 5153 5154
4800 2 2 1 1 1967 1790 1968
4801 2 2 1 1 2809 4570 4912
4802 2 2 1 1 2902 3395 5180
4803 2 2 1 1 3525 4665 5562
4804 2 2 1 1 2147 2148 2149
4805 2 2 1 1 2595 2464 5700
4806 2 2 1 1 2321 2320 2328
4807 2 2 1 1 3585 5599 6284
4808 2 2 1 1 2476 2477 2674
4809 2 2 1 1 2915 2917 5113
4810 2 2 1 1 2395 2413 2414
4811 2 2 1 1 1844 1895 1896
4812 2 2 1 1 3481 3482 3484
4813 2 2 1 1 3799 4992 4993
4814 2 2 1 1 1901 2433 2434
4815 2 2 1 1 3233 4343 5670
4816 2 2 1 1 2919 2920 2921
4817 2 2 1 1 3315 3316 3317
4818 2 2 1 1 3655 5334 5335
4819 2 2 1 1 2625 3012 3412
4820 2 2 1 1 2742 3883 3884
4821 2 2 1 1 4980 3573 5803
4822 2 2 1 1 2842 1878 2843
4823 2 2 1 1 2124 2125 6004
4824 2 2 1 1 4692 4448 5462
4825 2 2 1 1 3546 3545 3547
4826 2 2 1 1 1877 1786 1911
4827 2 2 1 1 2590 1982 5747
4828 2 2 1 1 2912 2888 2913
4829 2 2 1 1 1748 1894 5478
4830 2 2 1 1 3281 3280 3854
4831 2 2 1 1 2119 2110 4641
4832 2 2 1 1 2301 2140 5345
4833 2 2 1 1 1932 1930 1934
4834 2 2 1 1 2324 2323 2325
4835 2 2 1 1 2448 2457 2908
4836 2 2 1 1 2502 3009 4643
4837 2 2 1 1 2709 2686 2710
4838 2 2 1 1 2953 2955 5647
4839 2 2 1 1 1908 1909 1941
4840 2 2 1 1 3537 2826 3538
4841 2 2 1 1 2842 2860 3969
4842 2 2 1 1 3805 3618 4389
4843 2 2 1 1 2580 2579 2581
4844 2 2 1 1 2656 2654 3128
4845 2 2 1 1 2774 2764 4647
4846 2 2 1 1 3398 3399 3400
4847 2 2 1 1 2335 5486 5763
4848 2 2 1 1 2921 2920 2922
4849 2 2 1 1 3387 3939 4731
4850 2 2 1 1 3715 3714 3716
4851 2 2 1 1 1540 1613 5715
4852 2 2 1 1 2623 1834 4944
4853 2 2 1 1 4080 3769 4125
4854 2 2 1 1 5637 6324 6325
4855 2 2 1 1 870 871 872
4856 2 2 1 1 1640 1638 5426
4857 2 2 1 1 2033 2034 2989
4858 2 2 1 1 4276 4275 4277
4859 2 2 1 1 4843 4836 4845
4860 2 2 1 1 3964 6014 6119
4861 2 2 1 1 1549 1711 5514
4862 2 2 1 1 2398 2388 2832
4863 2 2 1 1 2771 2768 5136
4864 2 2 1 1 2957 2956 2958
4865 2 2 1 1 4062 4063 4113
4866 2 2 1 1 1745 5191 5357
4867 2 2 1 1 1812 1811 1813
4868 2 2 1 1 2600 2598 2939
4869 2 2 1 1 3468 4889 5651
4870 2 2 1 1 4958 4957 4994
4871 2 2 1 1 3499 3500 3501
4872 2 2 1 1 2836 3965 5504
4873 2 2 1 1 3449 3448 3450
4874 2 2 1 1 1437 1438 1439
4875 2 2 1 1 2635 4934 5015
4876 2 2 1 1 2691 2692 2694
4877 2 2 1 1 790 789 791
4878 2 2 1 1 1398 1452 5135
4879 2 2 1 1 1489 1488 5062
4880 2 2 1 1 1623 1624 1625
4881 2 2 1 1 3107 2684 4869
4882 2 2 1 1 3427 3364 4968
4883 2 2 1 1 2493 1336 5502
4884 2 2 1 1 2779 4508 4914
4885 2 2 1 1 6107 3975 6181
4886 2 2 1 1 4756 2221 4757
4887 2 2 1 1 4604 4605 6100
4888 2 2 1 1 2872 2184 3229
4889 2 2 1 1 2751 2755 5027
4890 2 2 1 1 3006 3263 3620
4891 2 2 1 1 3421 5303 5908
4892 2 2 1 1 1635 1636 1637
4893 2 2 1 1 3378 2971 5246
4894 2 2 1 1 3155 2971 3378
4895 2 2 1 1 5223 5253 5684
4896 2 2 1 1 3866 3377 4446
4897 2 2 1 1 1948 3001 5104
4898 2 2 1 1 2490 2403 2572
4899 2 2 1 1 3616 2668 3618
4900 2 2 1 1 3773 3202 3963
4901 2 2 1 1 3433 2642 5475
4902 2 2 1 1 2727 2570 3108
4903 2 2 1 1 2575 2576 2683
4904 2 2 1 1 3777 3205 5889
4905 2 2 1 1 3780 4127 4252
4906 2 2 1 1 5555 5173 5580
4907 2 2 1 1 6956 6963 6964
4908 2 2 1 1 1360 2200 2486
4909 2 2 1 1 3583 2296 3603
4910 2 2 1 1 2879 2573 4547
4911 2 2 1 1 1620 2870 5419
4912 2 2 1 1 3523 3855 6320
4913 2 2 1 1 1688 2577 2836
4914 2 2 1 1 2784 1762 3047
4915 2 2 1 1 1821 1819 2405
4916 2 2 1 1 3210 3202 3773
4917 2 2 1 1 3693 1286 3705
4918 2 2 1 1 1337 1335 1434
4919 2 2 1 1 1336 1338 5502
4920 2 2 1 1 3594 2551 3595
4921 2 2 1 1 4828 4826 4847
4922 2 2 1 1 5088 5713 6011
4923 2 2 1 1 2429 2424 4759
4924 2 2 1 1 2525 2526 2527
4925 2 2 1 1 2556 2555 2557
4926 2 2 1 1 3258 3659 3690
4927 2 2 1 1 1452 1952 5135
4928 2 2 1 1 2103 2102 2104
4929 2 2 1 1 2371 2372 2373
4930 2 2 1 1 3015 3269 3279
4931 2 2 1 1 3023 3024 3868
4932 2 2 1 1 3070 2552 3074
4933 2 2 1 1 3301 4053 4137
4934 2 2 1 1 3323 3328 3330
4935 2 2 1 1 1610 1614 1615
4936 2 2 1 1 2385 5093 5478
4937 2 2 1 1 3614 3098 3660
4938 2 2 1 1 5263 5265 5645
4939 2 2 1 1 4318 4317 4319
4940 2 2 1 1 1236 1239 5348
4941 2 2 1 1 1706 1707 1710
4942 2 2 1 1 2453 2360 5742
4943 2 2 1 1 2687 2684 2688
4944 2 2 1 1 3444 6093 6359
4945 2 2 1 1 2022 2020 2025
4946 2 2 1 1 4088 4057 4089
4947 2 2 1 1 902 905 5237
4948 2 2 1 1 1413 3517 5841
4949 2 2 1 1 1695 1692 4746
4950 2 2 1 1 3192 4079 5248
4951 2 2 1 1 3255 3254 3256
4952 2 2 1 1 3264 2702 5597
4953 2 2 1 1 1013 1016 5328
4954 2 2 1 1 1875 1883 1884
4955 2 2 1 1 2895 3205 3206
4956 2 2 1 1 2925 2915 5113
4957 2 2 1 1 5364 5108 5886
4958 2 2 1 1 1481 1761 5077
4959 2 2 1 1 3155 3378 4050
4960 2 2 1 1 2916 2914 4038
4961 2 2 1 1 1797 1798 1799
4962 2 2 1 1 2036 2827 6043
4963 2 2 1 1 2825 2823 3455
4964 2 2 1 1 3698 3686 3699
4965 2 2 1 1 5490 4418 5733
4966 2 2 1 1 2033 1946 2034
4967 2 2 1 1 3464 3380 4049
4968 2 2 1 1 3523 2513 3855
4969 2 2 1 1 974 976 5091
4970 2 2 1 1 1303 1305 2365
4971 2 2 1 1 1377 1378 5344
4972 2 2 1 1 4996 2215 5586
4973 2 2 1 1 2990 2991 3231
4974 2 2 1 1 1338 1339 1340
4975 2 2 1 1 1844 1843 1895
4976 2 2 1 1 1979 1978 1980
4977 2 2 1 1 2091 2092 2093
4978 2 2 1 1 2485 2574 2575
4979 2 2 1 1 981 984 5454
4980 2 2 1 1 2389 2399 2497
4981 2 2 1 1 1386 1301 2131
4982 2 2 1 1 1733 1791 5515
4983 2 2 1 1 2097 2098 2099
4984 2 2 1 1 2121 2123 3414
4985 2 2 1 1 2134 2136 2137
4986 2 2 1 1 1536 1538 5308
4987 2 2 1 1 1985 1897 2047
4988 2 2 1 1 3595 2551 3596
4989 2 2 1 1 4110 3768 4111
4990 2 2 1 1 1433 1497 5606
4991 2 2 1 1 3011 3010 3276
4992 2 2 1 1 3300 3301 3302
4993 2 2 1 1 5009 5008 5010
4994 2 2 1 1 1994 1995 1996
4995 2 2 1 1 1533 2227 5283
4996 2 2 1 1 886 888 5360
4997 2 2 1 1 2161 3448 3449
4998 2 2 1 1 2967 2966 2968
4999 2 2 1 1 3190 3738 3740
5000 2 2 1 1 3508 3401 5888
5001 2 2 1 1 3631 3557 4688
5002 2 2 1 1 2015 2017 2048
5003 2 2 1 1 2653 3286 5058
5004 2 2 1 1 3552 3553 3554
5005 2 2 1 1 6165 4046 6296
5006 2 2 1 1 2784 3372 3944
5007 2 2 1 1 2870 3876 3924
5008 2 2 1 1 2862 2861 3007
5009 2 2 1 1 1642 1640 1752
5010 2 2 1 1 1847 3458 5579
5011 2 2 1 1 2691 2694 5939
5012 2 2 1 1 1935 1937 2049
5013 2 2 1 1 1295 1281 5105
5014 2 2 1 1 2009 2007 2010
5015 2 2 1 1 2425 2424 2429
5016 2 2 1 1 3241 2695 3242
5017 2 2 1 1 2892 3810 5164
5018 2 2 1 1 3270 3032 3639
5019 2 2 1 1 3974 3088 3975
5020 2 2 1 1 1357 2844 5381
5021 2 2 1 1 1954 2161 2162
5022 2 2 1 1 2141 2140 2142
5023 2 2 1 1 3710 3709 3711
5024 2 2 1 1 2087 2088 2089
5025 2 2 1 1 2177 2178 2185
5026 2 2 1 1 3221 3749 4042
5027 2 2 1 1 4822 3381 5274
5028 2 2 1 1 1778 2368 2369
5029 2 2 1 1 2034 2877 5925
5030 2 2 1 1 816 818 5331
5031 2 2 1 1 2597 2596 2977
5032 2 2 1 1 2959 4853 5021
5033 2 2 1 1 1283 1404 1444
5034 2 2 1 1 1882 1950 1957
5035 2 2 1 1 3052 3051 4578
5036 2 2 1 1 3142 3141 3160
5037 2 2 1 1 3277 3276 4370
5038 2 2 1 1 2019 2021 2443
5039 2 2 1 1 1975 2587 5222
5040 2 2 1 1 2053 3311 3312
5041 2 2 1 1 2600 2939 2940
5042 2 2 1 1 4501 4502 4503
5043 2 2 1 1 1300 1303 4668
5044 2 2 1 1 3218 3193 3739
5045 2 2 1 1 3342 4062 4064
5046 2 2 1 1 3561 4812 4813
5047 2 2 1 1 2147 2149 3288
5048 2 2 1 1 2147 3288 6064
5049 2 2 1 1 2304 2305 2482
5050 2 2 1 1 2007 2254 5708
5051 2 2 1 1 2665 2664 2906
5052 2 2 1 1 2777 2776 2778
5053 2 2 1 1 2688 2684 3107
5054 2 2 1 1 2648 3572 6047
5055 2 2 1 1 2870 3100 3876
5056 2 2 1 1 2933 2975 4877
5057 2 2 1 1 4569 3859 5393
5058 2 2 1 1 2402 1811 4816
5059 2 2 1 1 2042 1812 5087
5060 2 2 1 1 2091 2093 2120
5061 2 2 1 1 2097 2099 2108
5062 2 2 1 1 2101 2100 2102
5063 2 2 1 1 2177 2175 2178
5064 2 2 1 1 4299 4300 4301
5065 2 2 1 1 1573 1571 1604
5066 2 2 1 1 3828 3827 4331
5067 2 2 1 1 996 994 5408
5068 2 2 1 1 1948 1873 1949
5069 2 2 1 1 3327 3320 5333
5070 2 2 1 1 4930 4929 4931
5071 2 2 1 1 2569 1993 5955
5072 2 2 1 1 3226 3291 3801
5073 2 2 1 1 2732 2025 4675
5074 2 2 1 1 2902 3180 3395
5075 2 2 1 1 3066 3064 4893
5076 2 2 1 1 3713 3714 3715
5077 2 2 1 1 1707 1708 1709
5078 2 2 1 1 1593 1578 4897
5079 2 2 1 1 1750 3515 5704
5080 2 2 1 1 1778 2369 2370
5081 2 2 1 1 4885 3383 5378
5082 2 2 1 1 4484 4483 4486
5083 2 2 1 1 3978 3054 3979
5084 2 2 1 1 3086 3085 4004
5085 2 2 1 1 1323 1321 1403
5086 2 2 1 1 1896 1963 2036
5087 2 2 1 1 1957 3006 5612
5088 2 2 1 1 2154 2152 4577
5089 2 2 1 1 4004 3085 4395
5090 2 2 1 1 2131 1301 5332
5091 2 2 1 1 3502 3500 4739
5092 2 2 1 1 2348 2666 5036
5093 2 2 1 1 3258 3256 3659
5094 2 2 1 1 6144 3987 6180
5095 2 2 1 1 1558 5179 5483
5096 2 2 1 1 3239 2993 3240
5097 2 2 1 1 3097 3089 4710
5098 2 2 1 1 4850 3309 4851
5099 2 2 1 1 3315 3317 3344
5100 2 2 1 1 1966 1790 1967
5101 2 2 1 1 3336 3371 3817
5102 2 2 1 1 1185 1119 5767
5103 2 2 1 1 1167 1168 5140
5104 2 2 1 1 2037 2038 2039
5105 2 2 1 1 2808 2810 2811
5106 2 2 1 1 3072 3073 3075
5107 2 2 1 1 3554 3556 3680
5108 2 2 1 1 1907 1892 5382
5109 2 2 1 1 5210 5324 5912
5110 2 2 1 1 2593 5155 5156
5111 2 2 1 1 3189 3188 3190
5112 2 2 1 1 4543 3862 4545
5113 2 2 1 1 1044 1509 5277
5114 2 2 1 1 1613 1795 5753
5115 2 2 1 1 1932 1935 5090
5116 2 2 1 1 1366 1764 1765
5117 2 2 1 1 2472 2340 4601
5118 2 2 1 1 4074 3088 4967
5119 2 2 1 1 4518 4514 4519
5120 2 2 1 1 942 937 4991
5121 2 2 1 1 2112 2117 2118
5122 2 2 1 1 2341 2344 2345
5123 2 2 1 1 2969 2970 2972
5124 2 2 1 1 3775 3194 4097
5125 2 2 1 1 3402 3399 3405
5126 2 2 1 1 3892 3891 5026
5127 2 2 1 1 4416 4414 4418
5128 2 2 1 1 1947 1873 1948
5129 2 2 1 1 2552 2050 5057
5130 2 2 1 1 2981 2595 3174
5131 2 2 1 1 3477 5133 5219
5132 2 2 1 1 5546 876 5681
5133 2 2 1 1 2351 2349 2510
5134 2 2 1 1 2735 2736 3289
5135 2 2 1 1 1435 1327 4564
5136 2 2 1 1 3206 3205 3207
5137 2 2 1 1 2896 2670 3164
5138 2 2 1 1 3189 3190 3191
5139 2 2 1 1 3641 3341 3799
5140 2 2 1 1 4871 3889 4872
5141 2 2 1 1 1849 1900 5536
5142 2 2 1 1 3683 3673 3684
5143 2 2 1 1 1369 1356 5130
5144 2 2 1 1 1752 1640 5426
5145 2 2 1 1 3507 4683 4684
5146 2 2 1 1 4280 4279 4281
5147 2 2 1 1 5000 4999 5411
5148 2 2 1 1 887 885 5169
5149 2 2 1 1 1666 1668 1696
5150 2 2 1 1 4266 4071 4353
5151 2 2 1 1 3119 2577 4525
5152 2 2 1 1 2817 2818 2819
5153 2 2 1 1 3564 3373 4730
5154 2 2 1 1 1040 1042 5275
5155 2 2 1 1 1529 5283 5284
5156 2 2 1 1 1555 2064 5455
5157 2 2 1 1 3988 4009 4010
5158 2 2 1 1 5020 5722 5735
5159 2 2 1 1 1632 2054 2147
5160 2 2 1 1 4098 4099 4158
5161 2 2 1 1 4778 5303 5567
5162 2 2 1 1 1318 1316 1319
5163 2 2 1 1 1184 3384 5757
5164 2 2 1 1 2087 2089 2113
5165 2 2 1 1 2103 2105 5910
5166 2 2 1 1 2553 2552 3070
5167 2 2 1 1 2892 3809 3810
5168 2 2 1 1 4050 3378 4086
5169 2 2 1 1 1326 1328 6197
5170 2 2 1 1 1516 3891 3892
5171 2 2 1 1 1817 1815 1961
5172 2 2 1 1 1879 2050 2051
5173 2 2 1 1 2110 2111 2112
5174 2 2 1 1 2426 2427 2428
5175 2 2 1 1 2859 2817 5870
5176 2 2 1 1 2851 2853 3967
5177 2 2 1 1 3739 3193 5279
5178 2 2 1 1 3200 3776 4264
5179 2 2 1 1 2563 2565 4971
5180 2 2 1 1 2899 2781 3185
5181 2 2 1 1 3395 3782 3783
5182 2 2 1 1 2195 2193 3042
5183 2 2 1 1 1309 1308 1310
5184 2 2 1 1 2027 2025 2732
5185 2 2 1 1 2612 2168 5143
5186 2 2 1 1 2958 2956 4650
5187 2 2 1 1 921 922 5074
5188 2 2 1 1 1997 1996 1998
5189 2 2 1 1 2655 3981 3982
5190 2 2 1 1 2787 3124 3374
5191 2 2 1 1 3093 3650 3934
5192 2 2 1 1 3796 3139 3797
5193 2 2 1 1 3629 3628 4068
5194 2 2 1 1 4025 3632 4327
5195 2 2 1 1 4922 4923 4924
5196 2 2 1 1 3062 943 3063
5197 2 2 1 1 2158 2627 2858
5198 2 2 1 1 4438 4099 5510
5199 2 2 1 1 1422 1421 1423
5200 2 2 1 1 922 923 924
5201 2 2 1 1 1991 1992 2168
5202 2 2 1 1 4409 3013 6072
5203 2 2 1 1 3146 3021 3147
5204 2 2 1 1 4371 3726 4526
5205 2 2 1 1 2067 2065 5302
5206 2 2 1 1 1314 1315 1316
5207 2 2 1 1 3503 3502 3504
5208 2 2 1 1 1281 1279 1505
5209 2 2 1 1 2722 2723 2990
5210 2 2 1 1 3286 3287 3712
5211 2 2 1 1 2841 1457 5461
5212 2 2 1 1 2649 3034 3089
5213 2 2 1 1 2739 2741 2909
5214 2 2 1 1 3836 3253 5318
5215 2 2 1 1 2129 2128 4473
5216 2 2 1 1 3326 3325 3332
5217 2 2 1 1 3334 3335 3337
5218 2 2 1 1 4311 4313 4314
5219 2 2 1 1 1875 1884 1885
5220 2 2 1 1 4347 3259 4348
5221 2 2 1 1 1237 3468 5651
5222 2 2 1 1 2270 2268 5410
5223 2 2 1 1 3181 2985 3182
5224 2 2 1 1 3318 3316 3324
5225 2 2 1 1 1376 5374 5421
5226 2 2 1 1 1901 2434 5743
5227 2 2 1 1 5315 2904 5365
5228 2 2 1 1 3044 3161 3162
5229 2 2 1 1 3240 3852 3853
5230 2 2 1 1 1724 1723 1725
5231 2 2 1 1 804 2290 5220
5232 2 2 1 1 1692 1690 1693
5233 2 2 1 1 2220 2219 2222
5234 2 2 1 1 3144 2612 3145
5235 2 2 1 1 3006 3061 3263
5236 2 2 1 1 3395 3783 4733
5237 2 2 1 1 3547 3545 3561
5238 2 2 1 1 5450 5208 5648
5239 2 2 1 1 1481 1482 1483
5240 2 2 1 1 3060 1734 5431
5241 2 2 1 1 3899 3901 3902
5242 2 2 1 1 2482 2685 3847
5243 2 2 1 1 2872 3230 4011
5244 2 2 1 1 3326 3333 3334
5245 2 2 1 1 3400 3399 3402
5246 2 2 1 1 6952 6956 6964
5247 2 2 1 1 1935 1936 1937
5248 2 2 1 1 4159 4099 4438
5249 2 2 1 1 1564 1566 2638
5250 2 2 1 1 2348 2350 2666
5251 2 2 1 1 2504 2854 3017
5252 2 2 1 1 3412 3012 3843
5253 2 2 1 1 4823 4824 4825
5254 2 2 1 1 1410 1411 1412
5255 2 2 1 1 1458 1460 2540
5256 2 2 1 1 2500 2733 2735
5257 2 2 1 1 2861 2863 4955
5258 2 2 1 1 3058 3411 3785
5259 2 2 1 1 3072 3075 4594
5260 2 2 1 1 3449 3450 3451
5261 2 2 1 1 3910 3909 3911
5262 2 2 1 1 5097 5098 5992
5263 2 2 1 1 2419 879 5072
5264 2 2 1 1 2062 1869 2063
5265 2 2 1 1 3310 3309 4850
5266 2 2 1 1 3376 3377 3866
5267 2 2 1 1 994 3478 5408
5268 2 2 1 1 1529 5284 5384
5269 2 2 1 1 2760 2762 2763
5270 2 2 1 1 3323 3320 3327
5271 2 2 1 1 3495 3401 3508
5272 2 2 1 1 1649 1650 1651
5273 2 2 1 1 1715 1756 1757
5274 2 2 1 1 1981 1982 2590
5275 2 2 1 1 2715 2716 2717
5276 2 2 1 1 2366 2092 5550
5277 2 2 1 1 5352 2548 5596
5278 2 2 1 1 4583 3356 5306
5279 2 2 1 1 4951 4950 4952
5280 2 2 1 1 1672 1673 1674
5281 2 2 1 1 2917 3781 5113
5282 2 2 1 1 5066 5357 5555
5283 2 2 1 1 1112 1113 1114
5284 2 2 1 1 3479 3068 4591
5285 2 2 1 1 3290 3409 3410
5286 2 2 1 1 1623 1625 4581
5287 2 2 1 1 4287 4288 4396
5288 2 2 1 1 986 988 5777
5289 2 2 1 1 3810 4540 5164
5290 2 2 1 1 1096 1099 1152
5291 2 2 1 1 1578 1580 4897
5292 2 2 1 1 1720 2538 5121
5293 2 2 1 1 2077 2078 2079
5294 2 2 1 1 2348 2349 2350
5295 2 2 1 1 5327 2831 5582
5296 2 2 1 1 2864 5458 5459
5297 2 2 1 1 2630 2629 3014
5298 2 2 1 1 2772 2771 3020
5299 2 2 1 1 4099 4061 5510
5300 2 2 1 1 4839 4840 4841
5301 2 2 1 1 1011 1013 5328
5302 2 2 1 1 2783 1753 5743
5303 2 2 1 1 2259 2256 5542
5304 2 2 1 1 2284 2270 2285
5305 2 2 1 1 3089 3034 3487
5306 2 2 1 1 1099 1102 1103
5307 2 2 1 1 1592 1588 5776
5308 2 2 1 1 2966 2964 2973
5309 2 2 1 1 3062 3063 5526
5310 2 2 1 1 3930 3929 4713
5311 2 2 1 1 4607 4606 4609
5312 2 2 1 1 5521 5314 5522
5313 2 2 1 1 931 914 5157
5314 2 2 1 1 1289 1230 5657
5315 2 2 1 1 1973 1974 1975
5316 2 2 1 1 4049 3380 4820
5317 2 2 1 1 3504 3502 3510
5318 2 2 1 1 4508 4509 4510
5319 2 2 1 1 5186 5187 5188
5320 2 2 1 1 1964 3048 4942
5321 2 2 1 1 1300 1301 1302
5322 2 2 1 1 2079 2080 2081
5323 2 2 1 1 2103 2104 2105
5324 2 2 1 1 2196 2195 2197
5325 2 2 1 1 2521 2522 2523
5326 2 2 1 1 4821 4822 4823
5327 2 2 1 1 3309 3066 4893
5328 2 2 1 1 3252 3253 3836
5329 2 2 1 1 3418 4999 5000
5330 2 2 1 1 3904 3897 5351
5331 2 2 1 1 856 816 5331
5332 2 2 1 1 3023 2535 3024
5333 2 2 1 1 3719 3720 3723
5334 2 2 1 1 1826 1827 1828
5335 2 2 1 1 2966 2973 5246
5336 2 2 1 1 3223 3224 3225
5337 2 2 1 1 3586 3420 4531
5338 2 2 1 1 5596 3955 5765
5339 2 2 1 1 1492 1309 4696
5340 2 2 1 1 1426 1425 1427
5341 2 2 1 1 1824 1823 1825
5342 2 2 1 1 2142 2140 2301
5343 2 2 1 1 3380 3379 3381
5344 2 2 1 1 3648 3688 3689
5345 2 2 1 1 939 901 5088
5346 2 2 1 1 1121 1119 1185
5347 2 2 1 1 1564 1565 1566
5348 2 2 1 1 1840 1842 2488
5349 2 2 1 1 1962 1895 2411
5350 2 2 1 1 2636 2166 2637
5351 2 2 1 1 3392 3038 4654
5352 2 2 1 1 3770 3195 4115
5353 2 2 1 1 4086 4909 4910
5354 2 2 1 1 4108 4109 4133
5355 2 2 1 1 1182 1181 5757
5356 2 2 1 1 1715 1712 1721
5357 2 2 1 1 4776 4777 4779
5358 2 2 1 1 3908 3907 3909
5359 2 2 1 1 1396 1394 2422
5360 2 2 1 1 3257 4347 5902
5361 2 2 1 1 2616 3130 4595
5362 2 2 1 1 2655 3946 3981
5363 2 2 1 1 4830 4839 5470
5364 2 2 1 1 2004 2002 2005
5365 2 2 1 1 2163 2164 2165
5366 2 2 1 1 2298 2652 2653
5367 2 2 1 1 4834 4835 5166
5368 2 2 1 1 2198 2507 2508
5369 2 2 1 1 2951 2952 2953
5370 2 2 1 1 1324 1323 1325
5371 2 2 1 1 1526 1437 4728
5372 2 2 1 1 1812 1813 1814
5373 2 2 1 1 1822 1821 1823
5374 2 2 1 1 2770 2765 4948
5375 2 2 1 1 2787 3123 3124
5376 2 2 1 1 3292 3842 4373
5377 2 2 1 1 4572 4571 4573
5378 2 2 1 1 1396 2422 2423
5379 2 2 1 1 1701 1703 1713
5380 2 2 1 1 1713 1714 1753
5381 2 2 1 1 3580 3581 3582
5382 2 2 1 1 1757 1756 5873
5383 2 2 1 1 1861 1881 1910
5384 2 2 1 1 3093 3934 5172
5385 2 2 1 1 1011 1012 1013
5386 2 2 1 1 1484 5316 5319
5387 2 2 1 1 1666 1667 1668
5388 2 2 1 1 1677 1675 1678
5389 2 2 1 1 1826 1825 1827
5390 2 2 1 1 2348 2347 2349
5391 2 2 1 1 2934 3424 5525
5392 2 2 1 1 3889 3890 4593
5393 2 2 1 1 1279 1277 6129
5394 2 2 1 1 1416 1289 5657
5395 2 2 1 1 1730 1774 1964
5396 2 2 1 1 1089 1090 1091
5397 2 2 1 1 1558 1559 1560
5398 2 2 1 1 1615 1618 1619
5399 2 2 1 1 2502 2503 2696
5400 2 2 1 1 2739 2738 2740
5401 2 2 1 1 3410 3841 4639
5402 2 2 1 1 1425 1423 1956
5403 2 2 1 1 1608 1610 5144
5404 2 2 1 1 3895 2803 3896
5405 2 2 1 1 2887 2885 3734
5406 2 2 1 1 3290 3410 4639
5407 2 2 1 1 4639 3841 4640
5408 2 2 1 1 2650 797 5566
5409 2 2 1 1 1118 1119 1120
5410 2 2 1 1 2066 2068 2873
5411 2 2 1 1 2563 2508 2564
5412 2 2 1 1 3599 3600 3996
5413 2 2 1 1 1161 1160 1162
5414 2 2 1 1 1510 1431 1511
5415 2 2 1 1 1661 1662 1663
5416 2 2 1 1 1964 2987 3048
5417 2 2 1 1 2373 2374 2375
5418 2 2 1 1 2470 2982 2983
5419 2 2 1 1 2808 2807 2810
5420 2 2 1 1 2317 2316 2318
5421 2 2 1 1 1348 1349 1350
5422 2 2 1 1 2428 2613 2614
5423 2 2 1 1 2486 2693 2730
5424 2 2 1 1 875 873 879
5425 2 2 1 1 944 3846 4991
5426 2 2 1 1 1312 1311 1313
5427 2 2 1 1 2000 2002 2003
5428 2 2 1 1 2845 2057 3375
5429 2 2 1 1 2581 2579 2582
5430 2 2 1 1 2591 3131 3132
5431 2 2 1 1 1684 1682 1686
5432 2 2 1 1 911 910 912
5433 2 2 1 1 2516 2469 2517
5434 2 2 1 1 2717 2716 2718
5435 2 2 1 1 3018 3983 3984
5436 2 2 1 1 5172 3934 5174
5437 2 2 1 1 940 877 5355
5438 2 2 1 1 984 983 985
5439 2 2 1 1 1510 1759 2202
5440 2 2 1 1 1776 1720 1777
5441 2 2 1 1 3354 2748 3356
5442 2 2 1 1 3963 3202 4874
5443 2 2 1 1 1562 1563 1564
5444 2 2 1 1 2403 2509 5068
5445 2 2 1 1 2528 2526 2938
5446 2 2 1 1 1632 1633 2054
5447 2 2 1 1 1809 1807 1913
5448 2 2 1 1 1981 2590 2591
5449 2 2 1 1 5652 3965 5653
5450 2 2 1 1 4959 4960 4961
5451 2 2 1 1 1426 1428 1506
5452 2 2 1 1 1587 1585 2236
5453 2 2 1 1 3673 5905 5963
5454 2 2 1 1 1487 1488 1489
5455 2 2 1 1 1688 2291 2577
5456 2 2 1 1 1729 1727 2059
5457 2 2 1 1 2066 2065 2067
5458 2 2 1 1 2138 2135 2139
5459 2 2 1 1 2580 2581 2615
5460 2 2 1 1 2975 3197 3360
5461 2 2 1 1 4450 4449 4670
5462 2 2 1 1 2062 3760 4041
5463 2 2 1 1 2951 3604 5239
5464 2 2 1 1 2961 2963 3622
5465 2 2 1 1 858 833 5398
5466 2 2 1 1 927 921 928
5467 2 2 1 1 2529 2528 2530
5468 2 2 1 1 3754 3425 3755
5469 2 2 1 1 3645 3606 3646
5470 2 2 1 1 1657 1658 1659
5471 2 2 1 1 1816 1815 1817
5472 2 2 1 1 4460 3538 4750
5473 2 2 1 1 1578 1577 1579
5474 2 2 1 1 2759 2760 2761
5475 2 2 1 1 3812 3811 4183
5476 2 2 1 1 4505 3865 4506
5477 2 2 1 1 2822 5383 5786
5478 2 2 1 1 1981 1980 1982
5479 2 2 1 1 2454 2130 4918
5480 2 2 1 1 2315 2314 2316
5481 2 2 1 1 3785 3786 4106
5482 2 2 1 1 1694 1697 1698
5483 2 2 1 1 4970 2253 5382
5484 2 2 1 1 2784 3047 3372
5485 2 2 1 1 3124 3743 3744
5486 2 2 1 1 3287 3675 4012
5487 2 2 1 1 3336 3327 3371
5488 2 2 1 1 1292 5263 5645
5489 2 2 1 1 1720 1477 2538
5490 2 2 1 1 1688 1662 2291
5491 2 2 1 1 1686 1682 5150
5492 2 2 1 1 1884 1883 5964
5493 2 2 1 1 2953 2954 2955
5494 2 2 1 1 1462 1463 1464
5495 2 2 1 1 1534 1535 1536
5496 2 2 1 1 2763 2762 2764
5497 2 2 1 1 4904 4905 4906
5498 2 2 1 1 2502 2696 3009
5499 2 2 1 1 2700 2702 3264
5500 2 2 1 1 3038 3039 3368
5501 2 2 1 1 3200 3219 3776
5502 2 2 1 1 3468 3864 4975
5503 2 2 1 1 4610 4607 4678
5504 2 2 1 1 4936 4996 5586
5505 2 2 1 1 1130 1131 1286
5506 2 2 1 1 1483 1484 1485
5507 2 2 1 1 1602 1601 1603
5508 2 2 1 1 4869 2576 6032
5509 2 2 1 1 4329 3833 4366
5510 2 2 1 1 1269 1275 1276
5511 2 2 1 1 1633 1634 1635
5512 2 2 1 1 1940 2360 2361
5513 2 2 1 1 3896 3905 5386
5514 2 2 1 1 1635 1699 6021
5515 2 2 1 1 2567 2462 2629
5516 2 2 1 1 5224 5227 5666
5517 2 2 1 1 1009 1011 2206
5518 2 2 1 1 2208 1037 5272
5519 2 2 1 1 1059 1057 1400
5520 2 2 1 1 1096 1098 1099
5521 2 2 1 1 1469 1467 1736
5522 2 2 1 1 1549 1550 1551
5523 2 2 1 1 1551 1552 5455
5524 2 2 1 1 1642 3534 5760
5525 2 2 1 1 5217 2822 5218
5526 2 2 1 1 3059 3657 3658
5527 2 2 1 1 3089 3487 3630
5528 2 2 1 1 3279 3269 3851
5529 2 2 1 1 3365 3364 3366
5530 2 2 1 1 3683 3684 3685
5531 2 2 1 1 3912 3911 3913
5532 2 2 1 1 4956 4957 4958
5533 2 2 1 1 5007 5005 5008
5534 2 2 1 1 800 802 851
5535 2 2 1 1 1291 3362 5477
5536 2 2 1 1 1393 1394 1395
5537 2 2 1 1 5051 1746 5217
5538 2 2 1 1 2765 2764 2766
5539 2 2 1 1 2892 3808 3809
5540 2 2 1 1 3363 3364 3365
5541 2 2 1 1 906 908 909
5542 2 2 1 1 1861 1910 5896
5543 2 2 1 1 2001 1999 2052
5544 2 2 1 1 2060 2253 2747
5545 2 2 1 1 2257 5282 5343
5546 2 2 1 1 2636 2637 5615
5547 2 2 1 1 2834 2636 3032
5548 2 2 1 1 2766 2764 2774
5549 2 2 1 1 3087 2911 3088
5550 2 2 1 1 2923 2922 2924
5551 2 2 1 1 3357 3026 3358
5552 2 2 1 1 3160 3141 4598
5553 2 2 1 1 4297 4296 4298
5554 2 2 1 1 1832 1833 1834
5555 2 2 1 1 2708 2686 2709
5556 2 2 1 1 4633 4632 4634
5557 2 2 1 1 3548 3550 3662
5558 2 2 1 1 1725 1723 1727
5559 2 2 1 1 5700 3464 5865
5560 2 2 1 1 3929 4758 5189
5561 2 2 1 1 1148 1146 1149
5562 2 2 1 1 1399 5344 5431
5563 2 2 1 1 1710 1707 4705
5564 2 2 1 1 1856 1854 2215
5565 2 2 1 1 2039 2040 2041
5566 2 2 1 1 2144 2600 6145
5567 2 2 1 1 2474 2235 2475
5568 2 2 1 1 2517 2469 2518
5569 2 2 1 1 6023 4090 6165
5570 2 2 1 1 5119 5114 5120
5571 2 2 1 1 1692 1693 1694
5572 2 2 1 1 2379 2476 4699
5573 2 2 1 1 1662 1659 5809
5574 2 2 1 1 1877 1944 2617
5575 2 2 1 1 3899 3900 3901
5576 2 2 1 1 5012 5010 5013
5577 2 2 1 1 2405 1819 5871
5578 2 2 1 1 2112 2118 2498
5579 2 2 1 1 2702 2703 2704
5580 2 2 1 1 2730 3237 3887
5581 2 2 1 1 4828 4926 5294
5582 2 2 1 1 3779 4129 4131
5583 2 2 1 1 2132 2133 2134
5584 2 2 1 1 4633 4634 4635
5585 2 2 1 1 2625 1014 2626
5586 2 2 1 1 3430 1018 4405
5587 2 2 1 1 1218 1217 1219
5588 2 2 1 1 1407 1406 1408
5589 2 2 1 1 1448 1447 1449
5590 2 2 1 1 1579 1577 5960
5591 2 2 1 1 1641 1640 1642
5592 2 2 1 1 1910 2158 2159
5593 2 2 1 1 2403 2186 2509
5594 2 2 1 1 2385 2384 2386
5595 2 2 1 1 2824 2823 2825
5596 2 2 1 1 2882 2884 2936
5597 2 2 1 1 3097 4710 4711
5598 2 2 1 1 3449 3451 3452
5599 2 2 1 1 3725 3726 3727
5600 2 2 1 1 3898 3896 5386
5601 2 2 1 1 4415 4414 4416
5602 2 2 1 1 4830 4831 4832
5603 2 2 1 1 4830 4832 4839
5604 2 2 1 1 1971 1970 1972
5605 2 2 1 1 2191 1788 5051
5606 2 2 1 1 1808 1807 1809
5607 2 2 1 1 2329 2320 5182
5608 2 2 1 1 2743 3038 3392
5609 2 2 1 1 2959 2961 4853
5610 2 2 1 1 3548 3549 3550
5611 2 2 1 1 1136 1290 2172
5612 2 2 1 1 4032 1286 4915
5613 2 2 1 1 2201 1535 5100
5614 2 2 1 1 1954 2162 2163
5615 2 2 1 1 3442 2209 4916
5616 2 2 1 1 2477 2570 2727
5617 2 2 1 1 3418 2648 3419
5618 2 2 1 1 2770 4948 4980
5619 2 2 1 1 3637 3614 4008
5620 2 2 1 1 3362 1298 5112
5621 2 2 1 1 3058 3787 4921
5622 2 2 1 1 3268 4329 4330
5623 2 2 1 1 1791 1939 2155
5624 2 2 1 1 1992 1994 5142
5625 2 2 1 1 3083 2031 5453
5626 2 2 1 1 2183 2187 2188
5627 2 2 1 1 3125 3066 3126
5628 2 2 1 1 4835 4836 4837
5629 2 2 1 1 1016 3430 5328
5630 2 2 1 1 1336 1335 1337
5631 2 2 1 1 1753 1901 5743
5632 2 2 1 1 3081 1924 5309
5633 2 2 1 1 2105 2106 2107
5634 2 2 1 1 2248 2307 2308
5635 2 2 1 1 2333 2334 2335
5636 2 2 1 1 2697 2503 3532
5637 2 2 1 1 5222 2587 5223
5638 2 2 1 1 2750 2824 5962
5639 2 2 1 1 2929 2930 2931
5640 2 2 1 1 3008 3415 3416
5641 2 2 1 1 3230 3229 3831
5642 2 2 1 1 6209 3540 6273
5643 2 2 1 1 2456 2285 2466
5644 2 2 1 1 2878 3469 3531
5645 2 2 1 1 5249 3069 5922
5646 2 2 1 1 5632 5163 5649
5647 2 2 1 1 1654 1655 2061
5648 2 2 1 1 2151 2150 2152
5649 2 2 1 1 1227 1268 1269
5650 2 2 1 1 1745 1495 1746
5651 2 2 1 1 2121 1517 2122
5652 2 2 1 1 1795 1930 1931
5653 2 2 1 1 1834 1835 1836
5654 2 2 1 1 2375 2374 2376
5655 2 2 1 1 2698 2697 2699
5656 2 2 1 1 5209 2847 5210
5657 2 2 1 1 2975 2976 3197
5658 2 2 1 1 968 940 2233
5659 2 2 1 1 1143 1144 1145
5660 2 2 1 1 1187 1189 1190
5661 2 2 1 1 4821 4823 4842
5662 2 2 1 1 3063 943 3064
5663 2 2 1 1 1276 1277 1278
5664 2 2 1 1 1734 1453 5431
5665 2 2 1 1 1739 1476 5160
5666 2 2 1 1 2225 2539 2547
5667 2 2 1 1 2341 2345 2346
5668 2 2 1 1 2659 2658 2660
5669 2 2 1 1 5628 4886 6020
5670 2 2 1 1 1232 1234 5096
5671 2 2 1 1 4616 4615 4617
5672 2 2 1 1 1994 1996 1997
5673 2 2 1 1 2865 2867 2869
5674 2 2 1 1 3075 3076 3941
5675 2 2 1 1 3312 3311 3313
5676 2 2 1 1 1078 1079 1080
5677 2 2 1 1 1103 1104 1105
5678 2 2 1 1 1164 1162 3069
5679 2 2 1 1 2225 1512 2539
5680 2 2 1 1 1857 1856 1858
5681 2 2 1 1 1214 1211 2646
5682 2 2 1 1 1361 1362 1363
5683 2 2 1 1 2793 1772 2794
5684 2 2 1 1 2698 2700 5232
5685 2 2 1 1 2959 2958 2960
5686 2 2 1 1 3020 3028 3860
5687 2 2 1 1 5265 5266 5352
5688 2 2 1 1 1178 1181 1182
5689 2 2 1 1 3986 3984 3987
5690 2 2 1 1 2196 2197 2198
5691 2 2 1 1 2339 4515 4524
5692 2 2 1 1 3033 3032 3270
5693 2 2 1 1 3729 3730 3731
5694 2 2 1 1 818 2421 5331
5695 2 2 1 1 1529 1528 1530
5696 2 2 1 1 1988 1990 1991
5697 2 2 1 1 2154 4577 6333
5698 2 2 1 1 2180 2179 2181
5699 2 2 1 1 2182 2181 2183
5700 2 2 1 1 3289 2736 3290
5701 2 2 1 1 1424 1423 1425
5702 2 2 1 1 2000 1999 2001
5703 2 2 1 1 2274 2273 2275
5704 2 2 1 1 2308 2309 2310
5705 2 2 1 1 4970 5382 5842
5706 2 2 1 1 911 913 930
5707 2 2 1 1 937 938 944
5708 2 2 1 1 1681 1682 1683
5709 2 2 1 1 2324 2326 2339
5710 2 2 1 1 4645 2433 5449
5711 2 2 1 1 2562 2508 2563
5712 2 2 1 1 2980 2595 2981
5713 2 2 1 1 3356 2748 3527
5714 2 2 1 1 2999 3598 4356
5715 2 2 1 1 1932 1934 1935
5716 2 2 1 1 2371 2369 2372
5717 2 2 1 1 3921 3281 3922
5718 2 2 1 1 967 966 969
5719 2 2 1 1 1187 1186 1189
5720 2 2 1 1 1576 1577 1578
5721 2 2 1 1 1645 1647 1700
5722 2 2 1 1 2485 2573 2574
5723 2 2 1 1 3080 3228 5968
5724 2 2 1 1 3135 3768 4110
5725 2 2 1 1 3472 3471 3997
5726 2 2 1 1 881 879 2419
5727 2 2 1 1 1270 1271 1293
5728 2 2 1 1 2517 2519 2536
5729 2 2 1 1 3779 4132 5155
5730 2 2 1 1 6959 6957 6961
5731 2 2 1 1 1615 1619 1620
5732 2 2 1 1 2250 2251 2671
5733 2 2 1 1 4029 3732 4030
5734 2 2 1 1 984 986 2240
5735 2 2 1 1 1299 1296 1300
5736 2 2 1 1 1334 1335 1336
5737 2 2 1 1 1747 1500 5066
5738 2 2 1 1 1521 1870 1872
5739 2 2 1 1 1691 3589 5882
5740 2 2 1 1 1813 1811 2402
5741 2 2 1 1 2105 2107 2109
5742 2 2 1 1 2132 2131 2133
5743 2 2 1 1 2553 3071 3072
5744 2 2 1 1 2785 2786 2787
5745 2 2 1 1 2830 3094 3095
5746 2 2 1 1 3112 3695 3696
5747 2 2 1 1 3369 5106 5107
5748 2 2 1 1 5490 5491 5493
5749 2 2 1 1 946 887 5169
5750 2 2 1 1 1013 1015 1016
5751 2 2 1 1 2088 2086 5740
5752 2 2 1 1 1257 1258 1259
5753 2 2 1 1 1810 1809 1811
5754 2 2 1 1 2285 5410 5411
5755 2 2 1 1 2414 2415 2416
5756 2 2 1 1 2613 2669 2673
5757 2 2 1 1 3825 3161 6074
5758 2 2 1 1 817 815 2205
5759 2 2 1 1 984 985 986
5760 2 2 1 1 1713 2783 4864
5761 2 2 1 1 1955 1891 2640
5762 2 2 1 1 2977 2596 3036
5763 2 2 1 1 1804 1805 1806
5764 2 2 1 1 2143 2468 2469
5765 2 2 1 1 2727 3108 3274
5766 2 2 1 1 3797 3139 3798
5767 2 2 1 1 3143 3144 4580
5768 2 2 1 1 3451 3450 3453
5769 2 2 1 1 1441 1454 1755
5770 2 2 1 1 1488 1904 1905
5771 2 2 1 1 2295 2728 2729
5772 2 2 1 1 2392 2391 2393
5773 2 2 1 1 3273 3829 4286
5774 2 2 1 1 1046 1048 5844
5775 2 2 1 1 1555 1599 2064
5776 2 2 1 1 1572 1571 1573
5777 2 2 1 1 1908 1941 2478
5778 2 2 1 1 1978 1976 2635
5779 2 2 1 1 1998 1996 1999
5780 2 2 1 1 2083 2082 2084
5781 2 2 1 1 2594 2595 2980
5782 2 2 1 1 4608 4610 4615
5783 2 2 1 1 4986 4985 4988
5784 2 2 1 1 5421 5374 5473
5785 2 2 1 1 1951 1881 5641
5786 2 2 1 1 2192 2193 2194
5787 2 2 1 1 2840 3570 3571
5788 2 2 1 1 3227 4070 4071
5789 2 2 1 1 3786 5643 5823
5790 2 2 1 1 1310 1308 1311
5791 2 2 1 1 2645 1574 5291
5792 2 2 1 1 2643 2031 3083
5793 2 2 1 1 2189 2186 2403
5794 2 2 1 1 2287 2266 2288
5795 2 2 1 1 2710 2686 5199
5796 2 2 1 1 790 791 792
5797 2 2 1 1 915 917 2828
5798 2 2 1 1 2001 3578 5822
5799 2 2 1 1 2150 2148 4769
5800 2 2 1 1 2660 2658 2889
5801 2 2 1 1 3300 3302 3303
5802 2 2 1 1 3350 3348 4357
5803 2 2 1 1 3977 3054 3978
5804 2 2 1 1 1215 5281 5414
5805 2 2 1 1 1430 1431 1510
5806 2 2 1 1 1620 1619 1621
5807 2 2 1 1 1626 1624 1751
5808 2 2 1 1 2008 4701 6337
5809 2 2 1 1 2192 2191 2193
5810 2 2 1 1 2248 2308 4978
5811 2 2 1 1 2729 3244 3245
5812 2 2 1 1 2816 2817 2859
5813 2 2 1 1 2902 2901 3170
5814 2 2 1 1 3258 3690 4697
5815 2 2 1 1 6952 5694 6953
5816 2 2 1 1 1441 1442 1454
5817 2 2 1 1 1828 1830 2043
5818 2 2 1 1 2216 2217 2218
5819 2 2 1 1 1342 1341 1343
5820 2 2 1 1 1490 1491 1519
5821 2 2 1 1 1896 1895 1962
5822 2 2 1 1 3057 2288 5547
5823 2 2 1 1 3605 3160 3606
5824 2 2 1 1 3191 3190 4817
5825 2 2 1 1 3489 3475 4679
5826 2 2 1 1 1091 1094 2406
5827 2 2 1 1 1168 1191 1192
5828 2 2 1 1 1426 1427 1428
5829 2 2 1 1 2176 2175 2177
5830 2 2 1 1 2941 2942 2943
5831 2 2 1 1 4711 4710 5175
5832 2 2 1 1 4837 4836 4843
5833 2 2 1 1 846 5017 5018
5834 2 2 1 1 1283 1230 1289
5835 2 2 1 1 1639 1640 1641
5836 2 2 1 1 5185 1716 5186
5837 2 2 1 1 2004 2008 5321
5838 2 2 1 1 2192 2194 2559
5839 2 2 1 1 2523 2522 5756
5840 2 2 1 1 3199 2672 3201
5841 2 2 1 1 2917 2918 2919
5842 2 2 1 1 4361 3074 4363
5843 2 2 1 1 3300 3299 3301
5844 2 2 1 1 4549 4552 6032
5845 2 2 1 1 937 935 938
5846 2 2 1 1 1165 1167 1198
5847 2 2 1 1 1173 1171 2245
5848 2 2 1 1 1392 1391 1501
5849 2 2 1 1 1472 1473 1474
5850 2 2 1 1 1855 1854 1856
5851 2 2 1 1 2232 2231 4390
5852 2 2 1 1 3148 3021 4801
5853 2 2 1 1 3366 3364 3427
5854 2 2 1 1 1004 1188 5362
5855 2 2 1 1 892 894 5231
5856 2 2 1 1 1383 1294 1384
5857 2 2 1 1 1674 1673 1675
5858 2 2 1 1 2006 2007 2009
5859 2 2 1 1 5427 2279 5679
5860 2 2 1 1 2517 2518 2519
5861 2 2 1 1 1018 1017 1019
5862 2 2 1 1 5641 1881 5789
5863 2 2 1 1 2637 2166 3026
5864 2 2 1 1 2282 2286 2450
5865 2 2 1 1 4932 4930 4933
5866 2 2 1 1 1244 1243 1245
5867 2 2 1 1 1307 1306 1308
5868 2 2 1 1 1664 1665 1666
5869 2 2 1 1 1675 1673 1676
5870 2 2 1 1 1943 1985 2032
5871 2 2 1 1 3910 3911 3912
5872 2 2 1 1 874 873 875
5873 2 2 1 1 1685 1689 1690
5874 2 2 1 1 1691 1690 1692
5875 2 2 1 1 2265 2648 3418
5876 2 2 1 1 2385 2470 5093
5877 2 2 1 1 2981 3175 3176
5878 2 2 1 1 993 994 995
5879 2 2 1 1 1770 1769 1771
5880 2 2 1 1 1939 1940 5387
5881 2 2 1 1 2851 2852 2853
5882 2 2 1 1 1202 1206 2170
5883 2 2 1 1 1501 1502 1524
5884 2 2 1 1 2143 2469 2516
5885 2 2 1 1 2745 2312 2746
5886 2 2 1 1 2392 2393 2480
5887 2 2 1 1 2717 2719 2722
5888 2 2 1 1 965 963 966
5889 2 2 1 1 2227 2228 2229
5890 2 2 1 1 2521 2523 2524
5891 2 2 1 1 2547 3067 3386
5892 2 2 1 1 2799 2801 2802
5893 2 2 1 1 3671 3669 5474
5894 2 2 1 1 1110 1112 1150
5895 2 2 1 1 2750 1519 2823
5896 2 2 1 1 1825 1823 1960
5897 2 2 1 1 1853 1851 1854
5898 2 2 1 1 1905 1904 1983
5899 2 2 1 1 2094 2092 2366
5900 2 2 1 1 3200 3199 3219
5901 2 2 1 1 3476 3489 3490
5902 2 2 1 1 4834 4833 4835
5903 2 2 1 1 1082 1084 1085
5904 2 2 1 1 1194 1193 1197
5905 2 2 1 1 1356 1357 1358
5906 2 2 1 1 1479 1481 5077
5907 2 2 1 1 898 899 900
5908 2 2 1 1 1216 1221 1227
5909 2 2 1 1 1250 1249 1251
5910 2 2 1 1 1350 1349 1351
5911 2 2 1 1 1706 1710 1918
5912 2 2 1 1 1860 1858 1953
5913 2 2 1 1 1889 1887 2226
5914 2 2 1 1 1977 1976 1978
5915 2 2 1 1 2266 2267 5547
5916 2 2 1 1 2327 2342 2343
5917 2 2 1 1 2450 2901 2902
5918 2 2 1 1 3591 3307 3592
5919 2 2 1 1 3558 3557 3631
5920 2 2 1 1 4330 4329 4358
5921 2 2 1 1 1846 935 4985
5922 2 2 1 1 1518 1500 1747
5923 2 2 1 1 2198 2508 2562
5924 2 2 1 1 2285 2270 5410
5925 2 2 1 1 2829 983 5314
5926 2 2 1 1 1024 1023 1025
5927 2 2 1 1 1071 1288 5353
5928 2 2 1 1 1172 1171 1173
5929 2 2 1 1 1417 1430 1760
5930 2 2 1 1 1460 1461 1462
5931 2 2 1 1 1898 1874 2432
5932 2 2 1 1 1886 1887 1888
5933 2 2 1 1 2072 2070 3421
5934 2 2 1 1 2833 2456 5163
5935 2 2 1 1 2597 3141 3142
5936 2 2 1 1 3279 3851 4492
5937 2 2 1 1 945 938 5687
5938 2 2 1 1 1219 1217 1222
5939 2 2 1 1 1365 1366 1367
5940 2 2 1 1 1742 1882 2541
5941 2 2 1 1 1853 1854 1855
5942 2 2 1 1 1910 1881 1951
5943 2 2 1 1 1991 1990 1992
5944 2 2 1 1 2434 2609 4553
5945 2 2 1 1 1032 1031 1033
5946 2 2 1 1 1042 1041 1043
5947 2 2 1 1 1472 1471 1473
5948 2 2 1 1 3002 1949 3005
5949 2 2 1 1 2759 2758 2760
5950 2 2 1 1 3552 4861 5256
5951 2 2 1 1 3580 3582 3610
5952 2 2 1 1 1745 1787 5191
5953 2 2 1 1 3861 3028 3862
5954 2 2 1 1 3476 3475 3489
5955 2 2 1 1 4554 5133 5744
5956 2 2 1 1 1698 1701 1702
5957 2 2 1 1 1802 1801 1803
5958 2 2 1 1 2257 2258 5208
5959 2 2 1 1 2267 2268 2269
5960 2 2 1 1 2715 2714 2716
5961 2 2 1 1 3126 3066 3309
5962 2 2 1 1 1039 2208 5336
5963 2 2 1 1 1287 1089 5177
5964 2 2 1 1 1133 1134 1135
5965 2 2 1 1 1143 1141 1144
5966 2 2 1 1 1215 1214 1217
5967 2 2 1 1 1293 1271 1294
5968 2 2 1 1 1444 1404 1445
5969 2 2 1 1 1661 1663 1664
5970 2 2 1 1 1906 1892 1907
5971 2 2 1 1 5004 5005 5007
5972 2 2 1 1 6953 5694 7200
5973 2 2 1 1 1892 1891 1955
5974 2 2 1 1 1209 1026 2242
5975 2 2 1 1 4353 4071 4354
5976 2 2 1 1 5262 5258 5263
5977 2 2 1 1 825 824 826
5978 2 2 1 1 883 882 884
5979 2 2 1 1 888 890 933
5980 2 2 1 1 1181 1183 1184
5981 2 2 1 1 1242 1243 1244
5982 2 2 1 1 1293 1294 1383
5983 2 2 1 1 1314 1316 1317
5984 2 2 1 1 3228 2679 4976
5985 2 2 1 1 3525 3435 4435
5986 2 2 1 1 3960 3637 3961
5987 2 2 1 1 5093 5094 5478
5988 2 2 1 1 1176 1177 1178
5989 2 2 1 1 1476 1475 1478
5990 2 2 1 1 1487 1489 1490
5991 2 2 1 1 1552 1555 5455
5992 2 2 1 1 2754 2798 2799
5993 2 2 1 1 1087 1089 1287
5994 2 2 1 1 1194 1197 5031
5995 2 2 1 1 1393 1392 1394
5996 2 2 1 1 1395 1394 1396
5997 2 2 1 1 2064 1599 2065
5998 2 2 1 1 2911 2667 2974
5999 2 2 1 1 3093 3619 3650
6000 2 2 1 1 3356 3528 5306
6001 2 2 1 1 1732 1453 1733
6002 2 2 1 1 1552 1554 1555
6003 2 2 1 1 1995 3283 4664
6004 2 2 1 1 3556 3557 3558
6005 2 2 1 1 2206 1011 5328
6006 2 2 1 1 1030 1029 1031
6007 2 2 1 1 2238 1053 5420
6008 2 2 1 1 1074 1075 1076
6009 2 2 1 1 1231 1232 1285
6010 2 2 1 1 1315 1762 2784
6011 2 2 1 1 1436 1437 1526
6012 2 2 1 1 2097 2096 2098
6013 2 2 1 1 2482 2483 2685
6014 2 2 1 1 2549 2679 3080
6015 2 2 1 1 3460 3461 3462
6016 2 2 1 1 4570 4572 5181
6017 2 2 1 1 1679 1678 1680
6018 2 2 1 1 3182 2985 3437
6019 2 2 1 1 1390 1456 1457
6020 2 2 1 1 1562 1561 1563
6021 2 2 1 1 1857 1858 1859
6022 2 2 1 1 2862 3008 3638
6023 2 2 1 1 3154 2971 3155
6024 2 2 1 1 3528 3529 4805
6025 2 2 1 1 4089 4057 4090
6026 2 2 1 1 5488 5490 5733
6027 2 2 1 1 1212 1211 1214
6028 2 2 1 1 1466 1467 1468
6029 2 2 1 1 1780 1781 1796
6030 2 2 1 1 2500 2115 2733
6031 2 2 1 1 2328 2329 2331
6032 2 2 1 1 2796 3401 3494
6033 2 2 1 1 3649 3074 4361
6034 2 2 1 1 3717 3716 3718
6035 2 2 1 1 3895 3897 3904
6036 2 2 1 1 4079 4085 4238
6037 2 2 1 1 949 948 950
6038 2 2 1 1 1360 1361 2200
6039 2 2 1 1 1975 1974 1976
6040 2 2 1 1 2949 3770 6311
6041 2 2 1 1 1332 1331 1333
6042 2 2 1 1 3181 3182 3220
6043 2 2 1 1 3189 3191 3192
6044 2 2 1 1 4785 4784 4786
6045 2 2 1 1 4830 4829 4831
6046 2 2 1 1 5022 6148 6159
6047 2 2 1 1 902 901 903
6048 2 2 1 1 1678 1675 5147
6049 2 2 1 1 2944 2904 2945
6050 2 2 1 1 3315 3314 3316
6051 2 2 1 1 846 801 5017
6052 2 2 1 1 1297 1285 3524
6053 2 2 1 1 1302 1301 1386
6054 2 2 1 1 1645 1643 1646
6055 2 2 1 1 5728 2453 5742
6056 2 2 1 1 3050 2640 3369
6057 2 2 1 1 2794 2796 2797
6058 2 2 1 1 2804 2805 2806
6059 2 2 1 1 2969 2968 2970
6060 2 2 1 1 3062 5526 6011
6061 2 2 1 1 3351 3353 4382
6062 2 2 1 1 3452 3880 4884
6063 2 2 1 1 5257 5258 5262
6064 2 2 1 1 2831 923 5582
6065 2 2 1 1 1139 1137 1140
6066 2 2 1 1 3091 2367 3092
6067 2 2 1 1 3226 3224 3291
6068 2 2 1 1 3501 3500 3502
6069 2 2 1 1 1028 1025 1029
6070 2 2 1 1 1160 1052 2207
6071 2 2 1 1 3097 4711 4712
6072 2 2 1 1 3178 3179 3183
6073 2 2 1 1 3207 3205 3777
6074 2 2 1 1 3721 3603 4035
6075 2 2 1 1 3957 4241 4242
6076 2 2 1 1 894 895 896
6077 2 2 1 1 1328 1330 1371
6078 2 2 1 1 1637 1636 1638
6079 2 2 1 1 1956 4886 5628
6080 2 2 1 1 3297 3166 4096
6081 2 2 1 1 3323 3327 3328
6082 2 2 1 1 5367 3511 5368
6083 2 2 1 1 5082 3918 5858
6084 2 2 1 1 1109 1106 2306
6085 2 2 1 1 1117 1115 2294
6086 2 2 1 1 792 791 793
6087 2 2 1 1 795 852 5566
6088 2 2 1 1 1080 1082 1108
6089 2 2 1 1 2959 2960 2961
6090 2 2 1 1 2979 3045 3046
6091 2 2 1 1 3515 3958 3959
6092 2 2 1 1 4107 3786 5823
6093 2 2 1 1 900 899 901
6094 2 2 1 1 981 983 984
6095 2 2 1 1 1225 991 1226
6096 2 2 1 1 1072 1071 1073
6097 2 2 1 1 1161 1162 1163
6098 2 2 1 1 1879 1284 1880
6099 2 2 1 1 1291 1285 1297
6100 2 2 1 1 1521 1515 1870
6101 2 2 1 1 1748 1747 1893
6102 2 2 1 1 1890 1889 1891
6103 2 2 1 1 1975 1977 2587
6104 2 2 1 1 2126 2128 2129
6105 2 2 1 1 2265 2259 2647
6106 2 2 1 1 2274 2447 5099
6107 2 2 1 1 2625 2626 3012
6108 2 2 1 1 3051 3050 3396
6109 2 2 1 1 3528 4806 5306
6110 2 2 1 1 3192 3193 3217
6111 2 2 1 1 1282 1281 1295
6112 2 2 1 1 1419 1517 2121
6113 2 2 1 1 2521 2520 2522
6114 2 2 1 1 2917 2919 3781
6115 2 2 1 1 853 794 5206
6116 2 2 1 1 1538 1539 1540
6117 2 2 1 1 1926 1916 2603
6118 2 2 1 1 1967 1968 1969
6119 2 2 1 1 2563 2564 2565
6120 2 2 1 1 2987 3134 3750
6121 2 2 1 1 5169 4969 5545
6122 2 2 1 1 880 882 883
6123 2 2 1 1 1145 1144 1146
6124 2 2 1 1 1378 1274 2212
6125 2 2 1 1 1584 1585 1586
6126 2 2 1 1 1637 1638 1639
6127 2 2 1 1 1750 1734 3060
6128 2 2 1 1 1814 1815 1816
6129 2 2 1 1 2905 2979 3793
6130 2 2 1 1 1713 1753 2783
6131 2 2 1 1 1766 1764 3569
6132 2 2 1 1 2953 2952 2954
6133 2 2 1 1 3633 3878 3879
6134 2 2 1 1 1056 1057 1058
6135 2 2 1 1 1062 1063 1064
6136 2 2 1 1 1161 1163 2788
6137 2 2 1 1 1378 2212 2213
6138 2 2 1 1 1910 1951 2158
6139 2 2 1 1 2159 2158 5152
6140 2 2 1 1 2856 2541 3609
6141 2 2 1 1 3097 4712 5035
6142 2 2 1 1 1068 1067 1069
6143 2 2 1 1 1190 1201 1202
6144 2 2 1 1 1580 1581 1582
6145 2 2 1 1 1621 1619 1622
6146 2 2 1 1 1704 1702 1705
6147 2 2 1 1 1750 3422 3515
6148 2 2 1 1 2229 2231 2232
6149 2 2 1 1 2289 2288 2604
6150 2 2 1 1 2689 2688 2690
6151 2 2 1 1 2821 3082 3382
6152 2 2 1 1 3773 3963 4078
6153 2 2 1 1 3796 3797 4120
6154 2 2 1 1 2155 2452 2512
6155 2 2 1 1 2877 2835 2878
6156 2 2 1 1 3220 3182 3766
6157 2 2 1 1 1229 1222 1230
6158 2 2 1 1 1657 1659 1660
6159 2 2 1 1 1744 1743 1784
6160 2 2 1 1 2435 2670 2896
6161 2 2 1 1 3163 4084 4117
6162 2 2 1 1 1938 5694 6952
6163 2 2 1 1 3896 2803 3905
6164 2 2 1 1 1157 1155 1158
6165 2 2 1 1 1179 1177 1180
6166 2 2 1 1 1338 1340 1370
6167 2 2 1 1 1346 1348 1373
6168 2 2 1 1 1453 1399 5431
6169 2 2 1 1 1485 1484 1486
6170 2 2 1 1 1503 1500 1518
6171 2 2 1 1 1570 1569 1571
6172 2 2 1 1 1621 1622 1623
6173 2 2 1 1 2983 3173 3521
6174 2 2 1 1 3100 3420 3586
6175 2 2 1 1 4301 4300 4302
6176 2 2 1 1 6956 6958 6963
6177 2 2 1 1 884 882 885
6178 2 2 1 1 1237 1925 3468
6179 2 2 1 1 1239 2642 3049
6180 2 2 1 1 1462 1461 1463
6181 2 2 1 1 1606 1608 1611
6182 2 2 1 1 2269 2268 2270
6183 2 2 1 1 3779 4131 4132
6184 2 2 1 1 4783 4784 4785
6185 2 2 1 1 800 801 802
6186 2 2 1 1 804 805 806
6187 2 2 1 1 976 977 978
6188 2 2 1 1 976 978 2156
6189 2 2 1 1 1116 1118 2410
6190 2 2 1 1 1178 1179 1181
6191 2 2 1 1 1481 1483 1761
6192 2 2 1 1 2819 2818 2846
6193 2 2 1 1 1515 1514 1516
6194 2 2 1 1 1583 1581 1591
6195 2 2 1 1 2065 1599 2792
6196 2 2 1 1 1769 1768 1778
6197 2 2 1 1 2134 2135 2136
6198 2 2 1 1 2289 2604 2605
6199 2 2 1 1 2319 2318 2320
6200 2 2 1 1 2813 2812 2814
6201 2 2 1 1 1671 1670 2204
6202 2 2 1 1 2116 2115 2500
6203 2 2 1 1 5106 2226 5107
6204 2 2 1 1 2423 2658 2659
6205 2 2 1 1 4793 4792 4795
6206 2 2 1 1 2242 1026 5101
6207 2 2 1 1 1543 1545 1716
6208 2 2 1 1 3135 3136 3768
6209 2 2 1 1 3620 3263 4420
6210 2 2 1 1 3762 3761 3763
6211 2 2 1 1 5259 5295 6122
6212 2 2 1 1 5927 5929 5930
6213 2 2 1 1 1080 1081 1082
6214 2 2 1 1 1163 1165 5667
6215 2 2 1 1 1234 1235 1236
6216 2 2 1 1 1549 1548 1550
6217 2 2 1 1 1551 1550 1552
6218 2 2 1 1 1802 1803 1804
6219 2 2 1 1 1879 1880 2050
6220 2 2 1 1 2258 2259 2260
6221 2 2 1 1 2339 2326 4515
6222 2 2 1 1 3604 2953 5647
6223 2 2 1 1 3221 3132 3749
6224 2 2 1 1 3212 3149 3213
6225 2 2 1 1 3206 3208 3994
6226 2 2 1 1 3539 3538 3563
6227 2 2 1 1 794 795 796
6228 2 2 1 1 897 898 932
6229 2 2 1 1 903 901 939
6230 2 2 1 1 905 904 906
6231 2 2 1 1 955 956 957
6232 2 2 1 1 1730 1731 1774
6233 2 2 1 1 2450 2286 2451
6234 2 2 1 1 2401 2556 6123
6235 2 2 1 1 3794 3793 4069
6236 2 2 1 1 1116 1115 1117
6237 2 2 1 1 1918 1710 1919
6238 2 2 1 1 1009 1010 1011
6239 2 2 1 1 1390 1457 1458
6240 2 2 1 1 3464 4124 5865
6241 2 2 1 1 1685 1690 1691
6242 2 2 1 1 1767 1769 1770
6243 2 2 1 1 2492 2153 3702
6244 2 2 1 1 2591 3132 3133
6245 2 2 1 1 4106 4107 4108
6246 2 2 1 1 796 798 2210
6247 2 2 1 1 1251 1249 5383
6248 2 2 1 1 2196 5848 5895
6249 2 2 1 1 2263 2262 2264
6250 2 2 1 1 2277 2275 2279
6251 2 2 1 1 2385 2386 2470
6252 2 2 1 1 3093 3091 3619
6253 2 2 1 1 1520 1491 1527
6254 2 2 1 1 2596 2060 5590
6255 2 2 1 1 2614 2613 4981
6256 2 2 1 1 5624 2833 5783
6257 2 2 1 1 888 889 890
6258 2 2 1 1 1138 1137 1139
6259 2 2 1 1 1488 1905 5062
6260 2 2 1 1 1795 1929 1930
6261 2 2 1 1 1822 1823 1824
6262 2 2 1 1 3082 3068 3479
6263 2 2 1 1 1273 1265 1274
6264 2 2 1 1 1280 1279 1281
6265 2 2 1 1 1298 1389 1390
6266 2 2 1 1 1383 1384 1419
6267 2 2 1 1 1423 1421 5366
6268 2 2 1 1 1651 1650 1652
6269 2 2 1 1 1788 1746 5051
6270 2 2 1 1 1959 1788 2191
6271 2 2 1 1 2062 2063 3760
6272 2 2 1 1 2152 2153 2492
6273 2 2 1 1 2738 2601 3040
6274 2 2 1 1 2649 2634 3034
6275 2 2 1 1 2743 2744 3038
6276 2 2 1 1 3762 3763 6624
6277 2 2 1 1 4803 5445 5685
6278 2 2 1 1 2383 1893 3055
6279 2 2 1 1 2470 2471 2982
6280 2 2 1 1 969 966 2463
6281 2 2 1 1 1128 1126 2209
6282 2 2 1 1 1406 1196 2249
6283 2 2 1 1 1354 1355 1356
6284 2 2 1 1 1523 1722 1723
6285 2 2 1 1 1541 1540 1542
6286 2 2 1 1 1654 1653 1655
6287 2 2 1 1 1797 1799 1800
6288 2 2 1 1 1978 2635 5016
6289 2 2 1 1 2100 2098 2558
6290 2 2 1 1 2229 2228 2230
6291 2 2 1 1 1586 1585 1587
6292 2 2 1 1 2155 1939 2452
6293 2 2 1 1 5404 2544 5579
6294 2 2 1 1 2871 2846 3599
6295 2 2 1 1 3386 3067 3953
6296 2 2 1 1 4593 3890 4753
6297 2 2 1 1 880 879 881
6298 2 2 1 1 1004 1002 1188
6299 2 2 1 1 1005 1007 1224
6300 2 2 1 1 1022 1023 1024
6301 2 2 1 1 1405 1196 1406
6302 2 2 1 1 1225 1226 1231
6303 2 2 1 1 1672 1671 1673
6304 2 2 1 1 1681 1683 2302
6305 2 2 1 1 2077 2079 5568
6306 2 2 1 1 2155 2512 3394
6307 2 2 1 1 2322 2321 2323
6308 2 2 1 1 2531 2533 5938
6309 2 2 1 1 3312 3314 3315
6310 2 2 1 1 4805 3529 4807
6311 2 2 1 1 5957 3968 5989
6312 2 2 1 1 839 840 841
6313 2 2 1 1 876 877 878
6314 2 2 1 1 1356 1355 1357
6315 2 2 1 1 1761 1483 5270
6316 2 2 1 1 1735 1734 1750
6317 2 2 1 1 1960 1823 5071
6318 2 2 1 1 1834 1833 1835
6319 2 2 1 1 1865 1866 1867
6320 2 2 1 1 1885 1884 1886
6321 2 2 1 1 1964 1965 2987
6322 2 2 1 1 2239 5569 5570
6323 2 2 1 1 2310 2312 2745
6324 2 2 1 1 2504 2344 2854
6325 2 2 1 1 2562 2563 3098
6326 2 2 1 1 2799 2798 2800
6327 2 2 1 1 2801 2800 2804
6328 2 2 1 1 2961 2962 2963
6329 2 2 1 1 3486 3037 3872
6330 2 2 1 1 1789 1525 1790
6331 2 2 1 1 5727 2453 5728
6332 2 2 1 1 872 873 874
6333 2 2 1 1 1112 1111 1113
6334 2 2 1 1 1168 1192 5509
6335 2 2 1 1 1192 1194 1195
6336 2 2 1 1 2646 1211 5250
6337 2 2 1 1 1468 1467 1469
6338 2 2 1 1 1494 1493 1522
6339 2 2 1 1 1574 1573 1575
6340 2 2 1 1 1931 1930 1932
6341 2 2 1 1 2064 2065 2066
6342 2 2 1 1 2351 2510 5292
6343 2 2 1 1 958 956 971
6344 2 2 1 1 968 2233 2234
6345 2 2 1 1 980 981 982
6346 2 2 1 1 1232 1226 1233
6347 2 2 1 1 2293 1341 5059
6348 2 2 1 1 1433 1496 1497
6349 2 2 1 1 1941 1909 1942
6350 2 2 1 1 2085 2086 2087
6351 2 2 1 1 2604 2288 3057
6352 2 2 1 1 2712 2711 2713
6353 2 2 1 1 2767 2768 2769
6354 2 2 1 1 2794 2795 2796
6355 2 2 1 1 3001 3003 3838
6356 2 2 1 1 3599 3996 6126
6357 2 2 1 1 1273 1377 1398
6358 2 2 1 1 2265 2647 2648
6359 2 2 1 1 2379 2380 2476
6360 2 2 1 1 2434 2433 2608
6361 2 2 1 1 3176 3178 5508
6362 2 2 1 1 3340 3663 5334
6363 2 2 1 1 1038 1040 1204
6364 2 2 1 1 4979 1732 5515
6365 2 2 1 1 1778 2370 5781
6366 2 2 1 1 1847 1849 3458
6367 2 2 1 1 1892 1955 5382
6368 2 2 1 1 2282 2280 2286
6369 2 2 1 1 2333 2332 2334
6370 2 2 1 1 2902 3170 3180
6371 2 2 1 1 3282 4770 4771
6372 2 2 1 1 3552 3551 3553
6373 2 2 1 1 3941 5063 5782
6374 2 2 1 1 1091 1093 1094
6375 2 2 1 1 1110 1111 1112
6376 2 2 1 1 1123 1122 1124
6377 2 2 1 1 1470 1471 1472
6378 2 2 1 1 1993 1990 5955
6379 2 2 1 1 2051 2050 2552
6380 2 2 1 1 2069 2067 2070
6381 2 2 1 1 2071 2070 2072
6382 2 2 1 1 3079 2642 3433
6383 2 2 1 1 3262 4334 4335
6384 2 2 1 1 3363 3365 4892
6385 2 2 1 1 2539 5533 6009
6386 2 2 1 1 2965 2964 2966
6387 2 2 1 1 1114 1113 1115
6388 2 2 1 1 1227 1228 1268
6389 2 2 1 1 1255 1254 1256
6390 2 2 1 1 1294 1271 3511
6391 2 2 1 1 1685 1684 1689
6392 2 2 1 1 829 828 830
6393 2 2 1 1 831 830 832
6394 2 2 1 1 1533 1924 2227
6395 2 2 1 1 2076 2074 2077
6396 2 2 1 1 2266 2264 2267
6397 2 2 1 1 2560 2384 5296
6398 2 2 1 1 2799 2802 5468
6399 2 2 1 1 2934 2932 3383
6400 2 2 1 1 997 996 998
6401 2 2 1 1 1009 1008 1010
6402 2 2 1 1 1039 1037 2208
6403 2 2 1 1 1843 1841 1915
6404 2 2 1 1 836 834 2633
6405 2 2 1 1 1190 1199 1201
6406 2 2 1 1 1397 1396 5204
6407 2 2 1 1 1415 1416 1417
6408 2 2 1 1 2109 2110 2119
6409 2 2 1 1 3217 3193 3218
6410 2 2 1 1 3465 3954 3955
6411 2 2 1 1 1259 1260 1261
6412 2 2 1 1 1261 1262 1264
6413 2 2 1 1 1412 1413 1414
6414 2 2 1 1 1448 1512 2225
6415 2 2 1 1 1462 1464 1845
6416 2 2 1 1 1537 1535 2201
6417 2 2 1 1 1541 1542 1543
6418 2 2 1 1 1543 1544 1545
6419 2 2 1 1 1545 1546 1547
6420 2 2 1 1 1711 1551 3928
6421 2 2 1 1 1791 1792 1939
6422 2 2 1 1 1795 1794 1929
6423 2 2 1 1 2174 2173 2175
6424 2 2 1 1 3409 2736 4857
6425 2 2 1 1 2860 2861 2862
6426 2 2 1 1 2867 2868 4865
6427 2 2 1 1 2926 3778 3779
6428 2 2 1 1 2931 2930 2932
6429 2 2 1 1 2933 2932 2934
6430 2 2 1 1 3522 3789 3790
6431 2 2 1 1 3525 4435 4665
6432 2 2 1 1 3899 3898 3900
6433 2 2 1 1 999 1000 1001
6434 2 2 1 1 1007 1008 1009
6435 2 2 1 1 1496 1495 1745
6436 2 2 1 1 1503 1749 1847
6437 2 2 1 1 1530 1528 1531
6438 2 2 1 1 5078 1761 5864
6439 2 2 1 1 2450 2451 2901
6440 2 2 1 1 922 924 3438
6441 2 2 1 1 988 990 992
6442 2 2 1 1 1775 1862 1863
6443 2 2 1 1 3760 2063 3761
6444 2 2 1 1 2213 2255 2256
6445 2 2 1 1 2257 2256 2258
6446 2 2 1 1 2335 2334 2336
6447 2 2 1 1 2340 2338 2341
6448 2 2 1 1 3501 3502 3503
6449 2 2 1 1 3718 3716 5633
6450 2 2 1 1 915 916 917
6451 2 2 1 1 917 918 919
6452 2 2 1 1 902 904 905
6453 2 2 1 1 941 940 968
6454 2 2 1 1 1087 1088 1089
6455 2 2 1 1 1192 1195 5509
6456 2 2 1 1 1476 1478 1479
6457 2 2 1 1 1479 1480 1481
6458 2 2 1 1 1905 1983 1984
6459 2 2 1 1 2164 2162 3035
6460 2 2 1 1 2583 2584 2585
6461 2 2 1 1 2630 3015 3016
6462 2 2 1 1 2814 2812 2820
6463 2 2 1 1 3043 2947 3044
6464 2 2 1 1 3155 4050 4051
6465 2 2 1 1 3612 3544 5780
6466 2 2 1 1 4316 4317 4318
6467 2 2 1 1 872 871 873
6468 2 2 1 1 950 948 2211
6469 2 2 1 1 1096 1152 5377
6470 2 2 1 1 1172 1176 2246
6471 2 2 1 1 1363 1365 1368
6472 2 2 1 1 2566 2462 2567
6473 2 2 1 1 2751 2752 2755
6474 2 2 1 1 2926 2927 3778
6475 2 2 1 1 3319 3318 3320
6476 2 2 1 1 3554 3553 3555
6477 2 2 1 1 3853 4383 4384
6478 2 2 1 1 955 954 956
6479 2 2 1 1 957 956 958
6480 2 2 1 1 1029 1025 2160
6481 2 2 1 1 1034 1036 2243
6482 2 2 1 1 1982 1980 2057
6483 2 2 1 1 2077 2074 2078
6484 2 2 1 1 2974 3485 3826
6485 2 2 1 1 826 824 827
6486 2 2 1 1 1510 1511 1759
6487 2 2 1 1 1547 1546 1548
6488 2 2 1 1 1552 1553 1554
6489 2 2 1 1 4855 1957 5034
6490 2 2 1 1 2261 2262 2263
6491 2 2 1 1 2724 2572 2875
6492 2 2 1 1 921 920 922
6493 2 2 1 1 944 3249 3846
6494 2 2 1 1 1130 1129 1131
6495 2 2 1 1 1615 1614 1618
6496 2 2 1 1 1745 1746 1787
6497 2 2 1 1 2041 2298 2299
6498 2 2 1 1 2279 2275 5207
6499 2 2 1 1 3338 3339 3340
6500 2 2 1 1 3356 3527 3528
6501 2 2 1 1 1894 1893 2383
6502 2 2 1 1 1050 1052 1159
6503 2 2 1 1 2207 1052 5734
6504 2 2 1 1 1698 1702 1704
6505 2 2 1 1 1767 1768 1769
6506 2 2 1 1 2149 2148 2150
6507 2 2 1 1 2643 3084 3465
6508 2 2 1 1 2689 2690 2691
6509 2 2 1 1 3527 2748 4970
6510 2 2 1 1 1036 1035 1037
6511 2 2 1 1 1038 1037 1039
6512 2 2 1 1 1040 1039 1041
6513 2 2 1 1 1044 1043 1045
6514 2 2 1 1 3516 1220 5416
6515 2 2 1 1 1232 1233 1234
6516 2 2 1 1 1376 5421 5746
6517 2 2 1 1 1635 1637 1699
6518 2 2 1 1 1725 1727 1728
6519 2 2 1 1 1854 1851 5586
6520 2 2 1 1 3059 1933 3657
6521 2 2 1 1 2335 2336 2337
6522 2 2 1 1 2873 2874 3980
6523 2 2 1 1 3494 3401 3495
6524 2 2 1 1 4827 4826 4828
6525 2 2 1 1 4951 4952 4953
6526 2 2 1 1 889 887 946
6527 2 2 1 1 1332 1333 1334
6528 2 2 1 1 1350 1352 2620
6529 2 2 1 1 2214 2367 2387
6530 2 2 1 1 2358 2513 3523
6531 2 2 1 1 2524 2525 2731
6532 2 2 1 1 2769 2768 2771
6533 2 2 1 1 1027 925 1391
6534 2 2 1 1 1334 1336 2493
6535 2 2 1 1 1393 1395 2542
6536 2 2 1 1 1894 2384 2385
6537 2 2 1 1 2134 2133 2135
6538 2 2 1 1 3810 4076 4077
6539 2 2 1 1 1103 1102 1104
6540 2 2 1 1 1483 1482 1484
6541 2 2 1 1 1787 1746 1788
6542 2 2 1 1 1940 2361 2362
6543 2 2 1 1 1984 1983 2424
6544 2 2 1 1 2079 2078 2080
6545 2 2 1 1 2461 2566 2910
6546 2 2 1 1 2575 2683 2995
6547 2 2 1 1 2909 3029 3140
6548 2 2 1 1 1028 1029 1030
6549 2 2 1 1 1070 1072 1097
6550 2 2 1 1 1264 1265 1273
6551 2 2 1 1 1459 1457 2841
6552 2 2 1 1 1523 1723 1724
6553 2 2 1 1 1645 1646 1647
6554 2 2 1 1 3055 1893 5580
6555 2 2 1 1 2424 1983 2440
6556 2 2 1 1 2064 5049 5455
6557 2 2 1 1 2524 2523 2525
6558 2 2 1 1 2680 3041 3234
6559 2 2 1 1 3006 3620 5612
6560 2 2 1 1 3163 4117 4118
6561 2 2 1 1 3304 3302 3305
6562 2 2 1 1 4118 4117 7205
6563 2 2 1 1 801 799 5017
6564 2 2 1 1 986 987 988
6565 2 2 1 1 1246 1248 2791
6566 2 2 1 1 1433 1432 1495
6567 2 2 1 1 1497 1498 1499
6568 2 2 1 1 3804 3803 4259
6569 2 2 1 1 833 834 835
6570 2 2 1 1 835 836 837
6571 2 2 1 1 837 838 839
6572 2 2 1 1 1417 1416 1418
6573 2 2 1 1 1867 1868 1869
6574 2 2 1 1 2006 2005 2007
6575 2 2 1 1 2095 2094 2096
6576 2 2 1 1 2931 2932 2933
6577 2 2 1 1 3544 3543 3545
6578 2 2 1 1 5166 4838 5167
6579 2 2 1 1 850 810 5242
6580 2 2 1 1 822 823 824
6581 2 2 1 1 911 912 913
6582 2 2 1 1 1066 1065 1067
6583 2 2 1 1 1105 1106 1107
6584 2 2 1 1 1165 1166 1167
6585 2 2 1 1 1212 1214 1215
6586 2 2 1 1 1222 1217 5310
6587 2 2 1 1 1218 1219 1220
6588 2 2 1 1 1446 1741 1742
6589 2 2 1 1 1549 1551 1711
6590 2 2 1 1 1555 1554 1556
6591 2 2 1 1 1644 1643 1645
6592 2 2 1 1 1663 1662 1688
6593 2 2 1 1 1767 1766 1768
6594 2 2 1 1 1973 1975 5222
6595 2 2 1 1 1975 1976 1977
6596 2 2 1 1 2260 2259 2265
6597 2 2 1 1 2840 2541 2856
6598 2 2 1 1 3615 2668 3616
6599 2 2 1 1 3198 2976 3470
6600 2 2 1 1 4787 4786 4788
6601 2 2 1 1 1649 1648 1650
6602 2 2 1 1 1988 1989 1990
6603 2 2 1 1 2009 2010 2011
6604 2 2 1 1 2929 2931 2986
6605 2 2 1 1 1255 1257 2169
6606 2 2 1 1 1439 1440 1441
6607 2 2 1 1 1927 2031 2643
6608 2 2 1 1 3682 6399 6451
6609 2 2 1 1 959 958 960
6610 2 2 1 1 1051 1053 1054
6611 2 2 1 1 1070 1071 1072
6612 2 2 1 1 1346 1347 1348
6613 2 2 1 1 1350 1351 1352
6614 2 2 1 1 1398 1399 1452
6615 2 2 1 1 1588 1587 1589
6616 2 2 1 1 3047 1762 3373
6617 2 2 1 1 1800 1801 1802
6618 2 2 1 1 2276 2275 2277
6619 2 2 1 1 2804 2800 2805
6620 2 2 1 1 3522 3790 4803
6621 2 2 1 1 4835 4838 5166
6622 2 2 1 1 3501 3503 3506
6623 2 2 1 1 810 809 811
6624 2 2 1 1 816 815 817
6625 2 2 1 1 965 966 967
6626 2 2 1 1 978 979 980
6627 2 2 1 1 1273 1274 1377
6628 2 2 1 1 1849 1899 1900
6629 2 2 1 1 2379 2378 2380
6630 2 2 1 1 3528 3527 3529
6631 2 2 1 1 3182 3437 5014
6632 2 2 1 1 1085 1084 1086
6633 2 2 1 1 1087 1086 1088
6634 2 2 1 1 1107 1106 1109
6635 2 2 1 1 1198 1167 1284
6636 2 2 1 1 1231 1226 1232
6637 2 2 1 1 1276 1278 1783
6638 2 2 1 1 1348 1347 1349
6639 2 2 1 1 1409 1410 1447
6640 2 2 1 1 1499 1498 1500
6641 2 2 1 1 1560 1561 1562
6642 2 2 1 1 1672 1674 3991
6643 2 2 1 1 1775 1731 1862
6644 2 2 1 1 1847 1749 1848
6645 2 2 1 1 1785 1784 1850
6646 2 2 1 1 2461 2462 2566
6647 2 2 1 1 2519 2520 2521
6648 2 2 1 1 5751 2644 5802
6649 2 2 1 1 3096 2681 3248
6650 2 2 1 1 4531 3420 4722
6651 2 2 1 1 3710 3711 3713
6652 2 2 1 1 3763 3761 5165
6653 2 2 1 1 1377 1274 1378
6654 2 2 1 1 1300 1302 1303
6655 2 2 1 1 810 811 812
6656 2 2 1 1 820 821 822
6657 2 2 1 1 881 2785 5337
6658 2 2 1 1 1023 1174 5325
6659 2 2 1 1 1139 1141 1143
6660 2 2 1 1 1342 1344 2622
6661 2 2 1 1 1578 1579 1580
6662 2 2 1 1 1784 1743 2247
6663 2 2 1 1 1941 1942 1987
6664 2 2 1 1 2039 2038 2040
6665 2 2 1 1 2549 3080 3428
6666 2 2 1 1 2700 2701 2702
6667 2 2 1 1 3519 3518 3520
6668 2 2 1 1 4826 4824 4846
6669 2 2 1 1 962 963 965
6670 2 2 1 1 1150 1112 5323
6671 2 2 1 1 1124 1126 1127
6672 2 2 1 1 1169 1171 1172
6673 2 2 1 1 1601 1600 2248
6674 2 2 1 1 1608 1609 1610
6675 2 2 1 1 1638 2190 5426
6676 2 2 1 1 2349 2347 5079
6677 2 2 1 1 2547 3031 3067
6678 2 2 1 1 2802 2801 2803
6679 2 2 1 1 2814 2820 2821
6680 2 2 1 1 3140 3029 3275
6681 2 2 1 1 3192 3217 4079
6682 2 2 1 1 798 797 799
6683 2 2 1 1 800 799 801
6684 2 2 1 1 802 801 803
6685 2 2 1 1 806 805 807
6686 2 2 1 1 924 925 1027
6687 2 2 1 1 947 941 948
6688 2 2 1 1 954 964 5111
6689 2 2 1 1 985 983 2829
6690 2 2 1 1 1027 1391 1392
6691 2 2 1 1 1409 1408 1410
6692 2 2 1 1 1468 1470 1740
6693 2 2 1 1 1525 1502 3434
6694 2 2 1 1 1540 1539 1613
6695 2 2 1 1 1675 1676 5147
6696 2 2 1 1 1901 1902 2433
6697 2 2 1 1 2032 1985 2445
6698 2 2 1 1 2235 2233 3077
6699 2 2 1 1 2258 2261 5208
6700 2 2 1 1 3049 3079 3889
6701 2 2 1 1 3636 3635 3643
6702 2 2 1 1 3869 4404 4908
6703 2 2 1 1 3872 3873 4541
6704 2 2 1 1 5327 5582 5800
6705 2 2 1 1 969 2464 2594
6706 2 2 1 1 980 979 981
6707 2 2 1 1 990 991 1225
6708 2 2 1 1 2187 2181 5913
6709 2 2 1 1 2956 2954 3767
6710 2 2 1 1 3003 3002 3004
6711 2 2 1 1 822 824 825
6712 2 2 1 1 944 938 945
6713 2 2 1 1 976 975 977
6714 2 2 1 1 1208 1209 1210
6715 2 2 1 1 1259 1261 1272
6716 2 2 1 1 1320 1319 1321
6717 2 2 1 1 1322 1321 1323
6718 2 2 1 1 1733 1453 1734
6719 2 2 1 1 2747 2748 3354
6720 2 2 1 1 1146 1144 2146
6721 2 2 1 1 1608 1607 1609
6722 2 2 1 1 1969 1970 1971
6723 2 2 1 1 4259 3803 4260
6724 2 2 1 1 5224 5226 5227
6725 2 2 1 1 1195 1196 1405
6726 2 2 1 1 1479 1478 1480
6727 2 2 1 1 1971 1972 1973
6728 2 2 1 1 3319 3320 3321
6729 2 2 1 1 966 963 5129
6730 2 2 1 1 989 987 1450
6731 2 2 1 1 1210 1209 1211
6732 2 2 1 1 1250 1251 1252
6733 2 2 1 1 1253 1252 1254
6734 2 2 1 1 1432 1387 2822
6735 2 2 1 1 1719 1477 1720
6736 2 2 1 1 1680 1678 2404
6737 2 2 1 1 1696 2726 4727
6738 2 2 1 1 1864 1862 2644
6739 2 2 1 1 1900 1899 1916
6740 2 2 1 1 2081 2082 2083
6741 2 2 1 1 2180 2181 2182
6742 2 2 1 1 2482 2305 2483
6743 2 2 1 1 2819 2871 2994
6744 2 2 1 1 3248 3828 4341
6745 2 2 1 1 3760 3761 3762
6746 2 2 1 1 3886 3885 4463
6747 2 2 1 1 4626 4624 4627
6748 2 2 1 1 888 887 889
6749 2 2 1 1 906 907 908
6750 2 2 1 1 1952 1732 4979
6751 2 2 1 1 4839 4832 4840
6752 2 2 1 1 5927 5928 5929
6753 2 2 1 1 1124 1122 1126
6754 2 2 1 1 1130 1286 3693
6755 2 2 1 1 1197 3535 5031
6756 2 2 1 1 1328 1327 1329
6757 2 2 1 1 2049 1937 4636
6758 2 2 1 1 2091 2090 2092
6759 2 2 1 1 2470 2386 2471
6760 2 2 1 1 2571 3113 3114
6761 2 2 1 1 3469 2835 4943
6762 2 2 1 1 1094 1093 1095
6763 2 2 1 1 1462 1845 5402
6764 2 2 1 1 1574 1575 1576
6765 2 2 1 1 1576 1575 1577
6766 2 2 1 1 2548 1917 5457
6767 2 2 1 1 2930 3439 5378
6768 2 2 1 1 3912 3914 3917
6769 2 2 1 1 5018 5017 5070
6770 2 2 1 1 1326 1327 1328
6771 2 2 1 1 1328 1329 1330
6772 2 2 1 1 1330 1331 1332
6773 2 2 1 1 1444 1446 3078
6774 2 2 1 1 1828 1829 1830
6775 2 2 1 1 1896 1962 1963
6776 2 2 1 1 2060 1907 2253
6777 2 2 1 1 2444 2130 2454
6778 2 2 1 1 2223 2222 2437
6779 2 2 1 1 3130 3754 3758
6780 2 2 1 1 3176 3175 3177
6781 2 2 1 1 1358 1357 1359
6782 2 2 1 1 1641 1643 1644
6783 2 2 1 1 2126 2124 2127
6784 2 2 1 1 2281 2280 2282
6785 2 2 1 1 2361 2360 2453
6786 2 2 1 1 2486 2491 2693
6787 2 2 1 1 916 914 931
6788 2 2 1 1 1363 1362 1364
6789 2 2 1 1 1458 1459 1460
6790 2 2 1 1 1513 1515 1521
6791 2 2 1 1 4729 1755 6167
6792 2 2 1 1 2416 2578 2579
6793 2 2 1 1 3053 3027 3054
6794 2 2 1 1 4043 3134 5441
6795 2 2 1 1 3253 3254 3255
6796 2 2 1 1 4045 3568 4046
6797 2 2 1 1 3934 3935 5004
6798 2 2 1 1 5224 5223 5225
6799 2 2 1 1 1091 1090 1093
6800 2 2 1 1 1197 1193 1493
6801 2 2 1 1 2567 2629 2630
6802 2 2 1 1 3252 2706 3253
6803 2 2 1 1 3019 3017 3280
6804 2 2 1 1 796 797 798
6805 2 2 1 1 962 960 963
6806 2 2 1 1 1003 1002 1004
6807 2 2 1 1 1005 1004 1006
6808 2 2 1 1 1105 1107 2407
6809 2 2 1 1 1148 1149 1154
6810 2 2 1 1 1206 1205 1213
6811 2 2 1 1 1320 1321 1322
6812 2 2 1 1 1329 1327 1435
6813 2 2 1 1 1352 1353 1354
6814 2 2 1 1 1483 1485 5270
6815 2 2 1 1 1597 1601 1602
6816 2 2 1 1 1632 1631 1633
6817 2 2 1 1 1753 1754 1901
6818 2 2 1 1 2278 2281 2479
6819 2 2 1 1 2485 2299 2573
6820 2 2 1 1 2392 2480 2481
6821 2 2 1 1 2897 2896 2950
6822 2 2 1 1 3864 3865 4454
6823 2 2 1 1 2452 1939 5387
6824 2 2 1 1 2069 2070 2071
6825 2 2 1 1 2213 2256 2257
6826 2 2 1 1 2258 2260 2261
6827 2 2 1 1 2319 2320 2321
6828 2 2 1 1 1401 996 5408
6829 2 2 1 1 1012 1010 1203
6830 2 2 1 1 1050 1051 1052
6831 2 2 1 1 1054 1056 5020
6832 2 2 1 1 1056 1058 2239
6833 2 2 1 1 1066 1068 2292
6834 2 2 1 1 1071 1069 1288
6835 2 2 1 1 1248 1249 1250
6836 2 2 1 1 1428 1427 1429
6837 2 2 1 1 1888 1889 1890
6838 2 2 1 1 2265 3418 5481
6839 2 2 1 1 799 797 2650
6840 2 2 1 1 829 830 831
6841 2 2 1 1 831 832 833
6842 2 2 1 1 1001 1000 1002
6843 2 2 1 1 1074 1073 1075
6844 2 2 1 1 1176 1173 1177
6845 2 2 1 1 1248 1247 1249
6846 2 2 1 1 1253 1254 1255
6847 2 2 1 1 1255 1256 1257
6848 2 2 1 1 1263 1387 1388
6849 2 2 1 1 1564 1563 1565
6850 2 2 1 1 1728 1727 1729
6851 2 2 1 1 1838 1839 1840
6852 2 2 1 1 1906 1907 2029
6853 2 2 1 1 1948 1949 3001
6854 2 2 1 1 2309 2307 3585
6855 2 2 1 1 2893 2463 3379
6856 2 2 1 1 2696 2503 2697
6857 2 2 1 1 2951 2953 3604
6858 2 2 1 1 3065 3064 3066
6859 2 2 1 1 3440 3441 3608
6860 2 2 1 1 3884 3885 3886
6861 2 2 1 1 5315 5365 5679
6862 2 2 1 1 1215 1217 1218
6863 2 2 1 1 4677 3408 6041
6864 2 2 1 1 878 877 940
6865 2 2 1 1 1627 1626 1630
6866 2 2 1 1 1860 1953 1954
6867 2 2 1 1 2785 2787 4969
6868 2 2 1 1 2903 2904 2944
6869 2 2 1 1 798 799 800
6870 2 2 1 1 894 896 897
6871 2 2 1 1 2757 932 2758
6872 2 2 1 1 2358 939 2359
6873 2 2 1 1 1503 1518 1749
6874 2 2 1 1 1533 1532 1534
6875 2 2 1 1 1958 1788 1959
6876 2 2 1 1 2513 2359 2514
6877 2 2 1 1 2933 2935 2975
6878 2 2 1 1 3465 3084 3954
6879 2 2 1 1 3431 5282 5450
6880 2 2 1 1 886 887 888
6881 2 2 1 1 919 921 927
6882 2 2 1 1 927 928 934
6883 2 2 1 1 944 945 3249
6884 2 2 1 1 995 2241 5484
6885 2 2 1 1 999 998 1000
6886 2 2 1 1 1135 1134 1136
6887 2 2 1 1 1246 1245 1247
6888 2 2 1 1 1264 1262 1265
6889 2 2 1 1 1458 1457 1459
6890 2 2 1 1 1560 1559 1561
6891 2 2 1 1 3657 1933 3674
6892 2 2 1 1 1984 2424 2425
6893 2 2 1 1 2278 2277 2280
6894 2 2 1 1 2423 2657 2658
6895 2 2 1 1 2974 3826 4087
6896 2 2 1 1 3027 3026 3357
6897 2 2 1 1 3059 3658 3950
6898 2 2 1 1 3893 3894 3906
6899 2 2 1 1 1278 1277 1279
6900 2 2 1 1 1417 1418 1430
6901 2 2 1 1 1657 1656 1658
6902 2 2 1 1 2163 2162 2164
6903 2 2 1 1 2165 2164 2166
6904 2 2 1 1 975 973 1763
6905 2 2 1 1 1108 1082 4702
6906 2 2 1 1 1085 1086 1087
6907 2 2 1 1 1168 1166 1191
6908 2 2 1 1 1934 1930 5699
6909 2 2 1 1 2004 2006 2008
6910 2 2 1 1 2073 2072 2074
6911 2 2 1 1 3138 3139 3796
6912 2 2 1 1 792 794 853
6913 2 2 1 1 882 881 5337
6914 2 2 1 1 1317 1316 1318
6915 2 2 1 1 1318 1319 1320
6916 2 2 1 1 1497 1499 2544
6917 2 2 1 1 2387 2367 3091
6918 2 2 1 1 2673 3158 3159
6919 2 2 1 1 3826 3485 3962
6920 2 2 1 1 1015 1014 2625
6921 2 2 1 1 1044 1046 1509
6922 2 2 1 1 1049 1047 5420
6923 2 2 1 1 1051 1049 1053
6924 2 2 1 1 1058 1057 1059
6925 2 2 1 1 1060 1059 1061
6926 2 2 1 1 1060 1083 5569
6927 2 2 1 1 1062 1061 1063
6928 2 2 1 1 1070 1069 1071
6929 2 2 1 1 1159 1160 1161
6930 2 2 1 1 1240 1238 1241
6931 2 2 1 1 1264 1273 5134
6932 2 2 1 1 1886 1884 1887
6933 2 2 1 1 2274 2276 2447
6934 2 2 1 1 2386 2384 2560
6935 2 2 1 1 3864 4454 4707
6936 2 2 1 1 1178 1177 1179
6937 2 2 1 1 1240 1241 1242
6938 2 2 1 1 1261 1260 1262
6939 2 2 1 1 1511 1431 1743
6940 2 2 1 1 1867 1866 1868
6941 2 2 1 1 1869 1868 2495
6942 2 2 1 1 2858 3013 3271
6943 2 2 1 1 3708 3709 3710
6944 2 2 1 1 876 874 877
6945 2 2 1 1 915 914 916
6946 2 2 1 1 1420 1384 1421
6947 2 2 1 1 2007 2005 2254
6948 2 2 1 1 2218 2219 2220
6949 2 2 1 1 906 909 5138
6950 2 2 1 1 963 960 2430
6951 2 2 1 1 1123 1124 2651
6952 2 2 1 1 1127 1129 1130
6953 2 2 1 1 1154 1155 1156
6954 2 2 1 1 1354 1356 1369
6955 2 2 1 1 1422 1424 2847
6956 2 2 1 1 1567 1565 1616
6957 2 2 1 1 1596 1589 1598
6958 2 2 1 1 1610 1615 5419
6959 2 2 1 1 1803 1801 2364
6960 2 2 1 1 2308 2307 2309
6961 2 2 1 1 2352 2351 2353
6962 2 2 1 1 2698 2699 2700
6963 2 2 1 1 4531 2734 6157
6964 2 2 1 1 2802 2803 3895
6965 2 2 1 1 3975 3088 4074
6966 2 2 1 1 4065 4066 7236
6967 2 2 1 1 4305 4306 4307
6968 2 2 1 1 1104 1102 1151
6969 2 2 1 1 3638 3008 4723
6970 2 2 1 1 890 891 892
6971 2 2 1 1 894 893 895
6972 2 2 1 1 949 950 951
6973 2 2 1 1 953 954 955
6974 2 2 1 1 1065 1063 1147
6975 2 2 1 1 1135 1136 1137
6976 2 2 1 1 1236 1238 1239
6977 2 2 1 1 1452 1399 1453
6978 2 2 1 1 2216 1526 2217
6979 2 2 1 1 1561 1559 1617
6980 2 2 1 1 1733 1734 1735
6981 2 2 1 1 1733 1735 1791
6982 2 2 1 1 1885 1886 1928
6983 2 2 1 1 2133 2131 3429
6984 2 2 1 1 2271 2270 2284
6985 2 2 1 1 2274 2275 2276
6986 2 2 1 1 2390 2391 2392
6987 2 2 1 1 3072 4594 5125
6988 2 2 1 1 3893 3892 3894
6989 2 2 1 1 4983 4984 5311
6990 2 2 1 1 994 982 3478
6991 2 2 1 1 2169 1257 5192
6992 2 2 1 1 1647 1648 1649
6993 2 2 1 1 3001 1949 3002
6994 2 2 1 1 3072 3071 3073
6995 2 2 1 1 1206 1213 1216
6996 2 2 1 1 1340 1339 1341
6997 2 2 1 1 1433 1495 1496
6998 2 2 1 1 1900 1917 2548
6999 2 2 1 1 1917 1927 5457
7000 2 2 1 1 2456 2466 2905
7001 2 2 1 1 2495 2999 3000
7002 2 2 1 1 3590 2669 5813
7003 2 2 1 1 2882 2883 2884
7004 2 2 1 1 2887 3734 4039
7005 2 2 1 1 3487 3034 3488
7006 2 2 1 1 3131 3602 3748
7007 2 2 1 1 1019 1017 1020
7008 2 2 1 1 1163 1164 1165
7009 2 2 1 1 1230 1222 3533
7010 2 2 1 1 1407 1408 1409
7011 2 2 1 1 1512 1449 1513
7012 2 2 1 1 1519 1491 1520
7013 2 2 1 1 1513 1514 1515
7014 2 2 1 1 1536 1537 1538
7015 2 2 1 1 1582 1581 1583
7016 2 2 1 1 2089 2090 2091
7017 2 2 1 1 3349 3348 3350
7018 2 2 1 1 1258 1292 5395
7019 2 2 1 1 1785 1851 1852
7020 2 2 1 1 1917 1916 1926
7021 2 2 1 1 2004 2005 2006
7022 2 2 1 1 2214 2387 3413
7023 2 2 1 1 3577 3106 4022
7024 2 2 1 1 3376 3375 3377
7025 2 2 1 1 1753 1714 1754
7026 2 2 1 1 4512 4510 4516
7027 2 2 1 1 833 832 834
7028 2 2 1 1 841 840 842
7029 2 2 1 1 843 842 1026
7030 2 2 1 1 1239 1238 1240
7031 2 2 1 1 1566 1567 1568
7032 2 2 1 1 1568 1569 1570
7033 2 2 1 1 2798 2753 5075
7034 2 2 1 1 3907 3894 3919
7035 2 2 1 1 892 891 893
7036 2 2 1 1 1546 1544 1612
7037 2 2 1 1 1552 1550 1553
7038 2 2 1 1 2255 2212 3514
7039 2 2 1 1 2272 2273 2274
7040 2 2 1 1 2683 2576 2684
7041 2 2 1 1 2929 2928 2930
7042 2 2 1 1 5410 5000 5411
7043 2 2 1 1 812 811 813
7044 2 2 1 1 822 821 823
7045 2 2 1 1 823 848 972
7046 2 2 1 1 974 975 976
7047 2 2 1 1 1291 1297 1298
7048 2 2 1 1 1677 1678 1679
7049 2 2 1 1 2604 3057 3058
7050 2 2 1 1 2852 3010 3011
7051 2 2 1 1 2862 3007 3008
7052 2 2 1 1 3044 2947 3161
7053 2 2 1 1 4690 3559 4691
7054 2 2 1 1 990 989 991
7055 2 2 1 1 1072 1073 1074
7056 2 2 1 1 1202 1205 1206
7057 2 2 1 1 1257 1256 1258
7058 2 2 1 1 1258 1256 1292
7059 2 2 1 1 1590 1589 1596
7060 2 2 1 1 1901 1754 1902
7061 2 2 1 1 2043 1830 5313
7062 2 2 1 1 6010 2224 6152
7063 2 2 1 1 2287 2288 2289
7064 2 2 1 1 3080 2679 3228
7065 2 2 1 1 3008 3007 3415
7066 2 2 1 1 3838 3839 4412
7067 2 2 1 1 1698 1697 1701
7068 2 2 1 1 1765 1766 1767
7069 2 2 1 1 2927 2928 2929
7070 2 2 1 1 5210 5211 5212
7071 2 2 1 1 883 884 936
7072 2 2 1 1 972 973 974
7073 2 2 1 1 1303 1304 1305
7074 2 2 1 1 1307 1308 1309
7075 2 2 1 1 1748 1893 1894
7076 2 2 1 1 3481 2731 3482
7077 2 2 1 1 3474 3475 3476
7078 2 2 1 1 1113 1111 1175
7079 2 2 1 1 1135 1137 1138
7080 2 2 1 1 1218 1220 1380
7081 2 2 1 1 1412 1411 1413
7082 2 2 1 1 1838 1837 1839
7083 2 2 1 1 2352 2354 2441
7084 2 2 1 1 2705 2703 3103
7085 2 2 1 1 3890 5770 5937
7086 2 2 1 1 1156 1157 1169
7087 2 2 1 1 1270 1228 1271
7088 2 2 1 1 1420 1421 1422
7089 2 2 1 1 1568 1570 1594
7090 2 2 1 1 1808 1809 1810
7091 2 2 1 1 2345 2344 2504
7092 2 2 1 1 2353 2351 5292
7093 2 2 1 1 3158 2669 3590
7094 2 2 1 1 1044 1045 1046
7095 2 2 1 1 1159 1052 1160
7096 2 2 1 1 1060 1062 1083
7097 2 2 1 1 1068 1070 5371
7098 2 2 1 1 1263 1388 3423
7099 2 2 1 1 1406 2249 5529
7100 2 2 1 1 1463 1461 1779
7101 2 2 1 1 1464 1463 1465
7102 2 2 1 1 1555 1556 1599
7103 2 2 1 1 2069 2071 2075
7104 2 2 1 1 2106 2551 3594
7105 2 2 1 1 3263 3061 3587
7106 2 2 1 1 796 795 797
7107 2 2 1 1 804 803 805
7108 2 2 1 1 807 805 2381
7109 2 2 1 1 808 807 809
7110 2 2 1 1 846 5018 5019
7111 2 2 1 1 895 943 3062
7112 2 2 1 1 947 948 949
7113 2 2 1 1 974 973 975
7114 2 2 1 1 1430 1418 1431
7115 2 2 1 1 1456 1477 1719
7116 2 2 1 1 5776 1590 5857
7117 2 2 1 1 2029 2060 2596
7118 2 2 1 1 2278 2280 2281
7119 2 2 1 1 2334 2332 2357
7120 2 2 1 1 2649 3089 3097
7121 2 2 1 1 3798 3139 5033
7122 2 2 1 1 3851 3269 4881
7123 2 2 1 1 925 923 2831
7124 2 2 1 1 1156 1155 1157
7125 2 2 1 1 1774 1731 1775
7126 2 2 1 1 2247 1743 5245
7127 2 2 1 1 2137 2140 2141
7128 2 2 1 1 909 910 911
7129 2 2 1 1 910 926 5471
7130 2 2 1 1 913 914 915
7131 2 2 1 1 1265 1262 1376
7132 2 2 1 1 1860 1954 4939
7133 2 2 1 1 2158 1951 2627
7134 2 2 1 1 5265 5264 5266
7135 2 2 1 1 1005 1006 1007
7136 2 2 1 1 1252 1263 5257
7137 2 2 1 1 1259 1258 1260
7138 2 2 1 1 1342 1343 1344
7139 2 2 1 1 1534 1532 1535
7140 2 2 1 1 1536 1535 1537
7141 2 2 1 1 1787 1958 2214
7142 2 2 1 1 2337 2338 2340
7143 2 2 1 1 2849 2941 3196
7144 2 2 1 1 3365 3366 3575
7145 2 2 1 1 3424 5359 5524
7146 2 2 1 1 3558 3632 3704
7147 2 2 1 1 5038 5042 5043
7148 2 2 1 1 880 881 882
7149 2 2 1 1 1276 1275 1277
7150 2 2 1 1 1863 1865 1871
7151 2 2 1 1 2654 2515 2655
7152 2 2 1 1 2933 2934 2935
7153 2 2 1 1 3127 5195 5196
7154 2 2 1 1 3178 3183 4119
7155 2 2 1 1 3790 3789 3795
7156 2 2 1 1 2272 2274 5099
7157 2 2 1 1 4827 4830 5470
7158 2 2 1 1 883 936 3952
7159 2 2 1 1 951 950 952
7160 2 2 1 1 981 979 983
7161 2 2 1 1 1120 1119 1121
7162 2 2 1 1 1197 1493 1494
7163 2 2 1 1 1847 1848 1849
7164 2 2 1 1 1851 1850 5586
7165 2 2 1 1 4891 1870 5825
7166 2 2 1 1 2346 2345 2347
7167 2 2 1 1 2414 2413 2415
7168 2 2 1 1 3431 3060 3945
7169 2 2 1 1 3341 3339 4044
7170 2 2 1 1 3340 3341 3641
7171 2 2 1 1 4623 4624 4625
7172 2 2 1 1 4831 4829 4833
7173 2 2 1 1 1664 1663 1665
7174 2 2 1 1 1651 1653 1654
7175 2 2 1 1 2981 3174 3175
7176 2 2 1 1 3105 3106 3577
7177 2 2 1 1 3607 3596 3932
7178 2 2 1 1 4106 3786 4107
7179 2 2 1 1 3861 3862 4543
7180 2 2 1 1 910 908 926
7181 2 2 1 1 1120 1121 1122
7182 2 2 1 1 1123 2651 3391
7183 2 2 1 1 1127 1126 1128
7184 2 2 1 1 1464 1465 1466
7185 2 2 1 1 1590 1596 1597
7186 2 2 1 1 1606 1607 1608
7187 2 2 1 1 1627 1631 1632
7188 2 2 1 1 1799 1798 1912
7189 2 2 1 1 1945 1946 2033
7190 2 2 1 1 2213 2212 2255
7191 2 2 1 1 2267 2264 2268
7192 2 2 1 1 2428 2614 2743
7193 2 2 1 1 2526 2523 5756
7194 2 2 1 1 2857 2699 5527
7195 2 2 1 1 2893 3464 5700
7196 2 2 1 1 1120 1122 1123
7197 2 2 1 1 1388 1432 1433
7198 2 2 1 1 1413 1411 3517
7199 2 2 1 1 1412 1414 2751
7200 2 2 1 1 1558 1557 1559
7201 2 2 1 1 1677 1679 1687
7202 2 2 1 1 2085 2084 2086
7203 2 2 1 1 2315 2316 2317
7204 2 2 1 1 3897 3898 3899
7205 2 2 1 1 2816 2859 3474
7206 2 2 1 1 2983 2982 3172
7207 2 2 1 1 3341 4044 4992
7208 2 2 1 1 3897 3896 3898
7209 2 2 1 1 1016 1017 1018
7210 2 2 1 1 1024 1025 1028
7211 2 2 1 1 1032 1033 1034
7212 2 2 1 1 1204 1040 5275
7213 2 2 1 1 1050 1049 1051
7214 2 2 1 1 1076 1078 2397
7215 2 2 1 1 1247 1245 1379
7216 2 2 1 1 1263 1251 1387
7217 2 2 1 1 1722 1522 2550
7218 2 2 1 1 1547 1548 1549
7219 2 2 1 1 1711 4017 4018
7220 2 2 1 1 2478 1941 5047
7221 2 2 1 1 2019 2018 2020
7222 2 2 1 1 2892 2452 3808
7223 2 2 1 1 3197 2976 3198
7224 2 2 1 1 3136 3137 3138
7225 2 2 1 1 3700 3699 3701
7226 2 2 1 1 808 810 850
7227 2 2 1 1 898 896 899
7228 2 2 1 1 1912 1798 2864
7229 2 2 1 1 2132 2134 5048
7230 2 2 1 1 2515 2359 5795
7231 2 2 1 1 2383 3055 3056
7232 2 2 1 1 3039 3152 3153
7233 2 2 1 1 919 920 921
7234 2 2 1 1 995 994 996
7235 2 2 1 1 1030 1032 1223
7236 2 2 1 1 1252 1251 1263
7237 2 2 1 1 2284 2285 2456
7238 2 2 1 1 2659 2660 2661
7239 2 2 1 1 3001 3002 3003
7240 2 2 1 1 3138 3137 3139
7241 2 2 1 1 4821 3381 4822
7242 2 2 1 1 5028 5029 5030
7243 2 2 1 1 2951 2950 2952
7244 2 2 1 1 3717 3718 3719
7245 2 2 1 1 1992 1993 1994
7246 2 2 1 1 3049 3889 4871
7247 2 2 1 1 3528 4805 4806
7248 2 2 1 1 925 2831 5326
7249 2 2 1 1 1750 3060 3422
7250 2 2 1 1 4724 2998 4725
7251 2 2 1 1 1007 1006 1008
7252 2 2 1 1 1902 1754 1903
7253 2 2 1 1 5033 3137 5315
7254 2 2 1 1 3177 3175 5349
7255 2 2 1 1 3546 3548 4859
7256 2 2 1 1 3554 3555 3556
7257 2 2 1 1 4129 3778 4130
7258 2 2 1 1 808 809 810
7259 2 2 1 1 832 830 845
7260 2 2 1 1 837 839 849
7261 2 2 1 1 842 840 844
7262 2 2 1 1 1765 1764 1766
7263 2 2 1 1 1867 1869 2062
7264 2 2 1 1 1900 1916 1917
7265 2 2 1 1 2281 2282 2283
7266 2 2 1 1 3113 2411 3370
7267 2 2 1 1 2999 2496 3598
7268 2 2 1 1 2685 2686 2708
7269 2 2 1 1 3137 2945 5315
7270 2 2 1 1 3164 4058 4059
7271 2 2 1 1 3192 3191 3193
7272 2 2 1 1 3696 3695 3697
7273 2 2 1 1 3884 3886 4455
7274 2 2 1 1 794 793 795
7275 2 2 1 1 1186 1183 2618
7276 2 2 1 1 1338 1337 1339
7277 2 2 1 1 2442 2667 2911
7278 2 2 1 1 2713 2711 2714
7279 2 2 1 1 3354 3356 4583
7280 2 2 1 1 1011 1010 1012
7281 2 2 1 1 1035 1033 1153
7282 2 2 1 1 1043 1041 1267
7283 2 2 1 1 1076 1075 1077
7284 2 2 1 1 1099 1098 1102
7285 2 2 1 1 1454 1442 1455
7286 2 2 1 1 1602 1605 2830
7287 2 2 1 1 2735 3289 3292
7288 2 2 1 1 3163 3152 4084
7289 2 2 1 1 4650 4652 5609
7290 2 2 1 1 1013 1014 1015
7291 2 2 1 1 1048 1047 1049
7292 2 2 1 1 1060 1061 1062
7293 2 2 1 1 1268 1228 1270
7294 2 2 1 1 1448 1449 1512
7295 2 2 1 1 1660 1659 1661
7296 2 2 1 1 1693 1690 5168
7297 2 2 1 1 2395 2028 2413
7298 2 2 1 1 2787 2786 3123
7299 2 2 1 1 2970 2971 3154
7300 2 2 1 1 3571 3570 3968
7301 2 2 1 1 3911 3909 3918
7302 2 2 1 1 5359 3931 5360
7303 2 2 1 1 1216 1213 1221
7304 2 2 1 1 3255 3256 3257
7305 2 2 1 1 5105 5435 5436
7306 2 2 1 1 1427 1425 5628
7307 2 2 1 1 1488 1486 1904
7308 2 2 1 1 1823 1821 5071
7309 2 2 1 1 2548 5352 5536
7310 2 2 1 1 4076 3809 4122
7311 2 2 1 1 3987 3984 6180
7312 2 2 1 1 980 982 993
7313 2 2 1 1 1195 1194 1196
7314 2 2 1 1 1577 1575 2252
7315 2 2 1 1 1602 1603 1605
7316 2 2 1 1 1865 1864 1866
7317 2 2 1 1 1873 1870 4891
7318 2 2 1 1 2031 2030 2442
7319 2 2 1 1 2810 2807 2812
7320 2 2 1 1 2897 2950 2951
7321 2 2 1 1 3895 3896 3897
7322 2 2 1 1 804 806 2290
7323 2 2 1 1 828 827 2167
7324 2 2 1 1 953 952 954
7325 2 2 1 1 999 1001 1443
7326 2 2 1 1 1163 1162 1164
7327 2 2 1 1 1239 1240 2642
7328 2 2 1 1 1250 1252 1253
7329 2 2 1 1 1388 1387 1432
7330 2 2 1 1 1681 1680 1682
7331 2 2 1 1 1787 1788 1958
7332 2 2 1 1 2050 2624 5057
7333 2 2 1 1 2071 2072 2073
7334 2 2 1 1 2598 2145 2599
7335 2 2 1 1 2851 2501 2852
7336 2 2 1 1 2583 2585 3642
7337 2 2 1 1 3201 2672 3202
7338 2 2 1 1 3067 3031 3848
7339 2 2 1 1 3900 3898 3903
7340 2 2 1 1 4984 3942 5782
7341 2 2 1 1 826 828 829
7342 2 2 1 1 972 848 973
7343 2 2 1 1 978 977 979
7344 2 2 1 1 2641 2640 3050
7345 2 2 1 1 792 793 794
7346 2 2 1 1 812 813 814
7347 2 2 1 1 2205 815 5417
7348 2 2 1 1 2202 2203 3874
7349 2 2 1 1 957 958 959
7350 2 2 1 1 1013 1012 1014
7351 2 2 1 1 1016 1018 3430
7352 2 2 1 1 1080 1079 1081
7353 2 2 1 1 1199 1200 2549
7354 2 2 1 1 1242 1241 1243
7355 2 2 1 1 2255 3514 3526
7356 2 2 1 1 2693 2491 2998
7357 2 2 1 1 3197 3198 4072
7358 2 2 1 1 3214 3213 4360
7359 2 2 1 1 3648 3687 3688
7360 2 2 1 1 4829 4828 5294
7361 2 2 1 1 6952 6954 6956
7362 2 2 1 1 1669 1670 1671
7363 2 2 1 1 2790 1922 3677
7364 2 2 1 1 2194 2193 2195
7365 2 2 1 1 2324 2325 2326
7366 2 2 1 1 2594 2464 2595
7367 2 2 1 1 2512 2452 2892
7368 2 2 1 1 3278 3277 3840
7369 2 2 1 1 1019 1020 1021
7370 2 2 1 1 1022 1021 1023
7371 2 2 1 1 1410 1408 1411
7372 2 2 1 1 2109 2107 2110
7373 2 2 1 1 2352 2353 2354
7374 2 2 1 1 2813 2815 2816
7375 2 2 1 1 900 901 902
7376 2 2 1 1 924 923 925
7377 2 2 1 1 1023 1021 1174
7378 2 2 1 1 1156 1169 1170
7379 2 2 1 1 1236 1235 1237
7380 2 2 1 1 1398 1377 1399
7381 2 2 1 1 1452 1453 1732
7382 2 2 1 1 1568 1567 1569
7383 2 2 1 1 1661 1659 1662
7384 2 2 1 1 1888 1887 1889
7385 2 2 1 1 2258 2256 2259
7386 2 2 1 1 2461 2460 2462
7387 2 2 1 1 2927 2475 2928
7388 2 2 1 1 3903 3898 5386
7389 2 2 1 1 4322 4321 4323
7390 2 2 1 1 4413 4414 4415
7391 2 2 1 1 795 793 852
7392 2 2 1 1 951 952 953
7393 2 2 1 1 997 998 999
7394 2 2 1 1 1625 1624 1626
7395 2 2 1 1 4127 3185 4128
7396 2 2 1 1 3540 3541 3542
7397 2 2 1 1 4454 3865 4505
7398 2 2 1 1 938 935 1846
7399 2 2 1 1 1118 1117 1119
7400 2 2 1 1 1365 1364 1366
7401 2 2 1 1 1487 1486 1488
7402 2 2 1 1 1666 1665 1667
7403 2 2 1 1 2298 2040 2652
7404 2 2 1 1 2350 2349 2351
7405 2 2 1 1 2354 2353 2355
7406 2 2 1 1 2796 2795 3401
7407 2 2 1 1 4303 4302 4304
7408 2 2 1 1 4825 4826 4827
7409 2 2 1 1 1064 1063 1065
7410 2 2 1 1 1082 1081 1084
7411 2 2 1 1 1523 1522 1722
7412 2 2 1 1 1722 2550 3363
7413 2 2 1 1 2036 2037 2487
7414 2 2 1 1 3704 3632 4025
7415 2 2 1 1 5004 3935 5005
7416 2 2 1 1 1145 1146 1148
7417 2 2 1 1 1343 1341 2293
7418 2 2 1 1 3964 1629 4752
7419 2 2 1 1 3441 2209 3442
7420 2 2 1 1 2565 2634 2649
7421 2 2 1 1 2842 2843 2860
7422 2 2 1 1 3621 3094 3652
7423 2 2 1 1 4556 3432 5966
7424 2 2 1 1 3999 3998 4000
7425 2 2 1 1 1131 1132 1133
7426 2 2 1 1 1380 1381 1730
7427 2 2 1 1 2099 2100 2101
7428 2 2 1 1 2109 2295 5910
7429 2 2 1 1 998 996 1401
7430 2 2 1 1 1014 1012 5868
7431 2 2 1 1 1038 1039 1040
7432 2 2 1 1 1084 1081 2297
7433 2 2 1 1 1086 1084 4989
7434 2 2 1 1 1093 1090 5050
7435 2 2 1 1 1533 1534 1924
7436 2 2 1 1 1538 1540 1541
7437 2 2 1 1 2073 2074 2076
7438 2 2 1 1 2206 5592 6308
7439 2 2 1 1 4558 6284 6293
7440 2 2 1 1 813 811 847
7441 2 2 1 1 814 816 856
7442 2 2 1 1 823 821 848
7443 2 2 1 1 1669 1667 1670
7444 2 2 1 1 2214 1958 2367
7445 2 2 1 1 814 813 815
7446 2 2 1 1 820 819 821
7447 2 2 1 1 3249 945 3250
7448 2 2 1 1 972 974 3426
7449 2 2 1 1 1027 1392 1393
7450 2 2 1 1 1064 1065 1066
7451 2 2 1 1 1195 1405 2789
7452 2 2 1 1 1446 1445 1741
7453 2 2 1 1 1516 1514 3891
7454 2 2 1 1 1543 1542 1544
7455 2 2 1 1 2261 2260 2262
7456 2 2 1 1 2358 2359 2513
7457 2 2 1 1 5274 2430 5811
7458 2 2 1 1 2436 2472 2473
7459 2 2 1 1 2757 2758 2759
7460 2 2 1 1 2858 3271 3393
7461 2 2 1 1 2895 3206 5602
7462 2 2 1 1 3101 2900 3121
7463 2 2 1 1 3515 3422 3958
7464 2 2 1 1 3443 3442 3444
7465 2 2 1 1 1730 1381 1731
7466 2 2 1 1 1627 1630 1631
7467 2 2 1 1 1857 1859 1861
7468 2 2 1 1 3711 3709 4436
7469 2 2 1 1 4376 4377 4378
7470 2 2 1 1 895 893 943
7471 2 2 1 1 1979 1980 1981
7472 2 2 1 1 2930 2928 3439
7473 2 2 1 1 5526 3063 5764
7474 2 2 1 1 3779 3778 4129
7475 2 2 1 1 959 962 970
7476 2 2 1 1 995 996 997
7477 2 2 1 1 1003 1004 1005
7478 2 2 1 1 1208 1026 1209
7479 2 2 1 1 1405 1406 1407
7480 2 2 1 1 2066 2067 2068
7481 2 2 1 1 2288 2266 5547
7482 2 2 1 1 2868 2866 3576
7483 2 2 1 1 2905 3793 3794
7484 2 2 1 1 3099 3960 5848
7485 2 2 1 1 1485 1486 1487
7486 2 2 1 1 5270 1485 5271
7487 2 2 1 1 3109 2570 4758
7488 2 2 1 1 2709 2710 2711
7489 2 2 1 1 913 912 914
7490 2 2 1 1 1709 1712 1715
7491 2 2 1 1 2660 2889 2890
7492 2 2 1 1 5534 2725 5866
7493 2 2 1 1 2780 2778 2781
7494 2 2 1 1 3351 3352 3353
7495 2 2 1 1 3740 3738 3741
7496 2 2 1 1 1131 1129 1132
7497 2 2 1 1 1490 1519 2750
7498 2 2 1 1 1706 1705 1707
7499 2 2 1 1 1921 1919 1923
7500 2 2 1 1 1927 2030 2031
7501 2 2 1 1 2015 2014 2016
7502 2 2 1 1 2129 4473 6038
7503 2 2 1 1 2269 2271 2272
7504 2 2 1 1 3176 3177 3178
7505 2 2 1 1 3582 3581 3679
7506 2 2 1 1 1340 1341 1342
7507 2 2 1 1 1344 1345 1346
7508 2 2 1 1 1474 1475 1476
7509 2 2 1 1 1530 1531 1532
7510 2 2 1 1 1927 1926 2030
7511 2 2 1 1 2287 2289 2839
7512 2 2 1 1 2583 2582 2584
7513 2 2 1 1 2836 3120 3965
7514 2 2 1 1 3317 3316 3318
7515 2 2 1 1 3436 3373 3564
7516 2 2 1 1 3908 3910 3920
7517 2 2 1 1 4831 4833 4834
7518 2 2 1 1 800 851 5390
7519 2 2 1 1 1470 1469 1471
7520 2 2 1 1 1538 1537 1539
7521 2 2 1 1 2387 3091 3093
7522 2 2 1 1 3578 3579 3580
7523 2 2 1 1 4068 3628 4704
7524 2 2 1 1 1300 1296 1301
7525 2 2 1 1 1419 1420 1517
7526 2 2 1 1 1635 1634 1636
7527 2 2 1 1 1638 1636 2190
7528 2 2 1 1 2121 2122 2123
7529 2 2 1 1 2269 2270 2271
7530 2 2 1 1 2401 2400 2554
7531 2 2 1 1 2785 4969 5337
7532 2 2 1 1 3544 3545 3546
7533 2 2 1 1 3955 5421 5473
7534 2 2 1 1 1229 1230 1283
7535 2 2 1 1 1283 1289 1404
7536 2 2 1 1 1874 1777 1875
7537 2 2 1 1 1096 1095 1098
7538 2 2 1 1 1184 1186 1187
7539 2 2 1 1 1422 1423 1424
7540 2 2 1 1 2016 2014 2024
7541 2 2 1 1 2089 2088 2090
7542 2 2 1 1 2293 5059 5060
7543 2 2 1 1 2393 2391 2988
7544 2 2 1 1 2813 2814 2815
7545 2 2 1 1 6261 5252 6321
7546 2 2 1 1 843 1208 1382
7547 2 2 1 1 1192 1193 1194
7548 2 2 1 1 1237 1235 1925
7549 2 2 1 1 1499 1500 1503
7550 2 2 1 1 1530 1532 1533
7551 2 2 1 1 1613 1539 1794
7552 2 2 1 1 1964 1774 1965
7553 2 2 1 1 5382 1955 5842
7554 2 2 1 1 2081 2083 2114
7555 2 2 1 1 2095 2097 5538
7556 2 2 1 1 2263 2264 2266
7557 2 2 1 1 2436 2473 2849
7558 2 2 1 1 3125 3126 3745
7559 2 2 1 1 3810 4077 4540
7560 2 2 1 1 835 834 836
7561 2 2 1 1 837 836 838
7562 2 2 1 1 839 838 840
7563 2 2 1 1 1008 1006 2199
7564 2 2 1 1 1030 1031 1032
7565 2 2 1 1 1452 1732 1952
7566 2 2 1 1 1457 1456 5461
7567 2 2 1 1 2041 2040 2298
7568 2 2 1 1 2272 2271 2273
7569 2 2 1 1 2276 2277 2278
7570 2 2 1 1 2637 3026 3027
7571 2 2 1 1 881 2419 2785
7572 2 2 1 1 886 885 887
7573 2 2 1 1 890 889 891
7574 2 2 1 1 1133 1132 1134
7575 2 2 1 1 1154 1149 1155
7576 2 2 1 1 1169 1157 1171
7577 2 2 1 1 1298 1297 1389
7578 2 2 1 1 1326 1325 1327
7579 2 2 1 1 5372 1401 5373
7580 2 2 1 1 1586 1587 1588
7581 2 2 1 1 1610 1609 1614
7582 2 2 1 1 2017 2018 2019
7583 2 2 1 1 2806 2805 2807
7584 2 2 1 1 2909 3140 3601
7585 2 2 1 1 3099 3098 3614
7586 2 2 1 1 3914 3913 3915
7587 2 2 1 1 4511 4512 4513
7588 2 2 1 1 1210 1211 1212
7589 2 2 1 1 1511 1743 1744
7590 2 2 1 1 1744 1784 1785
7591 2 2 1 1 2394 2395 2668
7592 2 2 1 1 1474 1473 1475
7593 2 2 1 1 1994 1993 1995
7594 2 2 1 1 2782 2781 2899
7595 2 2 1 1 3415 3007 3417
7596 2 2 1 1 4781 4780 4782
7597 2 2 1 1 988 987 989
7598 2 2 1 1 3178 3177 3179
7599 2 2 1 1 3652 6150 6199
7600 2 2 1 1 3915 3913 3916
7601 2 2 1 1 4823 4822 4824
7602 2 2 1 1 954 952 964
7603 2 2 1 1 1312 1313 1314
7604 2 2 1 1 1570 1571 1572
7605 2 2 1 1 1800 1799 1801
7606 2 2 1 1 2671 2672 3199
7607 2 2 1 1 3129 3128 3747
7608 2 2 1 1 4067 3170 4093
7609 2 2 1 1 3245 3246 3293
7610 2 2 1 1 6956 6957 6958
7611 2 2 1 1 934 935 937
7612 2 2 1 1 1789 1790 1966
7613 2 2 1 1 1899 1848 1986
7614 2 2 1 1 2442 2030 2667
7615 2 2 1 1 2611 2168 2612
7616 2 2 1 1 2694 2692 2695
7617 2 2 1 1 4825 4824 4826
7618 2 2 1 1 4835 4833 4836
7619 2 2 1 1 1556 1557 1558
7620 2 2 1 1 2118 2388 2389
7621 2 2 1 1 2141 2142 2143
7622 2 2 1 1 2506 2353 5292
7623 2 2 1 1 3521 3173 3522
7624 2 2 1 1 3885 3883 4491
7625 2 2 1 1 1141 1140 1142
7626 2 2 1 1 1518 1747 1748
7627 2 2 1 1 1814 1813 1815
7628 2 2 1 1 2687 2688 2689
7629 2 2 1 1 4835 4837 4838
7630 2 2 1 1 872 874 876
7631 2 2 1 1 5355 877 5442
7632 2 2 1 1 1078 1077 1079
7633 2 2 1 1 1181 1179 1183
7634 2 2 1 1 1234 1233 1235
7635 2 2 1 1 1588 1589 1590
7636 2 2 1 1 1885 1928 3877
7637 2 2 1 1 1997 1998 2382
7638 2 2 1 1 3018 3984 3985
7639 2 2 1 1 953 955 961
7640 2 2 1 1 956 954 5111
7641 2 2 1 1 1282 1296 1299
7642 2 2 1 1 1318 1320 1372
7643 2 2 1 1 1353 1351 1385
7644 2 2 1 1 1363 1364 1365
7645 2 2 1 1 1580 1582 2055
7646 2 2 1 1 1618 1614 1629
7647 2 2 1 1 2394 2028 2395
7648 2 2 1 1 2133 3429 5183
7649 2 2 1 1 4661 4660 4662
7650 2 2 1 1 6952 6953 6954
7651 2 2 1 1 922 920 923
7652 2 2 1 1 1034 1033 1035
7653 2 2 1 1 1038 1204 5584
7654 2 2 1 1 1076 1077 1078
7655 2 2 1 1 1582 1583 1584
7656 2 2 1 1 1605 1603 1606
7657 2 2 1 1 1830 1831 1832
7658 2 2 1 1 1859 1858 1860
7659 2 2 1 1 2459 2460 2461
7660 2 2 1 1 2739 2740 2741
7661 2 2 1 1 2819 2846 2871
7662 2 2 1 1 2957 2958 2959
7663 2 2 1 1 3441 3442 3443
7664 2 2 1 1 1000 998 5372
7665 2 2 1 1 1034 1035 1036
7666 2 2 1 1 1040 1041 1042
7667 2 2 1 1 1042 1043 1044
7668 2 2 1 1 1719 1720 1776
7669 2 2 1 1 818 820 2421
7670 2 2 1 1 831 833 858
7671 2 2 1 1 1655 1653 1656
7672 2 2 1 1 2012 2010 2013
7673 2 2 1 1 2435 2432 2670
7674 2 2 1 1 2553 3070 3071
7675 2 2 1 1 3686 3684 5875
7676 2 2 1 1 4346 4351 4352
7677 2 2 1 1 1380 1220 1381
7678 2 2 1 1 1291 1298 3362
7679 2 2 1 1 1444 1445 1446
7680 2 2 1 1 1785 1850 1851
7681 2 2 1 1 2480 2393 2610
7682 2 2 1 1 2861 2843 2863
7683 2 2 1 1 2003 2002 2004
7684 2 2 1 1 4133 4109 4134
7685 2 2 1 1 906 904 907
7686 2 2 1 1 1024 1028 2631
7687 2 2 1 1 1047 1045 4364
7688 2 2 1 1 1054 1053 1055
7689 2 2 1 1 1056 1055 1057
7690 2 2 1 1 1969 1971 2588
7691 2 2 1 1 2234 2235 2474
7692 2 2 1 1 2747 2253 2748
7693 2 2 1 1 2263 2266 2287
7694 2 2 1 1 2637 3027 3053
7695 2 2 1 1 2946 2978 3802
7696 2 2 1 1 4305 4304 4306
7697 2 2 1 1 2304 2303 2305
7698 2 2 1 1 2250 967 2251
7699 2 2 1 1 1269 1268 1275
7700 2 2 1 1 1655 1656 1657
7701 2 2 1 1 1715 1721 1756
7702 2 2 1 1 1852 1853 1878
7703 2 2 1 1 2099 2098 2100
7704 2 2 1 1 3147 3021 3148
7705 2 2 1 1 3731 3732 4029
7706 2 2 1 1 3924 3876 6079
7707 2 2 1 1 5009 5010 5011
7708 2 2 1 1 5488 5489 5490
7709 2 2 1 1 5001 1319 5479
7710 2 2 1 1 2442 2911 3087
7711 2 2 1 1 2983 3172 3173
7712 2 2 1 1 3422 3060 3431
7713 2 2 1 1 1058 1059 1060
7714 2 2 1 1 1068 1069 1070
7715 2 2 1 1 1107 1109 1110
7716 2 2 1 1 1116 1117 1118
7717 2 2 1 1 1639 1638 1640
7718 2 2 1 1 1647 1646 1648
7719 2 2 1 1 2125 2122 5912
7720 2 2 1 1 2514 2654 2656
7721 2 2 1 1 2899 3185 3780
7722 2 2 1 1 3956 3196 3957
7723 2 2 1 1 3447 4854 6098
7724 2 2 1 1 4452 3463 6216
7725 2 2 1 1 4158 4099 4159
7726 2 2 1 1 4659 4658 4660
7727 2 2 1 1 1221 1213 2543
7728 2 2 1 1 2118 2117 2388
7729 2 2 1 1 2700 3264 5232
7730 2 2 1 1 5450 2839 5451
7731 2 2 1 1 1439 1438 1440
7732 2 2 1 1 2794 1772 2795
7733 2 2 1 1 1832 1834 2623
7734 2 2 1 1 3429 2131 5332
7735 2 2 1 1 2675 2674 3215
7736 2 2 1 1 2760 2758 2762
7737 2 2 1 1 2862 3638 5730
7738 2 2 1 1 4061 4645 5510
7739 2 2 1 1 1347 1345 1375
7740 2 2 1 1 1620 1621 1628
7741 2 2 1 1 986 985 987
7742 2 2 1 1 1445 1404 6065
7743 2 2 1 1 1776 1874 1898
7744 2 2 1 1 2090 2088 2639
7745 2 2 1 1 2464 2463 2893
7746 2 2 1 1 2752 2753 2754
7747 2 2 1 1 2799 2800 2801
7748 2 2 1 1 3175 3174 4082
7749 2 2 1 1 3298 3299 3300
7750 2 2 1 1 3649 4361 4388
7751 2 2 1 1 1019 1021 1022
7752 2 2 1 1 1165 1164 1166
7753 2 2 1 1 1475 1473 1504
7754 2 2 1 1 1791 1735 1792
7755 2 2 1 1 1939 1792 1940
7756 2 2 1 1 2051 2552 2553
7757 2 2 1 1 3108 2570 3109
7758 2 2 1 1 3075 3073 3076
7759 2 2 1 1 3208 3207 3209
7760 2 2 1 1 3457 5140 5141
7761 2 2 1 1 995 997 2241
7762 2 2 1 1 2093 2092 2094
7763 2 2 1 1 2428 2427 2613
7764 2 2 1 1 816 817 818
7765 2 2 1 1 818 817 819
7766 2 2 1 1 963 2430 5129
7767 2 2 1 1 1110 1109 1111
7768 2 2 1 1 1231 1285 1291
7769 2 2 1 1 1395 1396 1397
7770 2 2 1 1 1603 1601 5516
7771 2 2 1 1 1863 1864 1865
7772 2 2 1 1 1955 2640 2641
7773 2 2 1 1 3045 2466 5411
7774 2 2 1 1 2782 2900 3101
7775 2 2 1 1 3750 3134 3756
7776 2 2 1 1 3550 3551 3552
7777 2 2 1 1 4431 4433 4434
7778 2 2 1 1 959 960 962
7779 2 2 1 1 1428 1429 1436
7780 2 2 1 1 3164 3165 4058
7781 2 2 1 1 1849 1848 1899
7782 2 2 1 1 1712 1708 3477
7783 2 2 1 1 2000 2001 2002
7784 2 2 1 1 3887 3237 3888
7785 2 2 1 1 875 879 880
7786 2 2 1 1 5359 933 5361
7787 2 2 1 1 2359 939 5795
7788 2 2 1 1 1054 1055 1056
7789 2 2 1 1 1198 1284 1879
7790 2 2 1 1 2234 2233 2235
7791 2 2 1 1 2514 2359 2515
7792 2 2 1 1 2600 2940 3625
7793 2 2 1 1 6002 2646 6170
7794 2 2 1 1 2893 3379 3380
7795 2 2 1 1 4968 5097 5992
7796 2 2 1 1 1210 1212 2420
7797 2 2 1 1 1875 1777 1883
7798 2 2 1 1 2116 2500 2501
7799 2 2 1 1 1806 1805 1807
7800 2 2 1 1 3359 3814 3815
7801 2 2 1 1 6958 6957 6959
7802 2 2 1 1 1105 1104 1106
7803 2 2 1 1 1890 1891 1892
7804 2 2 1 1 1917 1926 1927
7805 2 2 1 1 2093 2094 2095
7806 2 2 1 1 5258 3423 5403
7807 2 2 1 1 3971 4290 4291
7808 2 2 1 1 5789 4939 6031
7809 2 2 1 1 1366 1364 1764
7810 2 2 1 1 1683 1682 1684
7811 2 2 1 1 2174 2175 2176
7812 2 2 1 1 3410 3409 3459
7813 2 2 1 1 3124 3123 3743
7814 2 2 1 1 3503 3504 3505
7815 2 2 1 1 1357 1355 2844
7816 2 2 1 1 3931 3383 4885
7817 2 2 1 1 6954 6953 6955
7818 2 2 1 1 1362 5381 5631
7819 2 2 1 1 1468 1469 1470
7820 2 2 1 1 1597 1596 1600
7821 2 2 1 1 2310 2309 2311
7822 2 2 1 1 2390 2392 4876
7823 2 2 1 1 2613 2427 2669
7824 2 2 1 1 2901 2451 2903
7825 2 2 1 1 2474 2475 2926
7826 2 2 1 1 3147 3149 3211
7827 2 2 1 1 4730 3373 5320
7828 2 2 1 1 1089 1088 1090
7829 2 2 1 1 1098 1095 2499
7830 2 2 1 1 1556 1554 1557
7831 2 2 1 1 1780 1738 1781
7832 2 2 1 1 2086 2084 2237
7833 2 2 1 1 3418 3419 4999
7834 2 2 1 1 1242 1244 1266
7835 2 2 1 1 3129 3747 3752
7836 2 2 1 1 1036 1037 1038
7837 2 2 1 1 1454 1455 1507
7838 2 2 1 1 1872 1947 2725
7839 2 2 1 1 1931 1932 1933
7840 2 2 1 1 1959 2191 2192
7841 2 2 1 1 2670 2432 4742
7842 2 2 1 1 2472 4601 4602
7843 2 2 1 1 5190 3511 5367
7844 2 2 1 1 897 896 898
7845 2 2 1 1 902 903 904
7846 2 2 1 1 1358 1359 1360
7847 2 2 1 1 1501 1391 1502
7848 2 2 1 1 1597 1600 1601
7849 2 2 1 1 1825 1960 5463
7850 2 2 1 1 1852 1851 1853
7851 2 2 1 1 2110 2107 2111
7852 2 2 1 1 2585 2584 2881
7853 2 2 1 1 3253 2706 3254
7854 2 2 1 1 2950 2896 5790
7855 2 2 1 1 2934 3383 3424
7856 2 2 1 1 5772 3092 5901
7857 2 2 1 1 3252 3836 4365
7858 2 2 1 1 5269 4755 5948
7859 2 2 1 1 2026 2027 2028
7860 2 2 1 1 2070 2067 5302
7861 2 2 1 1 2165 2166 2636
7862 2 2 1 1 3874 2203 4399
7863 2 2 1 1 1360 1359 1361
7864 2 2 1 1 2597 2977 3141
7865 2 2 1 1 2840 2856 3570
7866 2 2 1 1 3556 3558 5549
7867 2 2 1 1 4605 4606 4607
7868 2 2 1 1 1894 2383 2384
7869 2 2 1 1 1967 1969 5626
7870 2 2 1 1 2386 2560 5342
7871 2 2 1 1 2882 2881 2883
7872 2 2 1 1 2890 2889 3746
7873 2 2 1 1 3232 4275 4276
7874 2 2 1 1 1481 1480 1482
7875 2 2 1 1 3227 4071 4266
7876 2 2 1 1 4415 4416 4417
7877 2 2 1 1 802 803 804
7878 2 2 1 1 806 807 808
7879 2 2 1 1 993 982 994
7880 2 2 1 1 1094 1095 1096
7881 2 2 1 1 1940 1792 2360
7882 2 2 1 1 2448 2449 2457
7883 2 2 1 1 2566 2567 3102
7884 2 2 1 1 3135 2945 3136
7885 2 2 1 1 1306 1304 2838
7886 2 2 1 1 3810 3809 4076
7887 2 2 1 1 4291 4290 4292
7888 2 2 1 1 1143 1145 5627
7889 2 2 1 1 2426 2425 2427
7890 2 2 1 1 2884 2883 2885
7891 2 2 1 1 1066 1067 1068
7892 2 2 1 1 1127 1128 1129
7893 2 2 1 1 1309 1310 1374
7894 2 2 1 1 1361 1359 1362
7895 2 2 1 1 1497 1496 1498
7896 2 2 1 1 1742 1741 1882
7897 2 2 1 1 3838 3003 3839
7898 2 2 1 1 3076 3073 3265
7899 2 2 1 1 4348 3259 4349
7900 2 2 1 1 3298 3300 4708
7901 2 2 1 1 3550 3549 3551
7902 2 2 1 1 5125 4594 5664
7903 2 2 1 1 4828 4847 4926
7904 2 2 1 1 1609 1607 3513
7905 2 2 1 1 1937 1936 1938
7906 2 2 1 1 2557 2737 2996
7907 2 2 1 1 1001 1002 1003
7908 2 2 1 1 1243 1241 2632
7909 2 2 1 1 3761 2063 3765
7910 2 2 1 1 2068 2067 2069
7911 2 2 1 1 2643 3083 3084
7912 2 2 1 1 2775 2776 2777
7913 2 2 1 1 2865 2866 2867
7914 2 2 1 1 3397 3396 4810
7915 2 2 1 1 909 908 910
7916 2 2 1 1 1278 1279 1280
7917 2 2 1 1 2026 2028 2394
7918 2 2 1 1 2634 2564 3030
7919 2 2 1 1 3430 4405 4408
7920 2 2 1 1 1201 1199 4899
7921 2 2 1 1 1924 1534 5309
7922 2 2 1 1 2331 2332 2333
7923 2 2 1 1 2965 2966 2967
7924 2 2 1 1 2984 2985 3181
7925 2 2 1 1 2926 2475 2927
7926 2 2 1 1 2944 2945 3135
7927 2 2 1 1 3553 3551 3560
7928 2 2 1 1 3552 3554 4861
7929 2 2 1 1 3813 3812 4081
7930 2 2 1 1 4846 4824 5811
7931 2 2 1 1 5942 3617 5943
7932 2 2 1 1 1507 1718 2390
7933 2 2 1 1 1872 1873 1947
7934 2 2 1 1 2519 2518 2520
7935 2 2 1 1 2525 2523 2526
7936 2 2 1 1 3038 2744 3039
7937 2 2 1 1 3273 3241 3829
7938 2 2 1 1 1524 1525 1789
7939 2 2 1 1 1669 1671 1672
7940 2 2 1 1 2229 2230 2231
7941 2 2 1 1 2747 3355 5590
7942 2 2 1 1 884 885 886
7943 2 2 1 1 5261 993 5484
7944 2 2 1 1 2337 2336 2338
7945 2 2 1 1 5263 5264 5265
7946 2 2 1 1 4938 970 6584
7947 2 2 1 1 1658 2296 3583
7948 2 2 1 1 1837 1835 2409
7949 2 2 1 1 2491 2200 3574
7950 2 2 1 1 1836 1838 2035
7951 2 2 1 1 1985 2047 5123
7952 2 2 1 1 3929 3109 4758
7953 2 2 1 1 3353 3352 3640
7954 2 2 1 1 4496 4495 4677
7955 2 2 1 1 1172 1173 1176
7956 2 2 1 1 1246 1247 1248
7957 2 2 1 1 1947 1948 3247
7958 2 2 1 1 3190 3188 3738
7959 2 2 1 1 5064 3943 6379
7960 2 2 1 1 2029 2596 2597
7961 2 2 1 1 3421 2070 5302
7962 2 2 1 1 2903 2451 2904
7963 2 2 1 1 2507 3037 3486
7964 2 2 1 1 2759 2761 3445
7965 2 2 1 1 3938 3057 5547
7966 2 2 1 1 3218 3739 3742
7967 2 2 1 1 3445 3948 5524
7968 2 2 1 1 5607 3535 5845
7969 2 2 1 1 3732 3834 5024
7970 2 2 1 1 4949 4950 4951
7971 2 2 1 1 803 801 846
7972 2 2 1 1 988 989 990
7973 2 2 1 1 1046 1047 1048
7974 2 2 1 1 1079 1077 1100
7975 2 2 1 1 2716 2714 2721
7976 2 2 1 1 843 1026 1208
7977 2 2 1 1 1128 2209 3440
7978 2 2 1 1 1460 1459 1461
7979 2 2 1 1 1566 1565 1567
7980 2 2 1 1 1902 1903 1908
7981 2 2 1 1 2373 2372 2374
7982 2 2 1 1 2962 2960 3169
7983 2 2 1 1 3799 3341 4992
7984 2 2 1 1 5242 5243 5244
7985 2 2 1 1 2639 2088 5740
7986 2 2 1 1 1280 1281 1282
7987 2 2 1 1 1694 1693 1697
7988 2 2 1 1 1969 1968 1970
7989 2 2 1 1 2767 2769 2773
7990 2 2 1 1 826 827 828
7991 2 2 1 1 878 940 941
7992 2 2 1 1 1016 1015 1017
7993 2 2 1 1 1236 1237 1238
7994 2 2 1 1 1418 1416 3408
7995 2 2 1 1 1642 1752 3534
7996 2 2 1 1 1846 4986 4987
7997 2 2 1 1 1927 2643 5457
7998 2 2 1 1 1954 1953 2161
7999 2 2 1 1 1966 2616 5724
8000 2 2 1 1 4997 3448 5663
8001 2 2 1 1 4608 4615 4616
8002 2 2 1 1 917 916 918
8003 2 2 1 1 1970 1968 2545
8004 2 2 1 1 2362 2361 2363
8005 2 2 1 1 2399 2400 2401
8006 2 2 1 1 2694 2695 3241
8007 2 2 1 1 2702 2701 2703
8008 2 2 1 1 2754 2753 2798
8009 2 2 1 1 3065 3066 3125
8010 2 2 1 1 3334 3333 3335
8011 2 2 1 1 3548 3547 3549
8012 2 2 1 1 2373 2375 2937
8013 2 2 1 1 2671 3199 3200
8014 2 2 1 1 3931 5158 5360
8015 2 2 1 1 4309 4308 4310
8016 2 2 1 1 1466 1465 1467
8017 2 2 1 1 3949 2422 5238
8018 2 2 1 1 3120 3119 3703
8019 2 2 1 1 897 932 2757
8020 2 2 1 1 903 939 2358
8021 2 2 1 1 1219 1222 1229
8022 2 2 1 1 1381 1220 3516
8023 2 2 1 1 2041 2299 2484
8024 2 2 1 1 2484 2485 4646
8025 2 2 1 1 3445 2761 3948
8026 2 2 1 1 3576 5459 6075
8027 2 2 1 1 1136 1134 1290
8028 2 2 1 1 1139 1140 1141
8029 2 2 1 1 1192 1191 1193
8030 2 2 1 1 1352 1351 1353
8031 2 2 1 1 1436 1526 2216
8032 2 2 1 1 3144 3145 3788
8033 2 2 1 1 3178 4119 5508
8034 2 2 1 1 3400 3403 3947
8035 2 2 1 1 1814 1816 2621
8036 2 2 1 1 6986 4987 6988
8037 2 2 1 1 4364 1045 5406
8038 2 2 1 1 1167 1166 1168
8039 2 2 1 1 1263 3423 5257
8040 2 2 1 1 1513 1449 1514
8041 2 2 1 1 1791 2155 5515
8042 2 2 1 1 1929 3435 3525
8043 2 2 1 1 2076 2077 2115
8044 2 2 1 1 2080 2078 2537
8045 2 2 1 1 2429 4759 4760
8046 2 2 1 1 2984 2471 2985
8047 2 2 1 1 2967 2968 2969
8048 2 2 1 1 5540 3078 5678
8049 2 2 1 1 988 992 5777
8050 2 2 1 1 1324 1325 1326
8051 2 2 1 1 1776 1777 1874
8052 2 2 1 1 2015 2016 2017
8053 2 2 1 1 2415 2413 3118
8054 2 2 1 1 2955 2956 2957
8055 2 2 1 1 3971 4289 4290
8056 2 2 1 1 919 918 920
8057 2 2 1 1 2058 2845 3085
8058 2 2 1 1 3747 3128 3751
8059 2 2 1 1 2901 2903 5299
8060 2 2 1 1 1204 5275 5276
8061 2 2 1 1 1244 1245 1246
8062 2 2 1 1 1724 1726 2837
8063 2 2 1 1 2514 2515 2654
8064 2 2 1 1 2919 2918 2920
8065 2 2 1 1 878 941 947
8066 2 2 1 1 1403 1321 5001
8067 2 2 1 1 2757 2759 5446
8068 2 2 1 1 3053 3054 3977
8069 2 2 1 1 5300 3791 5301
8070 2 2 1 1 969 2463 2464
8071 2 2 1 1 1354 1353 1355
8072 2 2 1 1 1820 1819 1821
8073 2 2 1 1 3540 3539 3541
8074 2 2 1 1 3546 3547 3548
8075 2 2 1 1 4827 4829 4830
8076 2 2 1 1 1515 1516 5825
8077 2 2 1 1 2447 2276 5380
8078 2 2 1 1 3808 2452 5387
8079 2 2 1 1 1898 2432 2435
8080 2 2 1 1 2961 2960 2962
8081 2 2 1 1 2375 2376 2377
8082 2 2 1 1 2886 2885 2887
8083 2 2 1 1 5007 5008 5009
8084 2 2 1 1 1199 1189 1200
8085 2 2 1 1 1336 1337 1338
8086 2 2 1 1 1490 1489 1491
8087 2 2 1 1 2064 2066 5049
8088 2 2 1 1 3201 3202 3210
8089 2 2 1 1 1737 1729 1738
8090 2 2 1 1 2322 2323 2324
8091 2 2 1 1 2616 2592 3130
8092 2 2 1 1 965 967 2250
8093 2 2 1 1 1586 1588 1592
8094 2 2 1 1 1742 2541 2840
8095 2 2 1 1 2106 2104 2551
8096 2 2 1 1 2460 2458 2505
8097 2 2 1 1 2915 2916 2917
8098 2 2 1 1 4928 4929 4930
8099 2 2 1 1 1046 1045 1047
8100 2 2 1 1 1048 1049 1050
8101 2 2 1 1 1197 1494 3535
8102 2 2 1 1 1880 1284 3457
8103 2 2 1 1 1572 1574 2645
8104 2 2 1 1 1576 1578 1593
8105 2 2 1 1 1620 1628 2870
8106 2 2 1 1 2253 1907 5382
8107 2 2 1 1 2037 1963 2038
8108 2 2 1 1 2185 2186 2189
8109 2 2 1 1 2337 2340 2436
8110 2 2 1 1 2979 2466 3045
8111 2 2 1 1 2641 3051 3052
8112 2 2 1 1 2648 2647 3572
8113 2 2 1 1 2841 5461 5697
8114 2 2 1 1 2963 2964 2965
8115 2 2 1 1 4065 3590 4066
8116 2 2 1 1 841 842 843
8117 2 2 1 1 2331 2333 2446
8118 2 2 1 1 3035 5285 5630
8119 2 2 1 1 3591 3592 5861
8120 2 2 1 1 1691 1692 1695
8121 2 2 1 1 2149 2150 2151
8122 2 2 1 1 2021 2020 2022
8123 2 2 1 1 2802 3895 5338
8124 2 2 1 1 3716 4403 5633
8125 2 2 1 1 949 951 2880
8126 2 2 1 1 1330 1329 1331
8127 2 2 1 1 1440 1438 2855
8128 2 2 1 1 2982 2471 2984
8129 2 2 1 1 2765 2766 2767
8130 2 2 1 1 2713 2714 2715
8131 2 2 1 1 2903 2944 3791
8132 2 2 1 1 1754 1714 5951
8133 2 2 1 1 2829 5314 5521
8134 2 2 1 1 3142 3160 3605
8135 2 2 1 1 1982 2057 2058
8136 2 2 1 1 5005 3935 5006
8137 2 2 1 1 2836 3119 3120
8138 2 2 1 1 1701 1697 1703
8139 2 2 1 1 2087 2086 2088
8140 2 2 1 1 3087 3088 3974
8141 2 2 1 1 3906 3907 3908
8142 2 2 1 1 1400 1057 5170
8143 2 2 1 1 1282 1295 1296
8144 2 2 1 1 1305 1306 1307
8145 2 2 1 1 1409 1447 1448
8146 2 2 1 1 2058 2057 2845
8147 2 2 1 1 4120 3797 5649
8148 2 2 1 1 1797 1800 5969
8149 2 2 1 1 3349 3350 3351
8150 2 2 1 1 3424 3383 3931
8151 2 2 1 1 3403 3402 3404
8152 2 2 1 1 1227 1221 1228
8153 2 2 1 1 1386 2131 2132
8154 2 2 1 1 1992 1990 1993
8155 2 2 1 1 3474 3476 5103
8156 2 2 1 1 4789 4790 4791
8157 2 2 1 1 1333 1331 2157
8158 2 2 1 1 2751 1414 2752
8159 2 2 1 1 1560 1562 1595
8160 2 2 1 1 1581 1579 4410
8161 2 2 1 1 1836 1837 1838
8162 2 2 1 1 2578 2415 5808
8163 2 2 1 1 3889 3079 3890
8164 2 2 1 1 3133 3221 3757
8165 2 2 1 1 3206 3207 3208
8166 2 2 1 1 4412 3839 4413
8167 2 2 1 1 2974 2667 3485
8168 2 2 1 1 3957 3196 4241
8169 2 2 1 1 3613 3446 5662
8170 2 2 1 1 975 1763 5522
8171 2 2 1 1 2507 2197 3037
8172 2 2 1 1 2310 2311 2312
8173 2 2 1 1 2326 2325 2327
8174 2 2 1 1 814 815 816
8175 2 2 1 1 818 819 820
8176 2 2 1 1 1959 2192 4887
8177 2 2 1 1 2284 2456 2833
8178 2 2 1 1 2327 2325 2342
8179 2 2 1 1 1274 1265 5392
8180 2 2 1 1 1920 1919 1921
8181 2 2 1 1 3893 3906 4890
8182 2 2 1 1 2763 2764 2765
8183 2 2 1 1 1314 1313 1315
8184 2 2 1 1 1334 1333 1335
8185 2 2 1 1 1344 1343 1345
8186 2 2 1 1 1346 1345 1347
8187 2 2 1 1 3136 2945 3137
8188 2 2 1 1 1114 1115 1116
8189 2 2 1 1 1984 2425 2426
8190 2 2 1 1 3123 2786 3653
8191 2 2 1 1 3431 5450 5451
8192 2 2 1 1 1404 1289 1415
8193 2 2 1 1 2027 2732 3706
8194 2 2 1 1 3623 3624 3664
8195 2 2 1 1 1209 2242 5250
8196 2 2 1 1 1863 1862 1864
8197 2 2 1 1 3566 3565 3568
8198 2 2 1 1 2752 1414 2753
8199 2 2 1 1 1520 1527 1528
8200 2 2 1 1 1628 1621 5530
8201 2 2 1 1 2546 2141 5828
8202 2 2 1 1 2423 2422 2657
8203 2 2 1 1 1584 1583 1585
8204 2 2 1 1 824 823 5501
8205 2 2 1 1 2704 2705 2706
8206 2 2 1 1 3482 3483 3871
8207 2 2 1 1 3491 4567 5103
8208 2 2 1 1 4561 4560 4563
8209 2 2 1 1 4956 4958 4959
8210 2 2 1 1 892 893 894
8211 2 2 1 1 1142 1140 3530
8212 2 2 1 1 1623 1622 1624
8213 2 2 1 1 2083 2084 2085
8214 2 2 1 1 2696 2697 2698
8215 2 2 1 1 3906 3894 3907
8216 2 2 1 1 4625 4624 4626
8217 2 2 1 1 5680 5094 5755
8218 2 2 1 1 3950 3658 5405
8219 2 2 1 1 1390 1389 1456
8220 2 2 1 1 4711 5175 5176
8221 2 2 1 1 4959 4958 4960
8222 2 2 1 1 1545 1544 1546
8223 2 2 1 1 2656 3128 3129
8224 2 2 1 1 3434 1502 5326
8225 2 2 1 1 1749 5622 5680
8226 2 2 1 1 2924 2922 3707
8227 2 2 1 1 3732 3730 3834
8228 2 2 1 1 4499 4500 4501
8229 2 2 1 1 2194 2195 2196
8230 2 2 1 1 2346 2347 2348
8231 2 2 1 1 2495 2496 2999
8232 2 2 1 1 3343 3342 5287
8233 2 2 1 1 3920 5487 5492
8234 2 2 1 1 1770 1772 2793
8235 2 2 1 1 2276 2278 5380
8236 2 2 1 1 2860 2843 2861
8237 2 2 1 1 3975 4074 4075
8238 2 2 1 1 3373 1762 5320
8239 2 2 1 1 5101 844 5787
8240 2 2 1 1 1674 1675 1677
8241 2 2 1 1 2435 2896 2897
8242 2 2 1 1 3394 2512 4638
8243 2 2 1 1 2747 3354 3355
8244 2 2 1 1 5257 3423 5258
8245 2 2 1 1 1679 1680 1681
8246 2 2 1 1 2845 3375 3376
8247 2 2 1 1 3142 3972 5745
8248 2 2 1 1 3494 3495 3496
8249 2 2 1 1 1277 1275 2850
8250 2 2 1 1 2785 2419 2786
8251 2 2 1 1 3685 3686 3698
8252 2 2 1 1 1572 1573 1574
8253 2 2 1 1 2673 2669 3158
8254 2 2 1 1 4722 3420 5530
8255 2 2 1 1 5308 5184 5998
8256 2 2 1 1 2618 1183 5860
8257 2 2 1 1 2870 1628 3100
8258 2 2 1 1 1846 4985 4986
8259 2 2 1 1 1973 1972 1974
8260 2 2 1 1 2312 2311 2313
8261 2 2 1 1 2313 2314 2315
8262 2 2 1 1 3198 3470 3573
8263 2 2 1 1 3312 3313 3314
8264 2 2 1 1 3340 3339 3341
8265 2 2 1 1 1485 1487 5271
8266 2 2 1 1 2571 2411 3113
8267 2 2 1 1 1824 1825 1826
8268 2 2 1 1 2313 2311 2314
8269 2 2 1 1 2905 2466 2979
8270 2 2 1 1 2524 2731 3481
8271 2 2 1 1 2531 2532 2533
8272 2 2 1 1 3049 2642 3079
8273 2 2 1 1 2817 2819 5870
8274 2 2 1 1 2825 3455 3456
8275 2 2 1 1 3366 3427 3512
8276 2 2 1 1 4348 4349 4350
8277 2 2 1 1 2737 2707 4393
8278 2 2 1 1 1516 3892 3893
8279 2 2 1 1 2657 2422 3949
8280 2 2 1 1 5571 2542 5573
8281 2 2 1 1 2810 2812 2813
8282 2 2 1 1 3212 3214 4094
8283 2 2 1 1 3314 3313 3329
8284 2 2 1 1 4753 5937 5964
8285 2 2 1 1 1842 1843 1844
8286 2 2 1 1 1855 1856 1857
8287 2 2 1 1 1957 1950 3006
8288 2 2 1 1 2890 3759 3764
8289 2 2 1 1 3058 3057 3411
8290 2 2 1 1 3719 3718 3720
8291 2 2 1 1 2713 2715 2720
8292 2 2 1 1 4365 3836 4744
8293 2 2 1 1 3861 4543 4544
8294 2 2 1 1 949 2880 5472
8295 2 2 1 1 3776 3219 4092
8296 2 2 1 1 1242 1266 5475
8297 2 2 1 1 1988 1942 1989
8298 2 2 1 1 3172 2982 5659
8299 2 2 1 1 3424 3931 5359
8300 2 2 1 1 2198 2197 2507
8301 2 2 1 1 3996 3600 6007
8302 2 2 1 1 1307 1309 1492
8303 2 2 1 1 2683 2684 2687
8304 2 2 1 1 5224 5225 5226
8305 2 2 1 1 1712 3477 5219
8306 2 2 1 1 2459 2458 2460
8307 2 2 1 1 2827 3235 3970
8308 2 2 1 1 2128 2127 2130
8309 2 2 1 1 2468 2142 5883
8310 2 2 1 1 2484 2299 2485
8311 2 2 1 1 2743 2614 2744
8312 2 2 1 1 2641 3050 3051
8313 2 2 1 1 2963 2962 2964
8314 2 2 1 1 3304 3305 3306
8315 2 2 1 1 1359 1357 5381
8316 2 2 1 1 3334 3337 3634
8317 2 2 1 1 2549 1200 2679
8318 2 2 1 1 1436 1429 1437
8319 2 2 1 1 1829 1827 2408
8320 2 2 1 1 1830 1829 1831
8321 2 2 1 1 5754 3042 6015
8322 2 2 1 1 3082 3479 3480
8323 2 2 1 1 3345 3294 3346
8324 2 2 1 1 3464 4049 4124
8325 2 2 1 1 1520 1528 1529
8326 2 2 1 1 2869 2867 3446
8327 2 2 1 1 4748 6132 6467
8328 2 2 1 1 2062 4041 5255
8329 2 2 1 1 2960 2958 5609
8330 2 2 1 1 3583 3603 3721
8331 2 2 1 1 4508 4510 4511
8332 2 2 1 1 2029 1907 2060
8333 2 2 1 1 938 1846 5687
8334 2 2 1 1 1613 1794 1795
8335 2 2 1 1 1962 2411 2571
8336 2 2 1 1 2967 2969 3654
8337 2 2 1 1 3053 3977 4818
8338 2 2 1 1 2495 1868 2496
8339 2 2 1 1 3024 2535 3385
8340 2 2 1 1 3023 3868 3869
8341 2 2 1 1 2432 1874 5721
8342 2 2 1 1 3945 3060 5431
8343 2 2 1 1 3126 3309 3310
8344 2 2 1 1 3555 3553 5812
8345 2 2 1 1 928 921 5074
8346 2 2 1 1 2502 2230 2503
8347 2 2 1 1 2483 2305 3090
8348 2 2 1 1 3934 3650 3935
8349 2 2 1 1 3908 3909 3910
8350 2 2 1 1 1205 1201 1207
8351 2 2 1 1 1852 1878 2842
8352 2 2 1 1 2143 2142 2468
8353 2 2 1 1 2481 2480 2894
8354 2 2 1 1 6956 6954 6957
8355 2 2 1 1 1145 1148 1402
8356 2 2 1 1 1654 2749 5548
8357 2 2 1 1 5103 2811 5131
8358 2 2 1 1 2574 2573 2879
8359 2 2 1 1 2824 2826 3536
8360 2 2 1 1 3431 3945 5282
8361 2 2 1 1 934 937 942
8362 2 2 1 1 2231 2230 2502
8363 2 2 1 1 1606 1603 1607
8364 2 2 1 1 1832 1831 1833
8365 2 2 1 1 1935 1934 1936
8366 2 2 1 1 3363 2550 3364
8367 2 2 1 1 1075 1073 2171
8368 2 2 1 1 1724 1725 1726
8369 2 2 1 1 1931 1933 3059
8370 2 2 1 1 3558 3631 3632
8371 2 2 1 1 934 928 935
8372 2 2 1 1 1190 1189 1199
8373 2 2 1 1 1872 1870 1873
8374 2 2 1 1 2050 1880 2624
8375 2 2 1 1 2144 2598 2600
8376 2 2 1 1 2490 2572 2724
8377 2 2 1 1 3141 2977 3784
8378 2 2 1 1 4642 3973 4998
8379 2 2 1 1 5193 3169 5194
8380 2 2 1 1 2234 2474 2593
8381 2 2 1 1 3257 3256 3258
8382 2 2 1 1 3557 3555 3559
8383 2 2 1 1 4541 3873 4584
8384 2 2 1 1 4108 4107 4109
8385 2 2 1 1 2534 2948 2949
8386 2 2 1 1 2955 2954 2956
8387 2 2 1 1 3409 4857 5086
8388 2 2 1 1 3860 3028 3861
8389 2 2 1 1 3065 3125 3127
8390 2 2 1 1 1293 1383 1451
8391 2 2 1 1 1456 1389 1477
8392 2 2 1 1 1618 1629 2848
8393 2 2 1 1 3884 3883 3885
8394 2 2 1 1 3628 3627 4105
8395 2 2 1 1 3011 3276 3277
8396 2 2 1 1 1184 1183 1186
8397 2 2 1 1 1386 2132 3923
8398 2 2 1 1 1437 1429 1438
8399 2 2 1 1 1728 1729 1737
8400 2 2 1 1 1806 1808 2619
8401 2 2 1 1 2101 2102 2103
8402 2 2 1 1 2313 2315 2330
8403 2 2 1 1 4734 3783 4736
8404 2 2 1 1 2202 1759 2203
8405 2 2 1 1 2076 2115 2116
8406 2 2 1 1 2227 1924 2228
8407 2 2 1 1 3413 5173 5555
8408 2 2 1 1 1055 1053 2238
8409 2 2 1 1 1231 1291 5477
8410 2 2 1 1 1474 1476 1739
8411 2 2 1 1 3153 3152 3163
8412 2 2 1 1 3529 5853 6045
8413 2 2 1 1 1668 1667 1669
8414 2 2 1 1 2034 1946 2835
8415 2 2 1 1 2852 2501 3010
8416 2 2 1 1 2952 2950 4073
8417 2 2 1 1 1415 1289 1416
8418 2 2 1 1 5365 2286 5427
8419 2 2 1 1 2816 2815 2817
8420 2 2 1 1 3605 3606 3645
8421 2 2 1 1 1816 1817 1818
8422 2 2 1 1 1977 1978 1979
8423 2 2 1 1 1770 1771 1772
8424 2 2 1 1 1806 1807 1808
8425 2 2 1 1 2389 2398 2399
8426 2 2 1 1 6315 5513 6330
8427 2 2 1 1 1704 1705 1706
8428 2 2 1 1 2913 2914 2915
8429 2 2 1 1 3340 3641 3663
8430 2 2 1 1 3537 3539 3540
8431 2 2 1 1 3864 1925 3865
8432 2 2 1 1 3138 3796 3806
8433 2 2 1 1 1820 1821 1822
8434 2 2 1 1 2476 2380 2477
8435 2 2 1 1 2877 2878 3676
8436 2 2 1 1 3147 3148 3149
8437 2 2 1 1 3959 5728 5742
8438 2 2 1 1 1507 1508 1718
8439 2 2 1 1 3400 3402 3403
8440 2 2 1 1 4748 4747 4749
8441 2 2 1 1 2185 2178 2186
8442 2 2 1 1 2377 2379 2465
8443 2 2 1 1 3587 3061 3976
8444 2 2 1 1 1641 1642 1643
8445 2 2 1 1 1938 5693 5694
8446 2 2 1 1 2117 2111 2396
8447 2 2 1 1 2520 2518 3150
8448 2 2 1 1 2719 2718 3105
8449 2 2 1 1 2248 1600 2307
8450 2 2 1 1 2228 3081 5695
8451 2 2 1 1 2671 2251 2672
8452 2 2 1 1 2984 3181 3823
8453 2 2 1 1 4078 3963 5347
8454 2 2 1 1 2873 2068 2874
8455 2 2 1 1 3286 3117 3287
8456 2 2 1 1 4270 4271 4273
8457 2 2 1 1 1524 1789 2589
8458 2 2 1 1 3468 1925 3864
8459 2 2 1 1 1966 1967 2592
8460 2 2 1 1 2189 2403 2490
8461 2 2 1 1 2295 2729 4667
8462 2 2 1 1 3625 3626 4466
8463 2 2 1 1 4402 3986 5831
8464 2 2 1 1 4293 4292 4294
8465 2 2 1 1 1633 1631 1634
8466 2 2 1 1 3971 3235 4289
8467 2 2 1 1 3869 3868 4404
8468 2 2 1 1 1840 1841 1842
8469 2 2 1 1 2970 2968 2971
8470 2 2 1 1 3392 4654 4754
8471 2 2 1 1 1292 5262 5263
8472 2 2 1 1 2987 1965 3134
8473 2 2 1 1 2750 2823 2824
8474 2 2 1 1 4818 3977 4819
8475 2 2 1 1 5687 6986 6990
8476 2 2 1 1 3282 3270 3856
8477 2 2 1 1 5803 3470 5967
8478 2 2 1 1 1625 1626 1627
8479 2 2 1 1 2034 2835 2877
8480 2 2 1 1 2434 2608 2609
8481 2 2 1 1 2699 2697 5527
8482 2 2 1 1 3287 3117 3675
8483 2 2 1 1 3210 3773 3774
8484 2 2 1 1 4978 3513 5516
8485 2 2 1 1 2416 2415 2578
8486 2 2 1 1 2611 2612 3143
8487 2 2 1 1 4605 4607 4608
8488 2 2 1 1 1225 1231 5477
8489 2 2 1 1 2824 2825 2826
8490 2 2 1 1 3095 3621 3936
8491 2 2 1 1 1693 5168 6091
8492 2 2 1 1 1882 1741 1950
8493 2 2 1 1 2228 1924 3081
8494 2 2 1 1 2219 2217 2221
8495 2 2 1 1 2370 2371 2455
8496 2 2 1 1 3382 4873 5317
8497 2 2 1 1 3962 3485 5954
8498 2 2 1 1 3986 3987 3988
8499 2 2 1 1 3301 4137 5329
8500 2 2 1 1 1920 1921 1922
8501 2 2 1 1 2123 2122 2124
8502 2 2 1 1 3283 2569 3284
8503 2 2 1 1 1260 1258 5395
8504 2 2 1 1 1966 2592 2616
8505 2 2 1 1 4939 2163 5947
8506 2 2 1 1 2700 2699 2701
8507 2 2 1 1 2767 2766 2768
8508 2 2 1 1 3292 3289 3842
8509 2 2 1 1 1482 1480 1793
8510 2 2 1 1 827 5501 5714
8511 2 2 1 1 992 990 5593
8512 2 2 1 1 1842 1841 1843
8513 2 2 1 1 1945 2033 2056
8514 2 2 1 1 2741 2740 2742
8515 2 2 1 1 3739 5279 5280
8516 2 2 1 1 1017 1015 5391
8517 2 2 1 1 1419 1384 1420
8518 2 2 1 1 1524 1502 1525
8519 2 2 1 1 1538 1541 5308
8520 2 2 1 1 2227 2229 5429
8521 2 2 1 1 2547 2539 3031
8522 2 2 1 1 3482 2731 3483
8523 2 2 1 1 5487 3917 5488
8524 2 2 1 1 3133 3757 3926
8525 2 2 1 1 3142 3605 3972
8526 2 2 1 1 1184 1187 3384
8527 2 2 1 1 2058 3085 3086
8528 2 2 1 1 2735 2733 2736
8529 2 2 1 1 2769 2771 2772
8530 2 2 1 1 2849 3196 3956
8531 2 2 1 1 3848 3031 3849
8532 2 2 1 1 4851 4893 5850
8533 2 2 1 1 3542 3544 3612
8534 2 2 1 1 3437 2985 5342
8535 2 2 1 1 3063 3064 3065
8536 2 2 1 1 3912 3913 3914
8537 2 2 1 1 1652 1717 3733
8538 2 2 1 1 2603 1916 5685
8539 2 2 1 1 2017 2016 2018
8540 2 2 1 1 2350 2351 2352
8541 2 2 1 1 2701 2699 2857
8542 2 2 1 1 2893 3380 3464
8543 2 2 1 1 4648 4647 4649
8544 2 2 1 1 2565 2564 2634
8545 2 2 1 1 3157 3194 3775
8546 2 2 1 1 1713 1703 1714
8547 2 2 1 1 1818 1817 1819
8548 2 2 1 1 2138 2139 2144
8549 2 2 1 1 1090 1088 1092
8550 2 2 1 1 1778 1768 2368
8551 2 2 1 1 2214 3413 5191
8552 2 2 1 1 2267 2269 5407
8553 2 2 1 1 2562 3098 3099
8554 2 2 1 1 2782 2899 2900
8555 2 2 1 1 3395 3180 3782
8556 2 2 1 1 3646 3812 3813
8557 2 2 1 1 2652 2040 5933
8558 2 2 1 1 2095 2096 2097
8559 2 2 1 1 2422 1394 5238
8560 2 2 1 1 2858 2627 3013
8561 2 2 1 1 1711 3928 4017
8562 2 2 1 1 2176 2177 2179
8563 2 2 1 1 2856 3609 4020
8564 2 2 1 1 3133 3132 3221
8565 2 2 1 1 1310 1311 1312
8566 2 2 1 1 3100 1628 3420
8567 2 2 1 1 3410 3459 3460
8568 2 2 1 1 1756 1721 1758
8569 2 2 1 1 2022 2025 2026
8570 2 2 1 1 3070 3074 3649
8571 2 2 1 1 3542 3543 3544
8572 2 2 1 1 5513 5512 6330
8573 2 2 1 1 990 1225 5593
8574 2 2 1 1 1303 1302 1304
8575 2 2 1 1 1683 1684 1685
8576 2 2 1 1 3522 3173 3789
8577 2 2 1 1 1648 1646 2300
8578 2 2 1 1 5081 3918 5082
8579 2 2 1 1 1580 1579 1581
8580 2 2 1 1 1929 1794 3435
8581 2 2 1 1 2172 2173 2174
8582 2 2 1 1 3499 3498 3500
8583 2 2 1 1 2679 1200 3473
8584 2 2 1 1 1797 1781 1798
8585 2 2 1 1 1159 1161 5311
8586 2 2 1 1 1711 4018 5514
8587 2 2 1 1 2036 1963 2037
8588 2 2 1 1 2272 5099 5407
8589 2 2 1 1 2278 2479 5380
8590 2 2 1 1 3956 3957 5985
8591 2 2 1 1 4775 4778 5567
8592 2 2 1 1 1198 1879 4966
8593 2 2 1 1 1709 1708 1712
8594 2 2 1 1 2711 2710 6128
8595 2 2 1 1 3720 3718 3844
8596 2 2 1 1 1861 1859 1881
8597 2 2 1 1 2629 2462 5153
8598 2 2 1 1 4285 3388 4336
8599 2 2 1 1 4634 4632 4637
8600 2 2 1 1 2599 2145 2601
8601 2 2 1 1 2370 2369 2371
8602 2 2 1 1 1876 1758 1897
8603 2 2 1 1 3254 6335 6343
8604 2 2 1 1 3785 3411 3786
8605 2 2 1 1 3723 3724 3725
8606 2 2 1 1 4825 4827 5470
8607 2 2 1 1 2577 2291 3722
8608 2 2 1 1 3288 4581 6064
8609 2 2 1 1 5722 5570 5806
8610 2 2 1 1 998 1401 5372
8611 2 2 1 1 5079 2347 5346
8612 2 2 1 1 3428 3080 3471
8613 2 2 1 1 4415 4417 4419
8614 2 2 1 1 3493 3492 3498
8615 2 2 1 1 3668 3667 3669
8616 2 2 1 1 1202 1201 1205
8617 2 2 1 1 1936 1934 2467
8618 2 2 1 1 2114 2083 5375
8619 2 2 1 1 2941 2473 2942
8620 2 2 1 1 2142 2301 5883
8621 2 2 1 1 2886 2888 2912
8622 2 2 1 1 1890 1892 1906
8623 2 2 1 1 3646 3811 3812
8624 2 2 1 1 4775 4774 4776
8625 2 2 1 1 1424 1425 1426
8626 2 2 1 1 3035 2162 5285
8627 2 2 1 1 3130 2592 3425
8628 2 2 1 1 3470 2976 5539
8629 2 2 1 1 2921 2923 3184
8630 2 2 1 1 2220 2223 2224
8631 2 2 1 1 3951 3667 6071
8632 2 2 1 1 1908 1903 1909
8633 2 2 1 1 3467 4600 4694
8634 2 2 1 1 2924 3707 3737
8635 2 2 1 1 1974 1972 2511
8636 2 2 1 1 2535 2534 5354
8637 2 2 1 1 3636 3643 4013
8638 2 2 1 1 2627 1951 2628
8639 2 2 1 1 2137 2141 2546
8640 2 2 1 1 2602 2738 2739
8641 2 2 1 1 2704 2703 2705
8642 2 2 1 1 2800 2798 5577
8643 2 2 1 1 3047 3373 3436
8644 2 2 1 1 3180 3170 4067
8645 2 2 1 1 3242 3243 3691
8646 2 2 1 1 3418 5000 5481
8647 2 2 1 1 4631 4632 4633
8648 2 2 1 1 5801 4931 6018
8649 2 2 1 1 1926 2603 5559
8650 2 2 1 1 3459 3409 5086
8651 2 2 1 1 3723 3720 3724
8652 2 2 1 1 2013 2010 5708
8653 2 2 1 1 2399 2398 2400
8654 2 2 1 1 3670 3669 3671
8655 2 2 1 1 2269 2272 5407
8656 2 2 1 1 2591 2590 3131
8657 2 2 1 1 5127 3434 5290
8658 2 2 1 1 2035 1838 5620
8659 2 2 1 1 2527 2528 2529
8660 2 2 1 1 1828 1827 1829
8661 2 2 1 1 3537 3538 3539
8662 2 2 1 1 1696 1668 2303
8663 2 2 1 1 1322 1323 1324
8664 2 2 1 1 2854 2344 5950
8665 2 2 1 1 3246 3244 4394
8666 2 2 1 1 2844 1355 5686
8667 2 2 1 1 5184 1716 5185
8668 2 2 1 1 3452 3451 3880
8669 2 2 1 1 3411 3057 3938
8670 2 2 1 1 1877 1911 1944
8671 2 2 1 1 3012 2626 3025
8672 2 2 1 1 2806 2807 2808
8673 2 2 1 1 4609 4606 4611
8674 2 2 1 1 6319 5729 6338
8675 2 2 1 1 4309 4310 4311
8676 2 2 1 1 5399 927 5827
8677 2 2 1 1 2116 2501 2851
8678 2 2 1 1 3317 3318 3319
8679 2 2 1 1 1810 1811 1812
8680 2 2 1 1 3239 3240 3830
8681 2 2 1 1 846 5019 5610
8682 2 2 1 1 2081 2080 2082
8683 2 2 1 1 2331 2329 2332
8684 2 2 1 1 2527 2526 2528
8685 2 2 1 1 2890 3746 3759
8686 2 2 1 1 2109 2119 2295
8687 2 2 1 1 1315 1313 1762
8688 2 2 1 1 2921 2922 2923
8689 2 2 1 1 5133 3477 6104
8690 2 2 1 1 2295 2119 2728
8691 2 2 1 1 2694 3241 3273
8692 2 2 1 1 3696 3697 4269
8693 2 2 1 1 3955 5473 5765
8694 2 2 1 1 2060 2747 5590
8695 2 2 1 1 3466 3444 3682
8696 2 2 1 1 1195 2789 5509
8697 2 2 1 1 1211 1209 5250
8698 2 2 1 1 3015 3014 3269
8699 2 2 1 1 4381 4352 4451
8700 2 2 1 1 3727 3728 3729
8701 2 2 1 1 5327 5801 6018
8702 2 2 1 1 4287 3236 4288
8703 2 2 1 1 3494 3496 3497
8704 2 2 1 1 4296 4294 4375
8705 2 2 1 1 2161 1953 3448
8706 2 2 1 1 2022 2026 5940
8707 2 2 1 1 3131 2590 3602
8708 2 2 1 1 3424 5524 5525
8709 2 2 1 1 4956 2863 4957
8710 2 2 1 1 3329 3313 3565
8711 2 2 1 1 3556 3555 3557
8712 2 2 1 1 3670 3671 3672
8713 2 2 1 1 3033 3270 3282
8714 2 2 1 1 3039 2744 3152
8715 2 2 1 1 3099 3614 3637
8716 2 2 1 1 6402 5780 6420
8717 2 2 1 1 2412 2244 3973
8718 2 2 1 1 5983 2722 6229
8719 2 2 1 1 3647 3648 4703
8720 2 2 1 1 1508 1786 1877
8721 2 2 1 1 1833 1831 1914
8722 2 2 1 1 2532 2530 5932
8723 2 2 1 1 2665 3166 3296
8724 2 2 1 1 3959 3958 5739
8725 2 2 1 1 2277 2279 5427
8726 2 2 1 1 3234 3387 3388
8727 2 2 1 1 3262 3260 4333
8728 2 2 1 1 2112 2111 2117
8729 2 2 1 1 1494 1522 1523
8730 2 2 1 1 2927 2929 5523
8731 2 2 1 1 4827 4828 4829
8732 2 2 1 1 1714 1703 3593
8733 2 2 1 1 2182 2183 2184
8734 2 2 1 1 2834 3033 3447
8735 2 2 1 1 1130 3693 5447
8736 2 2 1 1 3446 2867 4865
8737 2 2 1 1 5094 3521 5755
8738 2 2 1 1 5108 3386 5109
8739 2 2 1 1 1658 1656 2296
8740 2 2 1 1 2984 3823 5659
8741 2 2 1 1 2023 2022 5940
8742 2 2 1 1 3357 3358 4439
8743 2 2 1 1 2763 2765 2770
8744 2 2 1 1 4976 3473 4977
8745 2 2 1 1 4837 4843 4844
8746 2 2 1 1 2529 2530 2531
8747 2 2 1 1 3415 3417 4362
8748 2 2 1 1 4475 4474 4476
8749 2 2 1 1 5066 5555 5580
8750 2 2 1 1 3284 3635 3636
8751 2 2 1 1 2655 2515 3946
8752 2 2 1 1 1758 1721 1773
8753 2 2 1 1 1918 1919 1920
8754 2 2 1 1 5210 2847 5211
8755 2 2 1 1 3238 2728 3251
8756 2 2 1 1 2867 2866 2868
8757 2 2 1 1 4540 4077 4875
8758 2 2 1 1 3473 1200 5698
8759 2 2 1 1 3367 2218 6010
8760 2 2 1 1 3301 3299 4053
8761 2 2 1 1 5422 3991 5482
8762 2 2 1 1 1484 1482 5316
8763 2 2 1 1 2354 2355 2448
8764 2 2 1 1 3580 3579 3581
8765 2 2 1 1 3436 3564 5065
8766 2 2 1 1 1230 3533 5657
8767 2 2 1 1 2533 2535 3023
8768 2 2 1 1 1397 5204 5205
8769 2 2 1 1 1987 1942 1988
8770 2 2 1 1 2165 2636 2834
8771 2 2 1 1 1796 1781 1797
8772 2 2 1 1 2609 2608 2946
8773 2 2 1 1 2917 2916 2918
8774 2 2 1 1 3953 3067 5595
8775 2 2 1 1 4650 4651 4652
8776 2 2 1 1 1305 1304 1306
8777 2 2 1 1 2486 2200 2491
8778 2 2 1 1 2438 2665 5852
8779 2 2 1 1 3056 3055 5174
8780 2 2 1 1 907 5718 5805
8781 2 2 1 1 2136 2135 2138
8782 2 2 1 1 1322 1324 2489
8783 2 2 1 1 2408 1827 5463
8784 2 2 1 1 3306 3307 3591
8785 2 2 1 1 1387 1251 5383
8786 2 2 1 1 2075 2071 5720
8787 2 2 1 1 2704 2706 3252
8788 2 2 1 1 2817 2815 2818
8789 2 2 1 1 5607 2837 6028
8790 2 2 1 1 3135 4110 5587
8791 2 2 1 1 833 835 5398
8792 2 2 1 1 4056 4057 4088
8793 2 2 1 1 3558 3704 5549
8794 2 2 1 1 1889 2226 5106
8795 2 2 1 1 4810 3396 5102
8796 2 2 1 1 3322 3325 3326
8797 2 2 1 1 3086 4004 4005
8798 2 2 1 1 2643 3465 5457
8799 2 2 1 1 2745 2746 2775
8800 2 2 1 1 1441 1440 1442
8801 2 2 1 1 2875 2572 2876
8802 2 2 1 1 4040 6566 6568
8803 2 2 1 1 2788 1163 5667
8804 2 2 1 1 1180 1177 5591
8805 2 2 1 1 1360 2486 5762
8806 2 2 1 1 3626 2940 3627
8807 2 2 1 1 3268 3266 3833
8808 2 2 1 1 1824 1826 2494
8809 2 2 1 1 2144 2145 2598
8810 2 2 1 1 3941 3076 3943
8811 2 2 1 1 3412 3843 4392
8812 2 2 1 1 3487 3488 4465
8813 2 2 1 1 3665 4796 6071
8814 2 2 1 1 5054 2169 6037
8815 2 2 1 1 2377 2378 2379
8816 2 2 1 1 2116 2851 5719
8817 2 2 1 1 1787 2214 5191
8818 2 2 1 1 2955 2957 3588
8819 2 2 1 1 3011 3277 3278
8820 2 2 1 1 1629 1614 5558
8821 2 2 1 1 2169 5192 6037
8822 2 2 1 1 2685 2483 2686
8823 2 2 1 1 1542 1540 5715
8824 2 2 1 1 2319 2321 2322
8825 2 2 1 1 2460 2505 5153
8826 2 2 1 1 4299 4298 4300
8827 2 2 1 1 2001 2052 3578
8828 2 2 1 1 4789 4788 4790
8829 2 2 1 1 3233 3222 4267
8830 2 2 1 1 3561 4811 4812
8831 2 2 1 1 2457 2449 2458
8832 2 2 1 1 3252 4365 5597
8833 2 2 1 1 5748 4741 6114
8834 2 2 1 1 2895 3204 3205
8835 2 2 1 1 3955 3954 5421
8836 2 2 1 1 2100 2558 5958
8837 2 2 1 1 930 913 5358
8838 2 2 1 1 3957 4242 4243
8839 2 2 1 1 2105 2104 2106
8840 2 2 1 1 4506 5904 5920
8841 2 2 1 1 1995 1993 2569
8842 2 2 1 1 2975 2935 2976
8843 2 2 1 1 3519 3520 3633
8844 2 2 1 1 1804 1803 1805
8845 2 2 1 1 2126 2127 2128
8846 2 2 1 1 2533 3023 5938
8847 2 2 1 1 3303 3302 3304
8848 2 2 1 1 914 912 5157
8849 2 2 1 1 4946 2129 6038
8850 2 2 1 1 2152 2492 4577
8851 2 2 1 1 2218 2217 2219
8852 2 2 1 1 3940 2820 5581
8853 2 2 1 1 3941 3943 5063
8854 2 2 1 1 1944 1911 2244
8855 2 2 1 1 2821 2820 3068
8856 2 2 1 1 913 915 5358
8857 2 2 1 1 3422 3431 5451
8858 2 2 1 1 4413 3839 4414
8859 2 2 1 1 4777 4781 5688
8860 2 2 1 1 2021 2022 2023
8861 2 2 1 1 4113 4114 4166
8862 2 2 1 1 815 813 5417
8863 2 2 1 1 3931 4885 5158
8864 2 2 1 1 5259 2178 5295
8865 2 2 1 1 2991 3111 3112
8866 2 2 1 1 4079 3217 4085
8867 2 2 1 1 4714 4716 4717
8868 2 2 1 1 2389 2497 5625
8869 2 2 1 1 4733 3783 4734
8870 2 2 1 1 918 916 5800
8871 2 2 1 1 3674 5090 6257
8872 2 2 1 1 1909 1903 2561
8873 2 2 1 1 2630 3014 3015
8874 2 2 1 1 2651 1124 5447
8875 2 2 1 1 4904 2936 4905
8876 2 2 1 1 5081 5082 5083
8877 2 2 1 1 1571 1569 6105
8878 2 2 1 1 2220 2222 2223
8879 2 2 1 1 2317 2318 2319
8880 2 2 1 1 2200 1361 5658
8881 2 2 1 1 3756 3134 4043
8882 2 2 1 1 2719 3105 5413
8883 2 2 1 1 2839 5450 5648
8884 2 2 1 1 2207 5735 6013
8885 2 2 1 1 2030 1926 5559
8886 2 2 1 1 2182 2184 2872
8887 2 2 1 1 3475 2859 3584
8888 2 2 1 1 3802 4060 4223
8889 2 2 1 1 3099 3637 3960
8890 2 2 1 1 813 847 5417
8891 2 2 1 1 3257 3258 3259
8892 2 2 1 1 3680 3556 5549
8893 2 2 1 1 4508 4507 4509
8894 2 2 1 1 1622 5819 6203
8895 2 2 1 1 5017 2650 5070
8896 2 2 1 1 2806 2808 2809
8897 2 2 1 1 3950 5715 5753
8898 2 2 1 1 2496 1868 5957
8899 2 2 1 1 3631 4688 4689
8900 2 2 1 1 3615 3616 3617
8901 2 2 1 1 1998 1999 2000
8902 2 2 1 1 2616 4595 4597
8903 2 2 1 1 1876 1897 1943
8904 2 2 1 1 4714 4713 4716
8905 2 2 1 1 1651 1652 1653
8906 2 2 1 1 1707 1705 1708
8907 2 2 1 1 1243 2632 4557
8908 2 2 1 1 1506 1428 5339
8909 2 2 1 1 5208 2261 5648
8910 2 2 1 1 2550 1522 5097
8911 2 2 1 1 3162 3161 3824
8912 2 2 1 1 5029 2754 5468
8913 2 2 1 1 3453 3518 3519
8914 2 2 1 1 1691 1695 3589
8915 2 2 1 1 1338 1370 5502
8916 2 2 1 1 2016 2024 5600
8917 2 2 1 1 2679 3473 4976
8918 2 2 1 1 3212 3213 3214
8919 2 2 1 1 1789 1966 5724
8920 2 2 1 1 2906 2907 3167
8921 2 2 1 1 3237 3236 4287
8922 2 2 1 1 1836 1835 1837
8923 2 2 1 1 3839 3003 5775
8924 2 2 1 1 3872 3037 3873
8925 2 2 1 1 1381 3516 5588
8926 2 2 1 1 3269 3014 3272
8927 2 2 1 1 4511 4510 4512
8928 2 2 1 1 888 933 5360
8929 2 2 1 1 2783 5743 5744
8930 2 2 1 1 3698 3699 3700
8931 2 2 1 1 1378 5343 5344
8932 2 2 1 1 3881 4732 5614
8933 2 2 1 1 2036 2487 2827
8934 2 2 1 1 2249 5032 5056
8935 2 2 1 1 1987 5076 6067
8936 2 2 1 1 3832 3831 4282
8937 2 2 1 1 3853 4380 4383
8938 2 2 1 1 1810 1812 2042
8939 2 2 1 1 2341 2338 2344
8940 2 2 1 1 2881 2584 3115
8941 2 2 1 1 3573 3470 5803
8942 2 2 1 1 2564 2508 5621
8943 2 2 1 1 4519 4514 4751
8944 2 2 1 1 1362 1359 5381
8945 2 2 1 1 2935 5525 5539
8946 2 2 1 1 3328 3327 3336
8947 2 2 1 1 803 846 5610
8948 2 2 1 1 2834 3032 3033
8949 2 2 1 1 933 5359 5360
8950 2 2 1 1 6955 7202 7203
8951 2 2 1 1 1827 1825 5463
8952 2 2 1 1 2870 3924 5419
8953 2 2 1 1 2908 4561 4562
8954 2 2 1 1 3330 3328 3331
8955 2 2 1 1 5275 1042 5277
8956 2 2 1 1 5344 3945 5431
8957 2 2 1 1 3229 2184 3656
8958 2 2 1 1 3041 2187 5913
8959 2 2 1 1 3472 3998 3999
8960 2 2 1 1 1392 1501 5238
8961 2 2 1 1 1503 1847 5579
8962 2 2 1 1 4513 4514 4517
8963 2 2 1 1 2886 2887 2888
8964 2 2 1 1 1425 1956 5628
8965 2 2 1 1 2437 2222 2439
8966 2 2 1 1 3616 3618 3805
8967 2 2 1 1 3755 5228 5229
8968 2 2 1 1 4030 5024 5025
8969 2 2 1 1 5037 2666 5039
8970 2 2 1 1 4060 4061 4098
8971 2 2 1 1 3771 3332 3772
8972 2 2 1 1 2822 1387 5383
8973 2 2 1 1 2772 3021 3146
8974 2 2 1 1 5488 3917 5489
8975 2 2 1 1 4549 4551 4552
8976 2 2 1 1 4873 2818 5317
8977 2 2 1 1 2151 2154 2734
8978 2 2 1 1 2105 2109 5910
8979 2 2 1 1 4771 4770 4772
8980 2 2 1 1 1391 925 5326
8981 2 2 1 1 1763 5175 6151
8982 2 2 1 1 5425 2262 5481
8983 2 2 1 1 4812 4811 4814
8984 2 2 1 1 1652 3733 5583
8985 2 2 1 1 4414 3839 5775
8986 2 2 1 1 1676 1673 5124
8987 2 2 1 1 2263 2287 5648
8988 2 2 1 1 2602 2601 2738
8989 2 2 1 1 3572 2647 5661
8990 2 2 1 1 3055 5173 5174
8991 2 2 1 1 3958 3422 5451
8992 2 2 1 1 5493 5491 5494
8993 2 2 1 1 1996 1995 4664
8994 2 2 1 1 3158 3590 4065
8995 2 2 1 1 3491 3490 3492
8996 2 2 1 1 3603 2296 5412
8997 2 2 1 1 2697 3532 5527
8998 2 2 1 1 3526 3514 5768
8999 2 2 1 1 1971 1973 5666
9000 2 2 1 1 2920 2918 3736
9001 2 2 1 1 3994 3208 3995
9002 2 2 1 1 3019 3281 3921
9003 2 2 1 1 5745 3972 5917
9004 2 2 1 1 4928 4930 4932
9005 2 2 1 1 2779 4507 4508
9006 2 2 1 1 2871 3599 3644
9007 2 2 1 1 3610 3611 3647
9008 2 2 1 1 2189 2490 2682
9009 2 2 1 1 2370 2455 3398
9010 2 2 1 1 3597 3607 3989
9011 2 2 1 1 4554 5132 5133
9012 2 2 1 1 1051 1054 5734
9013 2 2 1 1 2949 2948 3195
9014 2 2 1 1 5239 3604 5881
9015 2 2 1 1 5271 2750 5962
9016 2 2 1 1 2557 2707 2737
9017 2 2 1 1 4293 4294 4295
9018 2 2 1 1 4634 6279 6965
9019 2 2 1 1 3485 2667 5559
9020 2 2 1 1 2833 5163 5632
9021 2 2 1 1 4489 6044 6112
9022 2 2 1 1 2732 4675 4676
9023 2 2 1 1 3225 3224 3226
9024 2 2 1 1 3337 3338 3655
9025 2 2 1 1 3108 3109 3661
9026 2 2 1 1 1795 1931 5753
9027 2 2 1 1 3019 3280 3281
9028 2 2 1 1 904 903 5718
9029 2 2 1 1 3546 4859 5780
9030 2 2 1 1 3954 3084 5768
9031 2 2 1 1 3343 5287 5288
9032 2 2 1 1 3850 4083 4374
9033 2 2 1 1 2628 1951 5641
9034 2 2 1 1 2834 3447 5947
9035 2 2 1 1 2973 2964 5193
9036 2 2 1 1 2032 2445 3222
9037 2 2 1 1 2137 2136 2140
9038 2 2 1 1 2578 6536 6539
9039 2 2 1 1 4000 3998 4002
9040 2 2 1 1 2675 3216 3359
9041 2 2 1 1 3988 4010 4401
9042 2 2 1 1 4497 2167 6228
9043 2 2 1 1 3273 4286 4369
9044 2 2 1 1 4746 4747 4748
9045 2 2 1 1 3025 2626 4407
9046 2 2 1 1 5078 6209 6273
9047 2 2 1 1 3879 3878 4495
9048 2 2 1 1 4003 4002 5089
9049 2 2 1 1 2230 2228 5695
9050 2 2 1 1 3600 2846 4873
9051 2 2 1 1 2438 2437 2663
9052 2 2 1 1 2554 2400 3104
9053 2 2 1 1 3052 4578 6045
9054 2 2 1 1 1563 1561 6201
9055 2 2 1 1 980 993 5261
9056 2 2 1 1 3333 3332 3771
9057 2 2 1 1 3006 1950 3061
9058 2 2 1 1 2630 3016 5729
9059 2 2 1 1 2996 2997 3260
9060 2 2 1 1 1297 3524 5611
9061 2 2 1 1 4999 3419 5159
9062 2 2 1 1 2011 2010 2012
9063 2 2 1 1 3715 3716 3717
9064 2 2 1 1 5299 3791 5300
9065 2 2 1 1 5374 5395 5473
9066 2 2 1 1 3347 3346 3348
9067 2 2 1 1 2755 5026 5027
9068 2 2 1 1 5086 2114 5758
9069 2 2 1 1 3500 3498 3509
9070 2 2 1 1 5524 3948 5525
9071 2 2 1 1 4073 2950 5790
9072 2 2 1 1 900 902 5237
9073 2 2 1 1 4302 4300 4372
9074 2 2 1 1 2130 2127 2431
9075 2 2 1 1 3174 2595 5700
9076 2 2 1 1 2772 3020 3021
9077 2 2 1 1 3266 2875 3267
9078 2 2 1 1 3326 3332 3333
9079 2 2 1 1 2848 4007 5819
9080 2 2 1 1 5126 3434 5127
9081 2 2 1 1 1920 1922 2790
9082 2 2 1 1 2877 3676 4268
9083 2 2 1 1 1459 2841 5551
9084 2 2 1 1 1891 1889 5106
9085 2 2 1 1 5956 5149 6241
9086 2 2 1 1 2828 917 5399
9087 2 2 1 1 3930 4714 4715
9088 2 2 1 1 2188 2187 2680
9089 2 2 1 1 2777 2778 2780
9090 2 2 1 1 3476 3490 3491
9091 2 2 1 1 1379 4585 5605
9092 2 2 1 1 3462 4452 4453
9093 2 2 1 1 2289 2605 5673
9094 2 2 1 1 3121 2900 3156
9095 2 2 1 1 2148 2054 3992
9096 2 2 1 1 2237 5560 5688
9097 2 2 1 1 2481 2894 2895
9098 2 2 1 1 3151 2615 3157
9099 2 2 1 1 5062 4755 5304
9100 2 2 1 1 2101 2103 4666
9101 2 2 1 1 2644 1862 5588
9102 2 2 1 1 3018 2854 3983
9103 2 2 1 1 3851 4881 4882
9104 2 2 1 1 5797 3969 5988
9105 2 2 1 1 2992 2993 3239
9106 2 2 1 1 1415 1417 5601
9107 2 2 1 1 2717 2718 2719
9108 2 2 1 1 2774 4648 5234
9109 2 2 1 1 3068 2820 3940
9110 2 2 1 1 3476 3491 5103
9111 2 2 1 1 3457 1284 5140
9112 2 2 1 1 3722 2291 6068
9113 2 2 1 1 6581 5280 6588
9114 2 2 1 1 1205 1207 5178
9115 2 2 1 1 4389 3618 4448
9116 2 2 1 1 1030 1223 5518
9117 2 2 1 1 4776 4774 4777
9118 2 2 1 1 1864 2644 6055
9119 2 2 1 1 907 904 5718
9120 2 2 1 1 1229 1283 5677
9121 2 2 1 1 4264 3776 4265
9122 2 2 1 1 5716 1775 5717
9123 2 2 1 1 2176 2179 2180
9124 2 2 1 1 4910 5519 5520
9125 2 2 1 1 3679 3581 3694
9126 2 2 1 1 3861 4544 5817
9127 2 2 1 1 5533 5534 6009
9128 2 2 1 1 3357 4439 4497
9129 2 2 1 1 3275 3029 3390
9130 2 2 1 1 4717 4718 4719
9131 2 2 1 1 2421 820 5561
9132 2 2 1 1 3384 1187 5247
9133 2 2 1 1 2602 2739 5979
9134 2 2 1 1 2394 2668 3615
9135 2 2 1 1 2665 3296 5852
9136 2 2 1 1 4017 3928 5443
9137 2 2 1 1 880 883 5863
9138 2 2 1 1 5240 1142 5241
9139 2 2 1 1 2860 2862 5730
9140 2 2 1 1 3319 3321 3322
9141 2 2 1 1 2571 3114 3993
9142 2 2 1 1 3342 3331 4062
9143 2 2 1 1 3408 1416 5657
9144 2 2 1 1 3666 3665 3667
9145 2 2 1 1 2147 2054 2148
9146 2 2 1 1 3245 3293 3875
9147 2 2 1 1 3952 5073 5923
9148 2 2 1 1 4001 4450 4761
9149 2 2 1 1 4431 4430 4433
9150 2 2 1 1 4928 2511 4929
9151 2 2 1 1 2633 834 4925
9152 2 2 1 1 2581 2582 2583
9153 2 2 1 1 4324 4323 4325
9154 2 2 1 1 2261 2263 5648
9155 2 2 1 1 1903 1754 5951
9156 2 2 1 1 3245 3244 3246
9157 2 2 1 1 2667 2030 5559
9158 2 2 1 1 5395 1292 5645
9159 2 2 1 1 1047 4364 5420
9160 2 2 1 1 3118 2413 5736
9161 2 2 1 1 5163 3794 5649
9162 2 2 1 1 6120 5186 6161
9163 2 2 1 1 2575 2574 2576
9164 2 2 1 1 3669 3667 3951
9165 2 2 1 1 2561 6240 6241
9166 2 2 1 1 3095 3094 3621
9167 2 2 1 1 2849 2473 2941
9168 2 2 1 1 2897 2951 5239
9169 2 2 1 1 3871 3483 4488
9170 2 2 1 1 4955 2863 4956
9171 2 2 1 1 3436 5065 5233
9172 2 2 1 1 2151 2152 2154
9173 2 2 1 1 3654 4622 4629
9174 2 2 1 1 2903 3791 5299
9175 2 2 1 1 2477 2380 2570
9176 2 2 1 1 3112 3678 3695
9177 2 2 1 1 3664 3624 3665
9178 2 2 1 1 5115 5116 5117
9179 2 2 1 1 1456 1719 5461
9180 2 2 1 1 2287 2839 5648
9181 2 2 1 1 3365 3575 5894
9182 2 2 1 1 3446 4865 4867
9183 2 2 1 1 3462 3463 4452
9184 2 2 1 1 3964 4752 6014
9185 2 2 1 1 1382 1208 5415
9186 2 2 1 1 2473 2472 5839
9187 2 2 1 1 2761 2760 5644
9188 2 2 1 1 4316 4315 4317
9189 2 2 1 1 3227 3225 4070
9190 2 2 1 1 3708 3701 3709
9191 2 2 1 1 1945 1923 1946
9192 2 2 1 1 4041 3760 5761
9193 2 2 1 1 2744 2614 5654
9194 2 2 1 1 2533 2534 2535
9195 2 2 1 1 5540 5678 5802
9196 2 2 1 1 1036 1038 5584
9197 2 2 1 1 2742 2740 3882
9198 2 2 1 1 3304 3306 3308
9199 2 2 1 1 5026 5028 5655
9200 2 2 1 1 4700 3344 4701
9201 2 2 1 1 2637 3053 5615
9202 2 2 1 1 3769 2894 4809
9203 2 2 1 1 5571 3438 5572
9204 2 2 1 1 4477 4476 4478
9205 2 2 1 1 5734 5020 5735
9206 2 2 1 1 3731 3730 3732
9207 2 2 1 1 4888 2559 5832
9208 2 2 1 1 3460 3459 3461
9209 2 2 1 1 1925 1235 5669
9210 2 2 1 1 3298 3297 3299
9211 2 2 1 1 1070 1097 5371
9212 2 2 1 1 4791 4793 4794
9213 2 2 1 1 5301 3791 5587
9214 2 2 1 1 1577 2252 5960
9215 2 2 1 1 3492 3490 3507
9216 2 2 1 1 3959 5739 5990
9217 2 2 1 1 3426 974 5091
9218 2 2 1 1 2869 3446 3613
9219 2 2 1 1 3257 3259 4347
9220 2 2 1 1 3869 4908 5834
9221 2 2 1 1 5173 5172 5174
9222 2 2 1 1 870 872 5546
9223 2 2 1 1 1611 5144 5145
9224 2 2 1 1 3768 3136 5656
9225 2 2 1 1 4803 3790 5445
9226 2 2 1 1 1611 1608 5144
9227 2 2 1 1 2173 2756 5295
9228 2 2 1 1 3457 5553 5554
9229 2 2 1 1 5718 3523 5805
9230 2 2 1 1 1862 1731 5588
9231 2 2 1 1 3939 3041 5913
9232 2 2 1 1 3857 5919 6035
9233 2 2 1 1 2469 2468 6073
9234 2 2 1 1 2053 2011 3311
9235 2 2 1 1 987 985 5437
9236 2 2 1 1 6584 2250 6585
9237 2 2 1 1 2665 2906 3166
9238 2 2 1 1 2548 5457 5596
9239 2 2 1 1 2537 2078 5293
9240 2 2 1 1 2339 4524 6367
9241 2 2 1 1 3234 3388 4285
9242 2 2 1 1 3435 5434 5464
9243 2 2 1 1 1531 1528 5139
9244 2 2 1 1 1588 1590 5776
9245 2 2 1 1 1962 2571 5921
9246 2 2 1 1 5081 5083 5085
9247 2 2 1 1 945 5687 6990
9248 2 2 1 1 3632 3631 5867
9249 2 2 1 1 1731 1381 5588
9250 2 2 1 1 3230 3831 3832
9251 2 2 1 1 1653 1652 5583
9252 2 2 1 1 4731 3939 5198
9253 2 2 1 1 1394 1392 5238
9254 2 2 1 1 3017 2854 3018
9255 2 2 1 1 4970 5842 5853
9256 2 2 1 1 1042 1044 5277
9257 2 2 1 1 2292 5371 5598
9258 2 2 1 1 982 981 5454
9259 2 2 1 1 4001 4449 4450
9260 2 2 1 1 2632 1241 5651
9261 2 2 1 1 2996 3260 3262
9262 2 2 1 1 2086 2237 5740
9263 2 2 1 1 3392 4755 5269
9264 2 2 1 1 3883 3882 6206
9265 2 2 1 1 4495 3878 4917
9266 2 2 1 1 3203 2948 5932
9267 2 2 1 1 4338 4337 4345
9268 2 2 1 1 5403 2544 5404
9269 2 2 1 1 1502 1391 5326
9270 2 2 1 1 1052 1051 5734
9271 2 2 1 1 1151 1102 5379
9272 2 2 1 1 3157 2615 3194
9273 2 2 1 1 2628 6098 6185
9274 2 2 1 1 5209 5210 5912
9275 2 2 1 1 4618 4617 4619
9276 2 2 1 1 2946 2608 2978
9277 2 2 1 1 5293 3421 5908
9278 2 2 1 1 1376 1262 5374
9279 2 2 1 1 2529 2531 3022
9280 2 2 1 1 1164 3069 5594
9281 2 2 1 1 2441 5636 6060
9282 2 2 1 1 3355 3354 5528
9283 2 2 1 1 1553 4492 6250
9284 2 2 1 1 2913 2915 2925
9285 2 2 1 1 2880 951 5480
9286 2 2 1 1 1033 1031 5452
9287 2 2 1 1 3351 3350 3352
9288 2 2 1 1 808 850 5552
9289 2 2 1 1 4572 4573 4574
9290 2 2 1 1 1904 5319 5705
9291 2 2 1 1 2082 2080 5907
9292 2 2 1 1 2594 2980 6024
9293 2 2 1 1 4278 4279 4280
9294 2 2 1 1 5542 3526 5661
9295 2 2 1 1 1390 1458 5112
9296 2 2 1 1 2538 1477 5611
9297 2 2 1 1 4653 3767 5389
9298 2 2 1 1 4884 3880 5052
9299 2 2 1 1 4130 3778 5523
9300 2 2 1 1 1253 1255 5987
9301 2 2 1 1 872 876 5546
9302 2 2 1 1 2805 2800 5577
9303 2 2 1 1 3778 2927 5523
9304 2 2 1 1 4062 3331 4063
9305 2 2 1 1 1912 2864 2865
9306 2 2 1 1 4743 2396 6162
9307 2 2 1 1 3426 5092 5714
9308 2 2 1 1 5533 1521 5534
9309 2 2 1 1 3988 3987 4009
9310 2 2 1 1 5710 3744 5711
9311 2 2 1 1 2897 5239 5535
9312 2 2 1 1 4423 4425 4427
9313 2 2 1 1 3867 5254 6297
9314 2 2 1 1 2390 4876 5973
9315 2 2 1 1 2124 2122 2125
9316 2 2 1 1 1686 5150 5151
9317 2 2 1 1 3284 2569 3635
9318 2 2 1 1 1742 2840 5307
9319 2 2 1 1 953 961 5480
9320 2 2 1 1 3127 3125 5195
9321 2 2 1 1 3672 3673 3683
9322 2 2 1 1 1876 1943 2678
9323 2 2 1 1 2521 2524 5469
9324 2 2 1 1 2730 3236 3237
9325 2 2 1 1 2330 2315 5095
9326 2 2 1 1 6112 3022 6182
9327 2 2 1 1 1963 1962 5921
9328 2 2 1 1 1041 1039 5336
9329 2 2 1 1 1284 1167 5140
9330 2 2 1 1 4470 3203 5932
9331 2 2 1 1 3760 3762 5761
9332 2 2 1 1 911 930 5792
9333 2 2 1 1 3728 4371 5799
9334 2 2 1 1 3797 3798 5632
9335 2 2 1 1 3937 5375 5376
9336 2 2 1 1 6196 4574 6212
9337 2 2 1 1 5107 2226 5937
9338 2 2 1 1 2611 3143 3454
9339 2 2 1 1 2955 3588 5647
9340 2 2 1 1 3514 5746 5768
9341 2 2 1 1 4779 5560 5907
9342 2 2 1 1 2691 2690 2692
9343 2 2 1 1 4927 2511 4928
9344 2 2 1 1 2653 2652 3116
9345 2 2 1 1 2692 2690 3110
9346 2 2 1 1 969 2594 5608
9347 2 2 1 1 2972 2970 5723
9348 2 2 1 1 4488 3483 4489
9349 2 2 1 1 3561 4813 5807
9350 2 2 1 1 2435 2897 5535
9351 2 2 1 1 3800 3275 3863
9352 2 2 1 1 1443 1001 5268
9353 2 2 1 1 1430 1510 6218
9354 2 2 1 1 4507 2746 4672
9355 2 2 1 1 3454 3803 3804
9356 2 2 1 1 1772 1771 5869
9357 2 2 1 1 6017 3974 6047
9358 2 2 1 1 4243 4244 4245
9359 2 2 1 1 3890 3079 5770
9360 2 2 1 1 3713 3711 3714
9361 2 2 1 1 5060 5059 5061
9362 2 2 1 1 3184 4054 4156
9363 2 2 1 1 4045 4046 4056
9364 2 2 1 1 1482 1793 5316
9365 2 2 1 1 3824 3161 3825
9366 2 2 1 1 2991 2723 3111
9367 2 2 1 1 5497 2446 6143
9368 2 2 1 1 4105 3627 4123
9369 2 2 1 1 2675 3215 3216
9370 2 2 1 1 5661 3526 5784
9371 2 2 1 1 3983 5950 6069
9372 2 2 1 1 1020 1017 5391
9373 2 2 1 1 2206 5328 5592
9374 2 2 1 1 1765 1767 5578
9375 2 2 1 1 3427 4968 5249
9376 2 2 1 1 1499 1503 5579
9377 2 2 1 1 3689 3688 4026
9378 2 2 1 1 1386 3923 5840
9379 2 2 1 1 1848 1749 5680
9380 2 2 1 1 2745 2775 3361
9381 2 2 1 1 3547 3561 5807
9382 2 2 1 1 3549 3547 5807
9383 2 2 1 1 792 853 5738
9384 2 2 1 1 2544 1499 5579
9385 2 2 1 1 903 2358 5718
9386 2 2 1 1 6204 4008 6243
9387 2 2 1 1 1523 1724 5845
9388 2 2 1 1 2774 4647 4648
9389 2 2 1 1 2225 5108 5364
9390 2 2 1 1 2347 2345 5346
9391 2 2 1 1 2827 2992 3235
9392 2 2 1 1 5168 6266 6318
9393 2 2 1 1 2167 827 5714
9394 2 2 1 1 2647 5542 5661
9395 2 2 1 1 5223 2587 5253
9396 2 2 1 1 939 5088 5795
9397 2 2 1 1 1843 1915 5683
9398 2 2 1 1 1214 2646 5310
9399 2 2 1 1 1829 2408 5847
9400 2 2 1 1 1986 5680 5755
9401 2 2 1 1 4403 3714 5794
9402 2 2 1 1 790 792 5738
9403 2 2 1 1 5133 5132 5219
9404 2 2 1 1 2792 1599 5483
9405 2 2 1 1 923 920 5582
9406 2 2 1 1 3981 5764 6056
9407 2 2 1 1 3946 2515 5795
9408 2 2 1 1 3474 2859 3475
9409 2 2 1 1 3958 5451 5673
9410 2 2 1 1 1900 2548 5536
9411 2 2 1 1 5386 3905 6196
9412 2 2 1 1 4986 4988 5574
9413 2 2 1 1 5089 2855 6020
9414 2 2 1 1 3293 3294 3345
9415 2 2 1 1 4785 4786 4787
9416 2 2 1 1 3962 5934 5935
9417 2 2 1 1 1906 5745 5917
9418 2 2 1 1 2026 2394 5940
9419 2 2 1 1 3625 2940 3626
9420 2 2 1 1 3944 3372 5044
9421 2 2 1 1 2739 2909 5979
9422 2 2 1 1 5733 4418 5775
9423 2 2 1 1 1541 5184 5308
9424 2 2 1 1 3184 3735 4054
9425 2 2 1 1 2040 2038 5933
9426 2 2 1 1 5200 5201 5202
9427 2 2 1 1 1582 1584 6094
9428 2 2 1 1 3204 3769 4080
9429 2 2 1 1 4961 4960 4963
9430 2 2 1 1 1790 1525 5126
9431 2 2 1 1 1298 1390 5112
9432 2 2 1 1 3426 5091 5092
9433 2 2 1 1 947 949 5472
9434 2 2 1 1 3817 3371 3818
9435 2 2 1 1 6955 6953 7202
9436 2 2 1 1 1226 991 5668
9437 2 2 1 1 5374 1260 5395
9438 2 2 1 1 1576 1593 5291
9439 2 2 1 1 3092 2367 5901
9440 2 2 1 1 3669 3951 5474
9441 2 2 1 1 2279 5207 5892
9442 2 2 1 1 3529 3527 5853
9443 2 2 1 1 2588 5228 5626
9444 2 2 1 1 1270 4741 5748
9445 2 2 1 1 5044 3372 5045
9446 2 2 1 1 4612 4611 4613
9447 2 2 1 1 4479 4478 4498
9448 2 2 1 1 4176 3818 4228
9449 2 2 1 1 4578 5054 6037
9450 2 2 1 1 3134 1965 5441
9451 2 2 1 1 5783 3798 5892
9452 2 2 1 1 1528 1527 5139
9453 2 2 1 1 2980 2981 5949
9454 2 2 1 1 1020 5391 5500
9455 2 2 1 1 1447 5067 5660
9456 2 2 1 1 2990 2723 2991
9457 2 2 1 1 5022 5021 6252
9458 2 2 1 1 3514 2212 5392
9459 2 2 1 1 2032 3222 3233
9460 2 2 1 1 2938 2526 5756
9461 2 2 1 1 6200 3674 6257
9462 2 2 1 1 844 5691 5787
9463 2 2 1 1 1234 1236 5348
9464 2 2 1 1 1408 1406 5529
9465 2 2 1 1 1574 1576 5291
9466 2 2 1 1 2151 2734 6048
9467 2 2 1 1 2549 3428 4899
9468 2 2 1 1 1225 5477 5593
9469 2 2 1 1 1898 2435 5535
9470 2 2 1 1 5207 5783 5892
9471 2 2 1 1 5312 1542 5715
9472 2 2 1 1 2081 2114 5438
9473 2 2 1 1 3105 2718 3106
9474 2 2 1 1 3907 3919 5858
9475 2 2 1 1 1075 2171 6211
9476 2 2 1 1 2944 3135 5587
9477 2 2 1 1 5392 1376 5746
9478 2 2 1 1 2647 2259 5542
9479 2 2 1 1 3169 2960 5609
9480 2 2 1 1 5539 3948 5967
9481 2 2 1 1 5644 2770 5803
9482 2 2 1 1 1683 1685 5882
9483 2 2 1 1 3242 3691 4283
9484 2 2 1 1 3156 2900 5322
9485 2 2 1 1 3944 5001 5479
9486 2 2 1 1 1874 1875 5721
9487 2 2 1 1 3442 4916 6093
9488 2 2 1 1 2720 4883 6267
9489 2 2 1 1 3232 4274 4275
9490 2 2 1 1 1769 1778 5781
9491 2 2 1 1 3368 3039 5759
9492 2 2 1 1 2156 5261 5485
9493 2 2 1 1 3407 3406 3845
9494 2 2 1 1 2054 1633 6021
9495 2 2 1 1 3532 2503 5695
9496 2 2 1 1 5635 4984 5844
9497 2 2 1 1 844 5690 5691
9498 2 2 1 1 2251 967 5608
9499 2 2 1 1 2919 2921 6190
9500 2 2 1 1 5033 5315 5679
9501 2 2 1 1 1127 1130 5447
9502 2 2 1 1 2212 1274 5392
9503 2 2 1 1 3310 4850 5710
9504 2 2 1 1 4003 5089 6020
9505 2 2 1 1 4276 4277 4278
9506 2 2 1 1 3828 4331 4332
9507 2 2 1 1 2869 3613 3623
9508 2 2 1 1 3265 3073 6099
9509 2 2 1 1 5080 3918 5081
9510 2 2 1 1 5311 4984 5635
9511 2 2 1 1 4757 2221 5810
9512 2 2 1 1 1266 1244 5531
9513 2 2 1 1 2816 3474 5131
9514 2 2 1 1 5881 3604 6081
9515 2 2 1 1 1605 1606 5884
9516 2 2 1 1 3843 3012 5959
9517 2 2 1 1 1898 5535 5696
9518 2 2 1 1 4277 4275 6331
9519 2 2 1 1 1958 1959 5901
9520 2 2 1 1 3296 3298 5916
9521 2 2 1 1 1633 1635 6021
9522 2 2 1 1 1267 1041 5336
9523 2 2 1 1 1846 4987 5687
9524 2 2 1 1 805 803 5610
9525 2 2 1 1 4742 2432 5721
9526 2 2 1 1 5115 5117 5118
9527 2 2 1 1 2345 2504 5346
9528 2 2 1 1 3563 4462 5773
9529 2 2 1 1 5880 1861 5896
9530 2 2 1 1 2107 2106 5766
9531 2 2 1 1 1896 2036 6043
9532 2 2 1 1 2962 3169 5193
9533 2 2 1 1 3597 3596 3607
9534 2 2 1 1 2617 4482 4485
9535 2 2 1 1 3131 3748 5709
9536 2 2 1 1 3420 1628 5530
9537 2 2 1 1 912 910 5471
9538 2 2 1 1 6018 4931 6026
9539 2 2 1 1 2638 1566 5692
9540 2 2 1 1 2207 5734 5735
9541 2 2 1 1 2616 4597 5724
9542 2 2 1 1 1048 5635 5844
9543 2 2 1 1 3472 3997 3998
9544 2 2 1 1 2286 2280 5427
9545 2 2 1 1 2291 1662 5809
9546 2 2 1 1 4554 4555 5132
9547 2 2 1 1 2589 1789 5724
9548 2 2 1 1 5063 1509 5782
9549 2 2 1 1 2976 2935 5539
9550 2 2 1 1 1794 1539 5434
9551 2 2 1 1 2680 2187 3041
9552 2 2 1 1 4496 6002 6170
9553 2 2 1 1 3536 5864 5962
9554 2 2 1 1 3753 3602 5796
9555 2 2 1 1 5806 5570 6033
9556 2 2 1 1 932 898 5432
9557 2 2 1 1 1632 2147 6064
9558 2 2 1 1 1217 1214 5310
9559 2 2 1 1 4791 4792 4793
9560 2 2 1 1 2644 5751 6055
9561 2 2 1 1 2084 2082 5560
9562 2 2 1 1 2315 2317 5095
9563 2 2 1 1 3385 2535 5354
9564 2 2 1 1 4802 3860 5817
9565 2 2 1 1 4309 4311 4312
9566 2 2 1 1 3457 5141 5553
9567 2 2 1 1 2213 2257 5343
9568 2 2 1 1 5687 4987 6986
9569 2 2 1 1 2803 2801 5286
9570 2 2 1 1 3168 3171 3820
9571 2 2 1 1 3616 3805 5945
9572 2 2 1 1 4793 4795 6022
9573 2 2 1 1 5318 3255 5902
9574 2 2 1 1 1612 5312 5405
9575 2 2 1 1 2481 2895 5602
9576 2 2 1 1 5036 2666 5037
9577 2 2 1 1 1264 5134 5476
9578 2 2 1 1 2462 2460 5153
9579 2 2 1 1 2503 2230 5695
9580 2 2 1 1 2430 5433 5811
9581 2 2 1 1 4430 4429 4432
9582 2 2 1 1 4314 4313 4315
9583 2 2 1 1 1421 5190 5366
9584 2 2 1 1 2843 1878 5830
9585 2 2 1 1 1536 5308 5309
9586 2 2 1 1 2942 2473 5839
9587 2 2 1 1 2417 790 5738
9588 2 2 1 1 1272 1261 5476
9589 2 2 1 1 3363 4892 5440
9590 2 2 1 1 3601 4457 4458
9591 2 2 1 1 5038 5040 5042
9592 2 2 1 1 3791 2944 5587
9593 2 2 1 1 3439 2928 5585
9594 2 2 1 1 2720 2715 5983
9595 2 2 1 1 951 953 5480
9596 2 2 1 1 2243 1036 5584
9597 2 2 1 1 3585 2307 5465
9598 2 2 1 1 2370 3398 5781
9599 2 2 1 1 3136 3138 5656
9600 2 2 1 1 3322 5069 6051
9601 2 2 1 1 4318 4319 4320
9602 2 2 1 1 2850 5748 6114
9603 2 2 1 1 3004 5733 5775
9604 2 2 1 1 3578 3580 6062
9605 2 2 1 1 5810 3995 6360
9606 2 2 1 1 2188 3096 5161
9607 2 2 1 1 5454 2240 5855
9608 2 2 1 1 1611 5145 5146
9609 2 2 1 1 1111 1109 5851
9610 2 2 1 1 1833 1914 5503
9611 2 2 1 1 2381 805 5610
9612 2 2 1 1 5461 1719 5696
9613 2 2 1 1 1965 1774 5716
9614 2 2 1 1 920 918 5582
9615 2 2 1 1 4030 3732 5024
9616 2 2 1 1 2360 1792 5704
9617 2 2 1 1 840 838 5690
9618 2 2 1 1 2806 2809 4912
9619 2 2 1 1 3516 5416 5540
9620 2 2 1 1 2027 3706 5736
9621 2 2 1 1 1378 2213 5343
9622 2 2 1 1 1779 1461 5551
9623 2 2 1 1 2547 3386 5108
9624 2 2 1 1 2846 2818 4873
9625 2 2 1 1 3406 2997 5418
9626 2 2 1 1 2018 2016 5600
9627 2 2 1 1 2237 2084 5560
9628 2 2 1 1 3886 4463 4657
9629 2 2 1 1 3513 1607 5516
9630 2 2 1 1 2789 1405 5886
9631 2 2 1 1 3125 3745 5195
9632 2 2 1 1 4931 4929 6026
9633 2 2 1 1 4376 3251 4377
9634 2 2 1 1 2111 2107 5766
9635 2 2 1 1 5086 4857 5438
9636 2 2 1 1 1403 5001 5002
9637 2 2 1 1 1905 1984 5948
9638 2 2 1 1 3665 3624 4796
9639 2 2 1 1 3642 4903 4907
9640 2 2 1 1 6266 4014 6318
9641 2 2 1 1 4424 4422 6054
9642 2 2 1 1 4335 4334 4337
9643 2 2 1 1 1796 1797 5969
9644 2 2 1 1 2807 2805 5581
9645 2 2 1 1 1073 1071 5353
9646 2 2 1 1 1534 1536 5309
9647 2 2 1 1 5725 2453 5727
9648 2 2 1 1 1543 1716 5184
9649 2 2 1 1 1938 1936 5693
9650 2 2 1 1 5099 2447 5643
9651 2 2 1 1 4937 3569 6458
9652 2 2 1 1 5588 3516 5802
9653 2 2 1 1 5739 4922 5990
9654 2 2 1 1 4948 4949 4980
9655 2 2 1 1 3152 2744 5654
9656 2 2 1 1 2063 1869 5618
9657 2 2 1 1 1886 1888 5918
9658 2 2 1 1 1906 2029 5745
9659 2 2 1 1 5497 6143 6392
9660 2 2 1 1 2614 4981 5654
9661 2 2 1 1 2896 3164 5790
9662 2 2 1 1 1986 1848 5680
9663 2 2 1 1 4796 3624 5598
9664 2 2 1 1 1119 1117 5767
9665 2 2 1 1 1124 1127 5447
9666 2 2 1 1 5473 5645 5765
9667 2 2 1 1 1461 1459 5551
9668 2 2 1 1 1525 3434 5126
9669 2 2 1 1 2941 2943 5466
9670 2 2 1 1 5010 5008 6246
9671 2 2 1 1 1516 3893 5825
9672 2 2 1 1 1471 5511 5512
9673 2 2 1 1 1774 1775 5716
9674 2 2 1 1 5278 5218 5785
9675 2 2 1 1 5403 3423 5606
9676 2 2 1 1 4752 5558 5617
9677 2 2 1 1 967 969 5608
9678 2 2 1 1 1054 5020 5734
9679 2 2 1 1 5513 6310 6339
9680 2 2 1 1 5227 2588 5666
9681 2 2 1 1 4418 4414 5775
9682 2 2 1 1 1594 1570 5732
9683 2 2 1 1 3640 3352 4379
9684 2 2 1 1 2874 2068 5665
9685 2 2 1 1 3879 6170 6173
9686 2 2 1 1 2410 1118 5589
9687 2 2 1 1 991 989 5904
9688 2 2 1 1 5041 5636 5637
9689 2 2 1 1 2536 2519 5469
9690 2 2 1 1 1573 1604 5541
9691 2 2 1 1 5347 2980 5949
9692 2 2 1 1 5032 3535 5607
9693 2 2 1 1 4787 4788 4789
9694 2 2 1 1 5679 2279 5892
9695 2 2 1 1 2475 2235 5585
9696 2 2 1 1 6210 4013 6266
9697 2 2 1 1 3650 6205 6208
9698 2 2 1 1 3516 5540 5802
9699 2 2 1 1 5056 5032 6096
9700 2 2 1 1 3329 3567 5128
9701 2 2 1 1 2850 1275 5748
9702 2 2 1 1 3891 1514 5660
9703 2 2 1 1 5877 1844 6043
9704 2 2 1 1 2198 2562 5848
9705 2 2 1 1 2280 2277 5427
9706 2 2 1 1 2597 3142 5745
9707 2 2 1 1 3844 3718 5633
9708 2 2 1 1 6079 3104 6223
9709 2 2 1 1 5525 3948 5539
9710 2 2 1 1 1979 1981 5703
9711 2 2 1 1 3835 3251 4376
9712 2 2 1 1 3478 982 5454
9713 2 2 1 1 3003 3004 5775
9714 2 2 1 1 3176 5508 5949
9715 2 2 1 1 973 848 6178
9716 2 2 1 1 5108 5109 5886
9717 2 2 1 1 2358 3523 5718
9718 2 2 1 1 2528 2938 4902
9719 2 2 1 1 2425 2429 5813
9720 2 2 1 1 5610 5019 5915
9721 2 2 1 1 5182 2356 6312
9722 2 2 1 1 1061 4480 5556
9723 2 2 1 1 2472 4602 5839
9724 2 2 1 1 3981 3946 5526
9725 2 2 1 1 3195 2948 3203
9726 2 2 1 1 5990 4924 5995
9727 2 2 1 1 6301 2003 6381
9728 2 2 1 1 2427 2425 5813
9729 2 2 1 1 6276 4493 6286
9730 2 2 1 1 1160 2207 5922
9731 2 2 1 1 2908 4560 4561
9732 2 2 1 1 1246 2791 5531
9733 2 2 1 1 1262 1260 5374
9734 2 2 1 1 3973 2244 5833
9735 2 2 1 1 1417 1760 5601
9736 2 2 1 1 5026 3891 5027
9737 2 2 1 1 5770 3433 5778
9738 2 2 1 1 3794 4069 5650
9739 2 2 1 1 5361 933 5816
9740 2 2 1 1 5142 3925 5143
9741 2 2 1 1 1609 3513 5558
9742 2 2 1 1 4276 4278 4883
9743 2 2 1 1 4887 4888 5772
9744 2 2 1 1 1779 5551 6081
9745 2 2 1 1 5101 5787 6113
9746 2 2 1 1 3572 5661 5997
9747 2 2 1 1 4804 6169 6174
9748 2 2 1 1 5926 3592 5927
9749 2 2 1 1 3348 3346 4445
9750 2 2 1 1 5943 3617 5945
9751 2 2 1 1 5997 5453 6017
9752 2 2 1 1 3069 1162 5922
9753 2 2 1 1 2539 1512 5533
9754 2 2 1 1 2333 2335 5763
9755 2 2 1 1 4435 3435 5464
9756 2 2 1 1 3354 4583 5528
9757 2 2 1 1 2232 5428 5429
9758 2 2 1 1 823 972 5501
9759 2 2 1 1 5645 5265 5765
9760 2 2 1 1 3445 5361 5446
9761 2 2 1 1 4984 5782 5844
9762 2 2 1 1 3673 3671 5905
9763 2 2 1 1 2756 4863 6202
9764 2 2 1 1 1174 1021 5499
9765 2 2 1 1 5096 1234 5348
9766 2 2 1 1 1614 1609 5558
9767 2 2 1 1 5444 3169 5609
9768 2 2 1 1 1735 1750 5704
9769 2 2 1 1 5904 1450 5920
9770 2 2 1 1 4303 4304 4305
9771 2 2 1 1 3357 4497 6008
9772 2 2 1 1 5445 3790 5934
9773 2 2 1 1 4388 6218 6411
9774 2 2 1 1 4022 3106 4023
9775 2 2 1 1 5127 5290 6018
9776 2 2 1 1 5194 3169 5444
9777 2 2 1 1 4966 5125 5664
9778 2 2 1 1 1748 5478 5622
9779 2 2 1 1 3515 3959 5742
9780 2 2 1 1 1098 2499 5379
9781 2 2 1 1 2786 2419 5849
9782 2 2 1 1 2434 4553 5743
9783 2 2 1 1 1207 5771 5837
9784 2 2 1 1 2268 2264 5425
9785 2 2 1 1 5820 3653 5821
9786 2 2 1 1 1233 1226 5668
9787 2 2 1 1 5441 1965 5716
9788 2 2 1 1 3478 5454 5855
9789 2 2 1 1 4578 6037 6045
9790 2 2 1 1 1658 3583 5809
9791 2 2 1 1 2733 2115 5568
9792 2 2 1 1 1857 1861 5880
9793 2 2 1 1 4015 3121 4016
9794 2 2 1 1 2284 2833 5624
9795 2 2 1 1 6263 6264 6265
9796 2 2 1 1 1893 1747 5580
9797 2 2 1 1 1726 6000 6007
9798 2 2 1 1 2264 2262 5425
9799 2 2 1 1 3517 1411 5529
9800 2 2 1 1 2701 2857 5774
9801 2 2 1 1 5084 5082 5936
9802 2 2 1 1 4471 4474 4475
9803 2 2 1 1 1897 1758 5672
9804 2 2 1 1 3054 3027 6008
9805 2 2 1 1 3174 5700 5865
9806 2 2 1 1 1048 1050 5635
9807 2 2 1 1 5601 3976 6065
9808 2 2 1 1 2774 5234 6078
9809 2 2 1 1 6953 7200 7202
9810 2 2 1 1 2115 2077 5568
9811 2 2 1 1 5664 2788 5667
9812 2 2 1 1 4896 4895 5138
9813 2 2 1 1 2868 3576 5909
9814 2 2 1 1 1411 1408 5529
9815 2 2 1 1 2225 2547 5108
9816 2 2 1 1 1931 3059 5753
9817 2 2 1 1 3820 4100 4121
9818 2 2 1 1 5270 5271 5962
9819 2 2 1 1 4084 3152 5654
9820 2 2 1 1 2249 5031 5032
9821 2 2 1 1 2669 2427 5813
9822 2 2 1 1 3976 3061 5788
9823 2 2 1 1 2567 2630 5729
9824 2 2 1 1 1747 5066 5580
9825 2 2 1 1 1388 1433 5606
9826 2 2 1 1 2092 2090 5550
9827 2 2 1 1 1569 5110 6105
9828 2 2 1 1 4719 4720 4937
9829 2 2 1 1 2171 1073 5353
9830 2 2 1 1 1677 1687 6176
9831 2 2 1 1 3471 3080 5968
9832 2 2 1 1 5265 5352 5765
9833 2 2 1 1 3022 2531 5938
9834 2 2 1 1 1719 1776 5696
9835 2 2 1 1 2106 3594 5766
9836 2 2 1 1 5181 3905 5286
9837 2 2 1 1 1364 1362 5631
9838 2 2 1 1 1587 2236 5394
9839 2 2 1 1 2143 2516 5828
9840 2 2 1 1 2071 2073 5720
9841 2 2 1 1 2909 3601 5979
9842 2 2 1 1 3631 4689 5867
9843 2 2 1 1 5835 3952 5923
9844 2 2 1 1 1607 1603 5516
9845 2 2 1 1 1183 1179 5860
9846 2 2 1 1 2964 2962 5193
9847 2 2 1 1 1261 1264 5476
9848 2 2 1 1 3164 4059 5790
9849 2 2 1 1 4765 3035 5630
9850 2 2 1 1 5225 5223 5684
9851 2 2 1 1 895 3062 5713
9852 2 2 1 1 2827 3970 6043
9853 2 2 1 1 4327 3632 5867
9854 2 2 1 1 4307 4308 4309
9855 2 2 1 1 1109 2306 5851
9856 2 2 1 1 3827 2681 5991
9857 2 2 1 1 3696 4269 4272
9858 2 2 1 1 844 840 5690
9859 2 2 1 1 6394 3685 6435
9860 2 2 1 1 1210 2420 5415
9861 2 2 1 1 1021 1020 5499
9862 2 2 1 1 3039 3153 5759
9863 2 2 1 1 3053 4818 5615
9864 2 2 1 1 1955 2641 5842
9865 2 2 1 1 3635 2569 5955
9866 2 2 1 1 2223 2438 5852
9867 2 2 1 1 3138 3806 5656
9868 2 2 1 1 4228 3818 4229
9869 2 2 1 1 2419 5072 5849
9870 2 2 1 1 5461 5696 5697
9871 2 2 1 1 5535 5239 5697
9872 2 2 1 1 3584 2859 5870
9873 2 2 1 1 1856 2215 5663
9874 2 2 1 1 2215 4996 4997
9875 2 2 1 1 2797 2796 5675
9876 2 2 1 1 3968 3570 5989
9877 2 2 1 1 1591 4410 4542
9878 2 2 1 1 5302 2792 5303
9879 2 2 1 1 2029 2597 5745
9880 2 2 1 1 5355 5442 5835
9881 2 2 1 1 5655 5028 6053
9882 2 2 1 1 2588 1971 5666
9883 2 2 1 1 3305 3302 5329
9884 2 2 1 1 3530 1140 5676
9885 2 2 1 1 5573 2542 5750
9886 2 2 1 1 2102 2100 5958
9887 2 2 1 1 5456 3040 5900
9888 2 2 1 1 1887 1884 5964
9889 2 2 1 1 2509 2186 5259
9890 2 2 1 1 899 896 5713
9891 2 2 1 1 2853 2852 5826
9892 2 2 1 1 5045 3372 6108
9893 2 2 1 1 1128 3440 5564
9894 2 2 1 1 1792 1735 5704
9895 2 2 1 1 4866 6154 6183
9896 2 2 1 1 3575 5806 6033
9897 2 2 1 1 1244 1246 5531
9898 2 2 1 1 3079 3433 5770
9899 2 2 1 1 1271 1228 5517
9900 2 2 1 1 2076 2116 5719
9901 2 2 1 1 4044 5297 5298
9902 2 2 1 1 5041 5637 6327
9903 2 2 1 1 2516 2517 6092
9904 2 2 1 1 1001 1003 5268
9905 2 2 1 1 892 5231 5816
9906 2 2 1 1 2396 2111 5766
9907 2 2 1 1 1248 1250 5273
9908 2 2 1 1 1175 1111 5851
9909 2 2 1 1 4057 4046 6165
9910 2 2 1 1 3559 3555 5812
9911 2 2 1 1 1776 1898 5696
9912 2 2 1 1 1840 2488 5620
9913 2 2 1 1 3574 2200 5658
9914 2 2 1 1 5501 3426 5714
9915 2 2 1 1 4559 3585 6284
9916 2 2 1 1 2090 2639 5550
9917 2 2 1 1 3627 2940 6195
9918 2 2 1 1 1646 1643 5760
9919 2 2 1 1 3085 2845 5396
9920 2 2 1 1 5473 5395 5645
9921 2 2 1 1 4128 3185 5818
9922 2 2 1 1 2397 4913 5905
9923 2 2 1 1 4082 3174 5865
9924 2 2 1 1 4971 2565 5035
9925 2 2 1 1 5303 2792 5567
9926 2 2 1 1 4508 4511 4914
9927 2 2 1 1 2069 2075 5665
9928 2 2 1 1 2833 5632 5783
9929 2 2 1 1 806 808 5552
9930 2 2 1 1 1890 1906 5917
9931 2 2 1 1 5192 4807 6037
9932 2 2 1 1 835 5397 5398
9933 2 2 1 1 6109 4008 6171
9934 2 2 1 1 2114 5086 5438
9935 2 2 1 1 2296 1656 5583
9936 2 2 1 1 4637 5793 6200
9937 2 2 1 1 1569 1567 5110
9938 2 2 1 1 5075 2753 5701
9939 2 2 1 1 2845 3376 5396
9940 2 2 1 1 5941 3617 5942
9941 2 2 1 1 2367 1958 5901
9942 2 2 1 1 2545 5127 6026
9943 2 2 1 1 3653 2786 5849
9944 2 2 1 1 3969 2860 5730
9945 2 2 1 1 4384 4383 4385
9946 2 2 1 1 1969 2588 5626
9947 2 2 1 1 3569 1764 5631
9948 2 2 1 1 1116 2410 5565
9949 2 2 1 1 2229 2232 5429
9950 2 2 1 1 5800 931 5801
9951 2 2 1 1 5875 3684 5963
9952 2 2 1 1 6389 5060 6395
9953 2 2 1 1 2161 3449 5285
9954 2 2 1 1 5082 5858 5936
9955 2 2 1 1 2440 1983 5705
9956 2 2 1 1 3405 4658 4659
9957 2 2 1 1 5569 1083 6154
9958 2 2 1 1 3023 3869 5938
9959 2 2 1 1 1067 4640 6328
9960 2 2 1 1 2181 2179 5913
9961 2 2 1 1 2824 3536 5962
9962 2 2 1 1 2537 5293 5908
9963 2 2 1 1 837 849 5397
9964 2 2 1 1 1988 1991 5076
9965 2 2 1 1 5934 3795 5935
9966 2 2 1 1 3958 5673 5739
9967 2 2 1 1 1114 1116 5565
9968 2 2 1 1 5433 4846 5811
9969 2 2 1 1 2795 5869 5888
9970 2 2 1 1 2990 3232 6229
9971 2 2 1 1 4616 4617 4618
9972 2 2 1 1 1959 4887 5901
9973 2 2 1 1 4058 3165 6259
9974 2 2 1 1 3527 4970 5853
9975 2 2 1 1 3996 6000 6172
9976 2 2 1 1 1567 1616 5110
9977 2 2 1 1 5310 2646 6002
9978 2 2 1 1 5157 912 5471
9979 2 2 1 1 5743 4553 5744
9980 2 2 1 1 2281 2283 5639
9981 2 2 1 1 5251 2302 5252
9982 2 2 1 1 1509 1046 5844
9983 2 2 1 1 2973 4909 5246
9984 2 2 1 1 890 892 5816
9985 2 2 1 1 1541 1543 5184
9986 2 2 1 1 5218 2822 5786
9987 2 2 1 1 2046 4530 6256
9988 2 2 1 1 5145 3924 6079
9989 2 2 1 1 3382 3082 5984
9990 2 2 1 1 5632 3798 5783
9991 2 2 1 1 1888 1890 5917
9992 2 2 1 1 2196 2198 5848
9993 2 2 1 1 3302 3301 5329
9994 2 2 1 1 3469 5878 5978
9995 2 2 1 1 6122 2756 6202
9996 2 2 1 1 5869 3947 5888
9997 2 2 1 1 3102 2567 5729
9998 2 2 1 1 3484 3482 5859
9999 2 2 1 1 3571 3968 5751
10000 2 2 1 1 5557 1074 5879
10001 2 2 1 1 1983 1904 5705
10002 2 2 1 1 2605 4922 5739
10003 2 2 1 1 3103 2703 5774
10004 2 2 1 1 1831 1829 5847
10005 2 2 1 1 4352 4351 5982
10006 2 2 1 1 2981 3176 5949
10007 2 2 1 1 3423 1388 5606
10008 2 2 1 1 2519 2521 5469
10009 2 2 1 1 1592 5776 5914
10010 2 2 1 1 4679 3584 4681
10011 2 2 1 1 909 911 5792
10012 2 2 1 1 6263 3821 6264
10013 2 2 1 1 3077 5355 5835
10014 2 2 1 1 4741 4463 6114
10015 2 2 1 1 1749 1518 5622
10016 2 2 1 1 3798 5033 5892
10017 2 2 1 1 972 3426 5501
10018 2 2 1 1 2290 806 5552
10019 2 2 1 1 5183 3429 5456
10020 2 2 1 1 4320 4321 4322
10021 2 2 1 1 5418 3858 6333
10022 2 2 1 1 4505 4506 5920
10023 2 2 1 1 1415 5601 6065
10024 2 2 1 1 3596 2551 5885
10025 2 2 1 1 3162 3850 4592
10026 2 2 1 1 2775 2777 6014
10027 2 2 1 1 4889 2632 5651
10028 2 2 1 1 2273 2271 5624
10029 2 2 1 1 4922 4924 5990
10030 2 2 1 1 2429 4760 5999
10031 2 2 1 1 876 878 5681
10032 2 2 1 1 4794 6475 6483
10033 2 2 1 1 2970 3154 5723
10034 2 2 1 1 3974 3975 6107
10035 2 2 1 1 3570 2856 6046
10036 2 2 1 1 4429 4424 6054
10037 2 2 1 1 2305 2303 5482
10038 2 2 1 1 4013 4014 6266
10039 2 2 1 1 1198 4966 5667
10040 2 2 1 1 2447 5380 5823
10041 2 2 1 1 3104 5924 6223
10042 2 2 1 1 896 895 5713
10043 2 2 1 1 2842 3969 5731
10044 2 2 1 1 1626 1751 5267
10045 2 2 1 1 1414 1413 5701
10046 2 2 1 1 3016 6329 6338
10047 2 2 1 1 6148 5022 6252
10048 2 2 1 1 1741 1445 5788
10049 2 2 1 1 2226 1887 5964
10050 2 2 1 1 3930 4713 4714
10051 2 2 1 1 3905 2803 5286
10052 2 2 1 1 5866 3849 6009
10053 2 2 1 1 4120 5649 5650
10054 2 2 1 1 4887 5772 5901
10055 2 2 1 1 916 931 5800
10056 2 2 1 1 3250 6990 6992
10057 2 2 1 1 3435 1794 5434
10058 2 2 1 1 4581 1625 6064
10059 2 2 1 1 3265 6314 6350
10060 2 2 1 1 5554 3953 5856
10061 2 2 1 1 1656 1653 5583
10062 2 2 1 1 1758 1773 5672
10063 2 2 1 1 4751 4516 6367
10064 2 2 1 1 2002 2001 5822
10065 2 2 1 1 1596 1598 5465
10066 2 2 1 1 1005 1224 5638
10067 2 2 1 1 1308 1306 4858
10068 2 2 1 1 3145 5143 5289
10069 2 2 1 1 2791 1248 5273
10070 2 2 1 1 3681 6361 6369
10071 2 2 1 1 4500 3150 6073
10072 2 2 1 1 3016 4706 6329
10073 2 2 1 1 5696 5535 5697
10074 2 2 1 1 2357 5409 6144
10075 2 2 1 1 3132 3131 5709
10076 2 2 1 1 1669 1672 5422
10077 2 2 1 1 3408 5657 6041
10078 2 2 1 1 5764 3127 6056
10079 2 2 1 1 3975 4075 6181
10080 2 2 1 1 4356 5104 6401
10081 2 2 1 1 4773 2638 4780
10082 2 2 1 1 1062 1064 5544
10083 2 2 1 1 2768 2766 6078
10084 2 2 1 1 3298 4708 5916
10085 2 2 1 1 2571 3993 5921
10086 2 2 1 1 1501 1524 5737
10087 2 2 1 1 5559 2603 5954
10088 2 2 1 1 2928 2475 5585
10089 2 2 1 1 2821 3382 5317
10090 2 2 1 1 4448 3618 5462
10091 2 2 1 1 4995 5880 5896
10092 2 2 1 1 3765 2063 5618
10093 2 2 1 1 1449 1447 5660
10094 2 2 1 1 1518 1748 5622
10095 2 2 1 1 3084 3083 5784
10096 2 2 1 1 4241 3196 5466
10097 2 2 1 1 1199 2549 4899
10098 2 2 1 1 1936 2467 5693
10099 2 2 1 1 5842 3052 5853
10100 2 2 1 1 2688 3107 6193
10101 2 2 1 1 2603 5445 5954
10102 2 2 1 1 3533 5310 6002
10103 2 2 1 1 4109 4107 5994
10104 2 2 1 1 4864 2783 6104
10105 2 2 1 1 3979 3054 6008
10106 2 2 1 1 2334 2357 6069
10107 2 2 1 1 3465 3955 5596
10108 2 2 1 1 3475 3584 4679
10109 2 2 1 1 4972 4971 5035
10110 2 2 1 1 2038 1963 5921
10111 2 2 1 1 2479 2281 5639
10112 2 2 1 1 4066 3590 5999
10113 2 2 1 1 3634 6337 6357
10114 2 2 1 1 3973 5833 5968
10115 2 2 1 1 5443 3980 6271
10116 2 2 1 1 5995 4924 5996
10117 2 2 1 1 3059 3950 5753
10118 2 2 1 1 4395 5741 6340
10119 2 2 1 1 5643 2447 5823
10120 2 2 1 1 5522 1763 6151
10121 2 2 1 1 2465 4699 5674
10122 2 2 1 1 4674 5804 6270
10123 2 2 1 1 4013 6210 6295
10124 2 2 1 1 3430 4408 5592
10125 2 2 1 1 1172 2246 5616
10126 2 2 1 1 2465 2379 4699
10127 2 2 1 1 1343 2293 5634
10128 2 2 1 1 2779 4914 5818
10129 2 2 1 1 1990 1989 5955
10130 2 2 1 1 3617 3616 5945
10131 2 2 1 1 2068 2069 5665
10132 2 2 1 1 1306 2838 4858
10133 2 2 1 1 3946 5795 6011
10134 2 2 1 1 5661 5784 5997
10135 2 2 1 1 2368 1768 5642
10136 2 2 1 1 1389 1297 5611
10137 2 2 1 1 2073 2076 5719
10138 2 2 1 1 5458 1738 5972
10139 2 2 1 1 3011 3278 5826
10140 2 2 1 1 3485 5559 5954
10141 2 2 1 1 5694 5693 7204
10142 2 2 1 1 3107 4869 4870
10143 2 2 1 1 5328 3430 5592
10144 2 2 1 1 1919 1710 5824
10145 2 2 1 1 2055 6094 6130
10146 2 2 1 1 4886 4003 6020
10147 2 2 1 1 5607 6028 6096
10148 2 2 1 1 1450 987 5437
10149 2 2 1 1 933 890 5816
10150 2 2 1 1 1012 1203 5868
10151 2 2 1 1 1395 1397 5750
10152 2 2 1 1 5728 5990 5995
10153 2 2 1 1 4753 3890 5937
10154 2 2 1 1 2703 2701 5774
10155 2 2 1 1 1505 1279 6129
10156 2 2 1 1 1982 2058 5747
10157 2 2 1 1 5526 3946 6011
10158 2 2 1 1 1513 1521 5533
10159 2 2 1 1 6205 852 6208
10160 2 2 1 1 1855 1857 5880
10161 2 2 1 1 5841 3517 6097
10162 2 2 1 1 5527 3532 6120
10163 2 2 1 1 3860 3861 5817
10164 2 2 1 1 1838 1840 5620
10165 2 2 1 1 3433 5475 5974
10166 2 2 1 1 2710 5199 5200
10167 2 2 1 1 6031 3447 6098
10168 2 2 1 1 3636 4013 6295
10169 2 2 1 1 3526 5768 5784
10170 2 2 1 1 1208 1210 5415
10171 2 2 1 1 1393 2542 5572
10172 2 2 1 1 2059 4892 6075
10173 2 2 1 1 4330 4358 4527
10174 2 2 1 1 2899 3780 5322
10175 2 2 1 1 2162 2161 5285
10176 2 2 1 1 5380 2479 5994
10177 2 2 1 1 5551 2841 5881
10178 2 2 1 1 1868 1866 5957
10179 2 2 1 1 2759 3445 5446
10180 2 2 1 1 3633 3879 6173
10181 2 2 1 1 4159 4438 6003
10182 2 2 1 1 3250 945 6990
10183 2 2 1 1 3749 3132 5709
10184 2 2 1 1 4796 1097 6071
10185 2 2 1 1 1511 1744 5797
10186 2 2 1 1 3530 5676 5836
10187 2 2 1 1 2056 2033 6396
10188 2 2 1 1 5033 5679 5892
10189 2 2 1 1 3873 5754 6015
10190 2 2 1 1 4896 5138 5792
10191 2 2 1 1 1853 1855 5829
10192 2 2 1 1 5020 2239 5722
10193 2 2 1 1 926 908 5613
10194 2 2 1 1 4994 2159 6103
10195 2 2 1 1 3261 4340 5893
10196 2 2 1 1 3608 6122 6202
10197 2 2 1 1 3514 5392 5746
10198 2 2 1 1 1153 1033 5452
10199 2 2 1 1 2654 2655 5305
10200 2 2 1 1 4781 4783 6139
10201 2 2 1 1 5898 5211 5965
10202 2 2 1 1 3605 3645 6030
10203 2 2 1 1 2397 5474 5879
10204 2 2 1 1 3882 5435 6206
10205 2 2 1 1 4297 4298 4299
10206 2 2 1 1 2141 2143 5828
10207 2 2 1 1 3168 3820 3821
10208 2 2 1 1 919 927 5399
10209 2 2 1 1 4772 6308 6342
10210 2 2 1 1 3061 1950 5788
10211 2 2 1 1 5560 2082 5907
10212 2 2 1 1 2852 3011 5826
10213 2 2 1 1 1878 5829 5830
10214 2 2 1 1 5499 1020 5500
10215 2 2 1 1 3651 3597 6177
10216 2 2 1 1 1612 1544 5312
10217 2 2 1 1 3223 3227 5646
10218 2 2 1 1 2180 5197 6039
10219 2 2 1 1 3123 3653 5820
10220 2 2 1 1 2448 2908 6149
10221 2 2 1 1 2297 1081 5532
10222 2 2 1 1 4533 2898 4534
10223 2 2 1 1 2583 3642 6063
10224 2 2 1 1 2412 3973 4642
10225 2 2 1 1 6074 3802 6231
10226 2 2 1 1 1255 2169 5987
10227 2 2 1 1 3923 5048 5689
10228 2 2 1 1 4931 5801 6118
10229 2 2 1 1 1514 1449 5660
10230 2 2 1 1 6086 4063 6089
10231 2 2 1 1 3790 3795 5934
10232 2 2 1 1 1191 1166 5594
10233 2 2 1 1 3421 5302 5303
10234 2 2 1 1 4483 2412 4642
10235 2 2 1 1 3978 5485 6288
10236 2 2 1 1 1102 1098 5379
10237 2 2 1 1 1697 1693 6091
10238 2 2 1 1 1097 5557 6071
10239 2 2 1 1 2381 5610 5915
10240 2 2 1 1 5644 5803 5967
10241 2 2 1 1 4126 3769 4809
10242 2 2 1 1 5371 4796 5598
10243 2 2 1 1 3879 4496 6170
10244 2 2 1 1 1465 1463 6159
10245 2 2 1 1 6126 3996 6172
10246 2 2 1 1 4761 4450 5368
10247 2 2 1 1 4532 2554 6227
10248 2 2 1 1 5267 1751 6292
10249 2 2 1 1 4893 4894 5850
10250 2 2 1 1 947 5472 5681
10251 2 2 1 1 1166 1164 5594
10252 2 2 1 1 5290 5327 6018
10253 2 2 1 1 5543 2292 5662
10254 2 2 1 1 3371 5333 5977
10255 2 2 1 1 3919 3894 5655
10256 2 2 1 1 4711 5176 6198
10257 2 2 1 1 5909 3575 6033
10258 2 2 1 1 5833 3471 5968
10259 2 2 1 1 5858 3919 5936
10260 2 2 1 1 5457 3465 5596
10261 2 2 1 1 3892 5026 5655
10262 2 2 1 1 3304 3308 5791
10263 2 2 1 1 2805 5577 5581
10264 2 2 1 1 1471 1469 5511
10265 2 2 1 1 5253 2587 5993
10266 2 2 1 1 2644 5588 5802
10267 2 2 1 1 2738 3040 5890
10268 2 2 1 1 2000 2003 6301
10269 2 2 1 1 4909 2973 5519
10270 2 2 1 1 2361 2453 5725
10271 2 2 1 1 5919 2120 6035
10272 2 2 1 1 5031 3535 5032
10273 2 2 1 1 1723 1722 5440
10274 2 2 1 1 2271 2284 5624
10275 2 2 1 1 3968 5957 6055
10276 2 2 1 1 4888 6158 6189
10277 2 2 1 1 4410 1579 5960
10278 2 2 1 1 2382 5335 6336
10279 2 2 1 1 5698 2618 6251
10280 2 2 1 1 3234 4285 5991
10281 2 2 1 1 2753 1414 5701
10282 2 2 1 1 2114 5375 5758
10283 2 2 1 1 3948 2761 5967
10284 2 2 1 1 4579 3385 6457
10285 2 2 1 1 2855 1438 5629
10286 2 2 1 1 1469 1736 5511
10287 2 2 1 1 1860 4939 5789
10288 2 2 1 1 5829 4995 5830
10289 2 2 1 1 4450 4670 5367
10290 2 2 1 1 2900 2899 5322
10291 2 2 1 1 3855 5396 6320
10292 2 2 1 1 6170 5250 6173
10293 2 2 1 1 4649 4647 4798
10294 2 2 1 1 3479 4591 5841
10295 2 2 1 1 4994 4995 5896
10296 2 2 1 1 5649 3794 5650
10297 2 2 1 1 3937 5376 5876
10298 2 2 1 1 5673 2605 5739
10299 2 2 1 1 917 919 5399
10300 2 2 1 1 2593 5156 6275
10301 2 2 1 1 835 837 5397
10302 2 2 1 1 2220 2224 6010
10303 2 2 1 1 3184 4156 6190
10304 2 2 1 1 1145 1402 5627
10305 2 2 1 1 3180 4067 5887
10306 2 2 1 1 1950 1741 5788
10307 2 2 1 1 3868 3870 6040
10308 2 2 1 1 3923 5689 6146
10309 2 2 1 1 3082 3480 5984
10310 2 2 1 1 1467 1465 6148
10311 2 2 1 1 5534 5866 6009
10312 2 2 1 1 5616 2246 6042
10313 2 2 1 1 2356 6293 6312
10314 2 2 1 1 1477 1389 5611
10315 2 2 1 1 3474 5103 5131
10316 2 2 1 1 989 1450 5904
10317 2 2 1 1 2073 5719 5720
10318 2 2 1 1 6000 3996 6007
10319 2 2 1 1 2295 4667 5910
10320 2 2 1 1 3957 4243 5985
10321 2 2 1 1 4958 4994 6103
10322 2 2 1 1 5102 5467 5974
10323 2 2 1 1 2689 3295 6127
10324 2 2 1 1 5143 3925 5289
10325 2 2 1 1 3366 3512 5806
10326 2 2 1 1 3894 3892 5655
10327 2 2 1 1 3619 3091 6133
10328 2 2 1 1 2357 2332 5409
10329 2 2 1 1 4545 4546 6155
10330 2 2 1 1 5994 2479 6106
10331 2 2 1 1 4001 4761 5837
10332 2 2 1 1 1671 2204 5124
10333 2 2 1 1 2159 5152 6103
10334 2 2 1 1 3873 3037 5754
10335 2 2 1 1 1930 1929 5699
10336 2 2 1 1 1086 4989 5749
10337 2 2 1 1 3849 3031 6009
10338 2 2 1 1 5161 3096 5162
10339 2 2 1 1 3743 3123 5820
10340 2 2 1 1 1544 1542 5312
10341 2 2 1 1 2241 997 6217
10342 2 2 1 1 3081 5998 6016
10343 2 2 1 1 5657 3533 6041
10344 2 2 1 1 2436 2849 5486
10345 2 2 1 1 4019 3668 6363
10346 2 2 1 1 4831 4834 5779
10347 2 2 1 1 2680 3234 5991
10348 2 2 1 1 5435 1505 6206
10349 2 2 1 1 2121 3414 5604
10350 2 2 1 1 5366 5190 5367
10351 2 2 1 1 2194 2196 5895
10352 2 2 1 1 1598 1589 5394
10353 2 2 1 1 4709 3303 5791
10354 2 2 1 1 5202 5201 6304
10355 2 2 1 1 5832 2559 5895
10356 2 2 1 1 3618 2668 5462
10357 2 2 1 1 1170 1169 5616
10358 2 2 1 1 2710 5200 6128
10359 2 2 1 1 3002 3005 6027
10360 2 2 1 1 4710 3630 6151
10361 2 2 1 1 2186 2178 5259
10362 2 2 1 1 2363 2361 5725
10363 2 2 1 1 4608 4616 6100
10364 2 2 1 1 3871 4868 5859
10365 2 2 1 1 1928 5918 6030
10366 2 2 1 1 2681 2680 5991
10367 2 2 1 1 3963 4874 6024
10368 2 2 1 1 1759 5797 5988
10369 2 2 1 1 2003 2004 5321
10370 2 2 1 1 2720 6267 6277
10371 2 2 1 1 5546 5681 6019
10372 2 2 1 1 2542 1395 5750
10373 2 2 1 1 1744 5731 5797
10374 2 2 1 1 5751 3968 6055
10375 2 2 1 1 2394 3615 5940
10376 2 2 1 1 3196 2941 5466
10377 2 2 1 1 3953 5595 5856
10378 2 2 1 1 3013 2627 6072
10379 2 2 1 1 3398 5370 5781
10380 2 2 1 1 3507 4684 6090
10381 2 2 1 1 6164 5566 6205
10382 2 2 1 1 2197 2195 5754
10383 2 2 1 1 5989 3570 6046
10384 2 2 1 1 4114 6086 6087
10385 2 2 1 1 3031 2539 6009
10386 2 2 1 1 3657 6319 6338
10387 2 2 1 1 1665 5504 5652
10388 2 2 1 1 2989 2034 5925
10389 2 2 1 1 3936 5260 6138
10390 2 2 1 1 3990 5984 6028
10391 2 2 1 1 1914 1831 5847
10392 2 2 1 1 5159 6107 6181
10393 2 2 1 1 1689 1684 6210
10394 2 2 1 1 1162 1160 5922
10395 2 2 1 1 3127 5196 6056
10396 2 2 1 1 3597 3989 6177
10397 2 2 1 1 4109 5994 6106
10398 2 2 1 1 3533 6002 6041
10399 2 2 1 1 3575 3366 5806
10400 2 2 1 1 1491 1489 5304
10401 2 2 1 1 2856 4020 6046
10402 2 2 1 1 2357 6144 6180
10403 2 2 1 1 1977 1979 5993
10404 2 2 1 1 1888 5917 5918
10405 2 2 1 1 5109 2789 5886
10406 2 2 1 1 2754 2799 5468
10407 2 2 1 1 2641 3052 5842
10408 2 2 1 1 875 880 5863
10409 2 2 1 1 4705 4815 5878
10410 2 2 1 1 5577 3940 5581
10411 2 2 1 1 3004 3002 6027
10412 2 2 1 1 2714 2711 6128
10413 2 2 1 1 3919 5655 6053
10414 2 2 1 1 2655 3982 5305
10415 2 2 1 1 2252 1575 5541
10416 2 2 1 1 2965 6310 6315
10417 2 2 1 1 3536 3537 6209
10418 2 2 1 1 5341 3367 6010
10419 2 2 1 1 5486 3956 5763
10420 2 2 1 1 5347 3963 6024
10421 2 2 1 1 1997 3925 5142
10422 2 2 1 1 3295 2691 5939
10423 2 2 1 1 3999 4001 5837
10424 2 2 1 1 2542 5571 5572
10425 2 2 1 1 3161 2947 6074
10426 2 2 1 1 5599 4010 6284
10427 2 2 1 1 4107 5823 5994
10428 2 2 1 1 5613 907 5805
10429 2 2 1 1 4609 4612 6080
10430 2 2 1 1 2300 1646 5760
10431 2 2 1 1 5492 3004 6027
10432 2 2 1 1 5728 3959 5990
10433 2 2 1 1 4939 5947 6031
10434 2 2 1 1 5176 6188 6198
10435 2 2 1 1 3639 4818 5952
10436 2 2 1 1 1575 1573 5541
10437 2 2 1 1 4892 5894 6075
10438 2 2 1 1 3065 3127 5764
10439 2 2 1 1 5731 3969 5797
10440 2 2 1 1 4536 4534 6168
10441 2 2 1 1 1133 1135 5356
10442 2 2 1 1 3970 3971 6141
10443 2 2 1 1 1489 5062 5304
10444 2 2 1 1 4832 4831 5779
10445 2 2 1 1 5442 875 5863
10446 2 2 1 1 878 947 5681
10447 2 2 1 1 5105 5436 5707
10448 2 2 1 1 3982 3981 6056
10449 2 2 1 1 1221 2543 5517
10450 2 2 1 1 5813 2429 5999
10451 2 2 1 1 3078 1446 5307
10452 2 2 1 1 4943 1923 5824
10453 2 2 1 1 5145 6079 6223
10454 2 2 1 1 1355 1353 5686
10455 2 2 1 1 5495 2328 5497
10456 2 2 1 1 3590 5813 5999
10457 2 2 1 1 4778 5891 5908
10458 2 2 1 1 3615 3617 5941
10459 2 2 1 1 1602 2830 5857
10460 2 2 1 1 3782 3180 5887
10461 2 2 1 1 4629 4622 6397
10462 2 2 1 1 1929 3525 5699
10463 2 2 1 1 2156 5485 5981
10464 2 2 1 1 1117 2294 5767
10465 2 2 1 1 2203 1759 5988
10466 2 2 1 1 2323 5495 5496
10467 2 2 1 1 5324 2125 5912
10468 2 2 1 1 6314 4723 6350
10469 2 2 1 1 3598 2496 5989
10470 2 2 1 1 2898 2602 5979
10471 2 2 1 1 5894 3576 6075
10472 2 2 1 1 2177 2185 5814
10473 2 2 1 1 5459 5458 5972
10474 2 2 1 1 1881 1859 5789
10475 2 2 1 1 817 2205 6188
10476 2 2 1 1 2293 5060 6389
10477 2 2 1 1 1902 1908 5449
10478 2 2 1 1 5062 1905 5948
10479 2 2 1 1 807 2381 6243
10480 2 2 1 1 1066 2292 5543
10481 2 2 1 1 2308 2310 6001
10482 2 2 1 1 2619 1808 5906
10483 2 2 1 1 1383 1419 5604
10484 2 2 1 1 6005 3638 6314
10485 2 2 1 1 1108 4702 5875
10486 2 2 1 1 1512 1513 5533
10487 2 2 1 1 5558 3513 5617
10488 2 2 1 1 2940 2939 6195
10489 2 2 1 1 4909 3378 5246
10490 2 2 1 1 1722 3363 5440
10491 2 2 1 1 5138 909 5792
10492 2 2 1 1 6079 3876 6227
10493 2 2 1 1 4114 4063 6086
10494 2 2 1 1 1844 1896 6043
10495 2 2 1 1 4691 3559 5812
10496 2 2 1 1 2698 5232 5874
10497 2 2 1 1 1152 1099 6057
10498 2 2 1 1 1764 1364 5631
10499 2 2 1 1 2543 1213 5178
10500 2 2 1 1 3022 5834 6182
10501 2 2 1 1 1987 1988 5076
10502 2 2 1 1 4776 4779 5891
10503 2 2 1 1 6030 3645 6169
10504 2 2 1 1 5852 3296 5916
10505 2 2 1 1 4584 3873 6015
10506 2 2 1 1 4807 3529 6045
10507 2 2 1 1 4502 6220 6383
10508 2 2 1 1 3104 2400 5924
10509 2 2 1 1 5785 5218 5786
10510 2 2 1 1 3477 1708 5903
10511 2 2 1 1 3692 6311 6403
10512 2 2 1 1 1759 1511 5797
10513 2 2 1 1 4697 3690 6408
10514 2 2 1 1 4995 5829 5880
10515 2 2 1 1 3469 4943 5878
10516 2 2 1 1 4097 3194 6287
10517 2 2 1 1 4452 3640 6307
10518 2 2 1 1 1079 1100 5532
10519 2 2 1 1 847 811 6109
10520 2 2 1 1 5261 5484 5485
10521 2 2 1 1 2587 1977 5993
10522 2 2 1 1 3602 5747 5796
10523 2 2 1 1 2139 2135 5183
10524 2 2 1 1 5768 3084 5784
10525 2 2 1 1 1667 1665 5652
10526 2 2 1 1 4450 5367 5368
10527 2 2 1 1 2721 2714 6128
10528 2 2 1 1 5467 3369 5778
10529 2 2 1 1 6059 1779 6081
10530 2 2 1 1 4708 4709 6152
10531 2 2 1 1 3077 5835 5923
10532 2 2 1 1 2730 3887 5762
10533 2 2 1 1 5028 5030 6053
10534 2 2 1 1 2058 3086 5747
10535 2 2 1 1 1266 5102 5974
10536 2 2 1 1 5730 3638 6005
10537 2 2 1 1 5727 5728 5995
10538 2 2 1 1 6321 6317 6322
10539 2 2 1 1 908 907 5613
10540 2 2 1 1 1994 1997 5142
10541 2 2 1 1 2302 1683 5882
10542 2 2 1 1 3600 4873 5702
10543 2 2 1 1 2561 1903 5951
10544 2 2 1 1 1859 1860 5789
10545 2 2 1 1 2038 5921 5933
10546 2 2 1 1 2499 1095 5671
10547 2 2 1 1 2307 1600 5465
10548 2 2 1 1 2740 2738 5890
10549 2 2 1 1 3935 3650 6208
10550 2 2 1 1 1179 1180 5860
10551 2 2 1 1 1228 1221 5517
10552 2 2 1 1 1135 1138 5356
10553 2 2 1 1 4929 2511 5953
10554 2 2 1 1 2310 2745 6001
10555 2 2 1 1 2722 2990 6229
10556 2 2 1 1 5070 6133 6142
10557 2 2 1 1 5689 3564 6146
10558 2 2 1 1 5693 5563 7204
10559 2 2 1 1 6073 2468 6220
10560 2 2 1 1 5078 5864 6209
10561 2 2 1 1 4837 4844 6275
10562 2 2 1 1 3972 3605 6030
10563 2 2 1 1 3908 3920 5976
10564 2 2 1 1 4585 5785 5786
10565 2 2 1 1 2145 2139 5900
10566 2 2 1 1 3882 2740 5890
10567 2 2 1 1 2838 1304 5840
10568 2 2 1 1 6129 4491 6206
10569 2 2 1 1 1132 1129 5564
10570 2 2 1 1 3969 5730 5988
10571 2 2 1 1 5543 4867 5544
10572 2 2 1 1 1570 1572 5732
10573 2 2 1 1 3482 3871 5859
10574 2 2 1 1 6047 3974 6107
10575 2 2 1 1 848 821 6194
10576 2 2 1 1 6348 1478 6388
10577 2 2 1 1 6174 3813 6259
10578 2 2 1 1 3936 3621 6162
10579 2 2 1 1 4888 5832 6158
10580 2 2 1 1 5744 5133 6104
10581 2 2 1 1 2239 5570 5722
10582 2 2 1 1 3063 3065 5764
10583 2 2 1 1 5782 1509 5844
10584 2 2 1 1 2486 2730 5762
10585 2 2 1 1 5784 3083 5997
10586 2 2 1 1 1064 1066 5543
10587 2 2 1 1 5947 3447 6031
10588 2 2 1 1 2980 5347 6024
10589 2 2 1 1 5047 1987 6067
10590 2 2 1 1 1979 5703 5993
10591 2 2 1 1 791 6186 6238
10592 2 2 1 1 1002 1000 6166
10593 2 2 1 1 1810 2042 5906
10594 2 2 1 1 4749 1918 6132
10595 2 2 1 1 1446 1742 5307
10596 2 2 1 1 3664 3666 6247
10597 2 2 1 1 6188 2205 6198
10598 2 2 1 1 2795 1772 5869
10599 2 2 1 1 2398 2832 5924
10600 2 2 1 1 3303 3304 5791
10601 2 2 1 1 6158 5019 6189
10602 2 2 1 1 5056 6096 6097
10603 2 2 1 1 1572 2645 5732
10604 2 2 1 1 3073 3071 6099
10605 2 2 1 1 2628 5641 6098
10606 2 2 1 1 822 825 5561
10607 2 2 1 1 3311 5385 6085
10608 2 2 1 1 1606 1611 5884
10609 2 2 1 1 5849 5072 6309
10610 2 2 1 1 4134 4109 6106
10611 2 2 1 1 1249 1247 5605
10612 2 2 1 1 3992 2054 6021
10613 2 2 1 1 6098 4854 6185
10614 2 2 1 1 1404 1415 6065
10615 2 2 1 1 3577 4024 6214
10616 2 2 1 1 5681 5472 6019
10617 2 2 1 1 820 822 5561
10618 2 2 1 1 4867 4865 6183
10619 2 2 1 1 2135 2133 5183
10620 2 2 1 1 6133 3092 6142
10621 2 2 1 1 5018 5070 6142
10622 2 2 1 1 2458 2449 6110
10623 2 2 1 1 5905 4913 5963
10624 2 2 1 1 1877 2617 6006
10625 2 2 1 1 1524 2589 5737
10626 2 2 1 1 3643 5956 6241
10627 2 2 1 1 5641 6031 6098
10628 2 2 1 1 2479 5639 6106
10629 2 2 1 1 5159 3419 6107
10630 2 2 1 1 1673 1671 5124
10631 2 2 1 1 2554 3104 6227
10632 2 2 1 1 2745 3361 6001
10633 2 2 1 1 3083 5453 5997
10634 2 2 1 1 4966 5664 5667
10635 2 2 1 1 1766 3569 5642
10636 2 2 1 1 6037 4807 6045
10637 2 2 1 1 3637 4008 6204
10638 2 2 1 1 5708 2254 6226
10639 2 2 1 1 5695 3081 6016
10640 2 2 1 1 5213 5211 5898
10641 2 2 1 1 2761 5644 5967
10642 2 2 1 1 2559 2194 5895
10643 2 2 1 1 1928 6030 6169
10644 2 2 1 1 5917 3972 5918
10645 2 2 1 1 6139 4783 6255
10646 2 2 1 1 1129 1128 5564
10647 2 2 1 1 2336 2334 6069
10648 2 2 1 1 3697 3695 6426
10649 2 2 1 1 2650 5566 6164
10650 2 2 1 1 5950 2336 6069
10651 2 2 1 1 4865 4866 6183
10652 2 2 1 1 999 1443 6217
10653 2 2 1 1 4890 3906 5976
10654 2 2 1 1 2344 2338 5950
10655 2 2 1 1 4883 4278 6267
10656 2 2 1 1 3091 3092 6133
10657 2 2 1 1 2291 5809 6068
10658 2 2 1 1 1589 1587 5394
10659 2 2 1 1 2377 2465 5980
10660 2 2 1 1 3372 3047 6108
10661 2 2 1 1 1353 1385 5686
10662 2 2 1 1 2505 2458 6110
10663 2 2 1 1 3906 3908 5976
10664 2 2 1 1 3194 2615 6063
10665 2 2 1 1 3150 2518 6073
10666 2 2 1 1 1100 1077 6211
10667 2 2 1 1 1169 1172 5616
10668 2 2 1 1 3281 3854 5970
10669 2 2 1 1 852 793 6238
10670 2 2 1 1 3037 2197 5754
10671 2 2 1 1 5198 3939 5814
10672 2 2 1 1 3419 2648 6047
10673 2 2 1 1 1506 5898 5965
10674 2 2 1 1 3400 3947 5370
10675 2 2 1 1 4960 4958 6103
10676 2 2 1 1 3989 5706 6177
10677 2 2 1 1 3535 1494 5845
10678 2 2 1 1 2912 6124 6192
10679 2 2 1 1 5250 2242 6173
10680 2 2 1 1 6050 2721 6317
10681 2 2 1 1 2507 3486 5621
10682 2 2 1 1 1504 5513 6339
10683 2 2 1 1 1866 1864 6055
10684 2 2 1 1 4400 3353 6216
10685 2 2 1 1 3040 2601 5900
10686 2 2 1 1 2431 5861 5926
10687 2 2 1 1 5823 5380 5994
10688 2 2 1 1 3390 4946 6038
10689 2 2 1 1 4002 6102 6256
10690 2 2 1 1 4910 4909 5519
10691 2 2 1 1 4913 1108 5963
10692 2 2 1 1 2254 2005 5822
10693 2 2 1 1 6234 3586 6303
10694 2 2 1 1 2185 5198 5814
10695 2 2 1 1 3652 5146 6150
10696 2 2 1 1 1590 1597 5857
10697 2 2 1 1 3541 3539 5773
10698 2 2 1 1 791 789 6186
10699 2 2 1 1 4091 3157 6082
10700 2 2 1 1 4723 3416 6379
10701 2 2 1 1 3623 3664 6230
10702 2 2 1 1 1755 6052 6167
10703 2 2 1 1 4804 6174 6259
10704 2 2 1 1 1302 1386 5840
10705 2 2 1 1 2706 2705 6335
10706 2 2 1 1 1918 1920 6132
10707 2 2 1 1 5475 1266 5974
10708 2 2 1 1 1738 1729 5972
10709 2 2 1 1 2508 2507 5621
10710 2 2 1 1 3235 2992 6137
10711 2 2 1 1 6260 4015 6356
10712 2 2 1 1 4778 4776 5891
10713 2 2 1 1 1586 1592 5706
10714 2 2 1 1 2303 1668 5422
10715 2 2 1 1 5030 5338 6115
10716 2 2 1 1 1072 1074 5557
10717 2 2 1 1 1668 1669 5422
10718 2 2 1 1 6142 5772 6189
10719 2 2 1 1 1494 1523 5845
10720 2 2 1 1 2849 3956 5486
10721 2 2 1 1 3328 3336 6089
10722 2 2 1 1 5936 3919 6053
10723 2 2 1 1 2939 4535 6195
10724 2 2 1 1 1725 1728 6000
10725 2 2 1 1 4456 3285 6077
10726 2 2 1 1 5107 5770 5778
10727 2 2 1 1 1637 1639 6425
10728 2 2 1 1 6988 4987 6994
10729 2 2 1 1 4004 4395 6340
10730 2 2 1 1 5829 1855 5880
10731 2 2 1 1 2581 2583 6063
10732 2 2 1 1 3600 5702 6007
10733 2 2 1 1 1064 5543 5544
10734 2 2 1 1 3070 3649 6125
10735 2 2 1 1 3086 4005 5796
10736 2 2 1 1 2937 2375 5980
10737 2 2 1 1 6171 3660 6244
10738 2 2 1 1 4911 2443 6296
10739 2 2 1 1 4123 3627 6195
10740 2 2 1 1 4657 3414 6274
10741 2 2 1 1 2399 2401 6123
10742 2 2 1 1 3621 3652 6199
10743 2 2 1 1 3227 4266 5646
10744 2 2 1 1 5795 5088 6011
10745 2 2 1 1 3509 4687 6378
10746 2 2 1 1 1556 1558 5483
10747 2 2 1 1 5924 2832 6150
10748 2 2 1 1 1600 1596 5465
10749 2 2 1 1 1235 1233 5669
10750 2 2 1 1 3604 5647 6081
10751 2 2 1 1 4073 5790 6061
10752 2 2 1 1 3393 3867 6029
10753 2 2 1 1 3480 3479 6097
10754 2 2 1 1 4276 4883 6229
10755 2 2 1 1 2443 6023 6165
10756 2 2 1 1 6310 3654 6339
10757 2 2 1 1 2215 4997 5663
10758 2 2 1 1 1630 1626 5267
10759 2 2 1 1 2728 2119 6219
10760 2 2 1 1 1247 1379 5605
10761 2 2 1 1 2734 3858 6157
10762 2 2 1 1 3614 3660 6171
10763 2 2 1 1 4046 3568 6296
10764 2 2 1 1 5176 5175 6178
10765 2 2 1 1 3532 5695 6016
10766 2 2 1 1 1972 1970 5953
10767 2 2 1 1 6121 3623 6230
10768 2 2 1 1 4349 4697 6391
10769 2 2 1 1 3350 4357 6156
10770 2 2 1 1 3492 3507 6090
10771 2 2 1 1 5566 852 6205
10772 2 2 1 1 2497 2399 6123
10773 2 2 1 1 2303 5422 5482
10774 2 2 1 1 5735 3512 6013
10775 2 2 1 1 2433 1902 5449
10776 2 2 1 1 1213 1205 5178
10777 2 2 1 1 4346 4381 5862
10778 2 2 1 1 1275 1268 5748
10779 2 2 1 1 811 809 6109
10780 2 2 1 1 3598 5989 6046
10781 2 2 1 1 1095 1093 5671
10782 2 2 1 1 4243 4245 6143
10783 2 2 1 1 1268 1270 5748
10784 2 2 1 1 4368 3407 6399
10785 2 2 1 1 5843 3573 5854
10786 2 2 1 1 4378 4377 6422
10787 2 2 1 1 4502 4500 6220
10788 2 2 1 1 819 6188 6194
10789 2 2 1 1 3904 5084 6115
10790 2 2 1 1 2910 2566 5793
10791 2 2 1 1 1612 6276 6286
10792 2 2 1 1 1808 1810 5906
10793 2 2 1 1 2338 2336 5950
10794 2 2 1 1 5821 3653 6323
10795 2 2 1 1 2857 5527 6161
10796 2 2 1 1 4618 4619 6412
10797 2 2 1 1 3781 2919 6190
10798 2 2 1 1 868 2586 6309
10799 2 2 1 1 2400 2398 5924
10800 2 2 1 1 5165 3765 6393
10801 2 2 1 1 4274 3231 6179
10802 2 2 1 1 5602 3994 6052
10803 2 2 1 1 6361 1375 6369
10804 2 2 1 1 1097 1072 5557
10805 2 2 1 1 1419 2121 5604
10806 2 2 1 1 2615 2581 6063
10807 2 2 1 1 5810 2221 6370
10808 2 2 1 1 1779 6059 6159
10809 2 2 1 1 2773 2769 5986
10810 2 2 1 1 6188 5176 6194
10811 2 2 1 1 5469 3481 5971
10812 2 2 1 1 1670 1667 5652
10813 2 2 1 1 4930 4931 6118
10814 2 2 1 1 2627 2628 6072
10815 2 2 1 1 4730 2838 6146
10816 2 2 1 1 1233 5668 5669
10817 2 2 1 1 5729 3016 6338
10818 2 2 1 1 5453 3087 6017
10819 2 2 1 1 3319 3322 6051
10820 2 2 1 1 3087 3974 6017
10821 2 2 1 1 6566 1630 6568
10822 2 2 1 1 5019 5018 6189
10823 2 2 1 1 5396 3376 6320
10824 2 2 1 1 4876 5602 6052
10825 2 2 1 1 2772 3146 5986
10826 2 2 1 1 4008 6109 6243
10827 2 2 1 1 1081 1079 5532
10828 2 2 1 1 1426 1506 5965
10829 2 2 1 1 1442 1440 6136
10830 2 2 1 1 3398 3400 5370
10831 2 2 1 1 2488 6141 6233
10832 2 2 1 1 4500 6073 6220
10833 2 2 1 1 1768 1766 5642
10834 2 2 1 1 3660 4972 6244
10835 2 2 1 1 5883 6245 6383
10836 2 2 1 1 2023 5940 5941
10837 2 2 1 1 6317 2721 6322
10838 2 2 1 1 4818 4819 5952
10839 2 2 1 1 2518 2469 6073
10840 2 2 1 1 3564 4730 6146
10841 2 2 1 1 3071 3070 6125
10842 2 2 1 1 2375 2377 5980
10843 2 2 1 1 2332 2329 5409
10844 2 2 1 1 5251 5252 6261
10845 2 2 1 1 6162 3621 6199
10846 2 2 1 1 1913 1807 6346
10847 2 2 1 1 6016 5185 6120
10848 2 2 1 1 5810 6370 6373
10849 2 2 1 1 1504 6339 6388
10850 2 2 1 1 6136 5089 6256
10851 2 2 1 1 1736 1467 6148
10852 2 2 1 1 4914 4128 5818
10853 2 2 1 1 6279 4636 6965
10854 2 2 1 1 1597 1602 5857
10855 2 2 1 1 4866 6033 6154
10856 2 2 1 1 4987 4986 6994
10857 2 2 1 1 3463 3937 5876
10858 2 2 1 1 1755 1454 5973
10859 2 2 1 1 5955 1989 5956
10860 2 2 1 1 5136 2768 6078
10861 2 2 1 1 1599 1556 5483
10862 2 2 1 1 1207 4899 5771
10863 2 2 1 1 1507 2390 5973
10864 2 2 1 1 5864 3536 6209
10865 2 2 1 1 3111 5413 6424
10866 2 2 1 1 1093 5050 5671
10867 2 2 1 1 2352 2441 6060
10868 2 2 1 1 5254 1022 6297
10869 2 2 1 1 2449 4604 6110
10870 2 2 1 1 1740 6419 6470
10871 2 2 1 1 5790 4059 6061
10872 2 2 1 1 3645 3646 6174
10873 2 2 1 1 1147 1063 5556
10874 2 2 1 1 3971 4291 6141
10875 2 2 1 1 1108 5875 5963
10876 2 2 1 1 4670 5366 5367
10877 2 2 1 1 2677 2418 6569
10878 2 2 1 1 3211 6134 6135
10879 2 2 1 1 5335 2382 6301
10880 2 2 1 1 3539 3563 5773
10881 2 2 1 1 5544 4867 6183
10882 2 2 1 1 3369 5107 5778
10883 2 2 1 1 1444 3078 5677
10884 2 2 1 1 6099 3071 6125
10885 2 2 1 1 3607 3933 6130
10886 2 2 1 1 6082 3775 6083
10887 2 2 1 1 4031 4769 6446
10888 2 2 1 1 3046 5159 6181
10889 2 2 1 1 2005 2002 5822
10890 2 2 1 1 5070 2650 6164
10891 2 2 1 1 3619 6164 6205
10892 2 2 1 1 6113 3633 6173
10893 2 2 1 1 4491 3883 6206
10894 2 2 1 1 3081 5309 5998
10895 2 2 1 1 5130 3887 6058
10896 2 2 1 1 4006 5815 6260
10897 2 2 1 1 4513 4521 6140
10898 2 2 1 1 4899 3428 5771
10899 2 2 1 1 6109 809 6243
10900 2 2 1 1 1351 1349 6345
10901 2 2 1 1 5776 3966 5914
10902 2 2 1 1 1283 1444 5677
10903 2 2 1 1 5957 1866 6055
10904 2 2 1 1 5804 2322 6270
10905 2 2 1 1 4072 3198 5843
10906 2 2 1 1 6245 4467 6383
10907 2 2 1 1 5815 3101 6260
10908 2 2 1 1 927 934 5827
10909 2 2 1 1 5985 4243 6143
10910 2 2 1 1 2505 6110 6254
10911 2 2 1 1 6141 4291 6233
10912 2 2 1 1 1584 1586 5706
10913 2 2 1 1 4933 4930 6118
10914 2 2 1 1 4053 3299 6131
10915 2 2 1 1 1611 5146 5884
10916 2 2 1 1 1077 1075 6211
10917 2 2 1 1 5861 3592 5926
10918 2 2 1 1 4990 2056 6445
10919 2 2 1 1 1923 1919 5824
10920 2 2 1 1 3242 4283 6111
10921 2 2 1 1 3877 1928 6169
10922 2 2 1 1 789 857 6186
10923 2 2 1 1 4229 3818 5977
10924 2 2 1 1 4291 4293 6233
10925 2 2 1 1 1328 1371 6197
10926 2 2 1 1 4972 4712 6207
10927 2 2 1 1 5570 5569 6154
10928 2 2 1 1 4986 5574 6994
10929 2 2 1 1 3112 3696 6163
10930 2 2 1 1 1912 2865 6121
10931 2 2 1 1 5772 4888 6189
10932 2 2 1 1 5815 4006 6119
10933 2 2 1 1 2780 5815 6119
10934 2 2 1 1 3788 3145 6070
10935 2 2 1 1 3646 3813 6174
10936 2 2 1 1 3104 6079 6227
10937 2 2 1 1 3903 6212 6213
10938 2 2 1 1 6544 4037 6546
10939 2 2 1 1 5008 5005 6290
10940 2 2 1 1 2024 2014 6375
10941 2 2 1 1 6365 3672 6387
10942 2 2 1 1 1561 1617 6201
10943 2 2 1 1 3619 6133 6164
10944 2 2 1 1 3537 3540 6209
10945 2 2 1 1 5018 6142 6189
10946 2 2 1 1 3114 4444 6444
10947 2 2 1 1 2855 5629 6020
10948 2 2 1 1 4712 6198 6207
10949 2 2 1 1 1463 1779 6159
10950 2 2 1 1 5774 6239 6281
10951 2 2 1 1 5924 6150 6223
10952 2 2 1 1 6208 852 6238
10953 2 2 1 1 5309 5308 5998
10954 2 2 1 1 2242 5101 6113
10955 2 2 1 1 6473 4028 6537
10956 2 2 1 1 4614 3922 5970
10957 2 2 1 1 2646 5250 6170
10958 2 2 1 1 5940 3615 5941
10959 2 2 1 1 2202 3874 6411
10960 2 2 1 1 4399 2203 6005
10961 2 2 1 1 3198 3573 5843
10962 2 2 1 1 5984 3480 6028
10963 2 2 1 1 6258 4295 6376
10964 2 2 1 1 2446 5985 6143
10965 2 2 1 1 3887 3888 6058
10966 2 2 1 1 4090 4057 6165
10967 2 2 1 1 2372 2369 6221
10968 2 2 1 1 6240 4014 6241
10969 2 2 1 1 3092 5772 6142
10970 2 2 1 1 6310 5513 6315
10971 2 2 1 1 6186 5006 6238
10972 2 2 1 1 6472 4037 6551
10973 2 2 1 1 934 942 5827
10974 2 2 1 1 1703 1697 6091
10975 2 2 1 1 3317 3319 6051
10976 2 2 1 1 871 868 6309
10977 2 2 1 1 6522 3722 6527
10978 2 2 1 1 3588 5022 6059
10979 2 2 1 1 5185 5186 6120
10980 2 2 1 1 5688 4781 6139
10981 2 2 1 1 3333 3771 5297
10982 2 2 1 1 2525 2527 6044
10983 2 2 1 1 6096 3480 6097
10984 2 2 1 1 2725 1947 5899
10985 2 2 1 1 6144 5409 6312
10986 2 2 1 1 3479 5841 6097
10987 2 2 1 1 2566 3102 5793
10988 2 2 1 1 1687 6261 6304
10989 2 2 1 1 5918 3972 6030
10990 2 2 1 1 5706 1592 6177
10991 2 2 1 1 2556 2557 6025
10992 2 2 1 1 3540 3542 6273
10993 2 2 1 1 819 817 6188
10994 2 2 1 1 2323 2321 5495
10995 2 2 1 1 3256 3254 6343
10996 2 2 1 1 3116 2652 6076
10997 2 2 1 1 3440 3608 6202
10998 2 2 1 1 2884 2886 6034
10999 2 2 1 1 3833 3266 6066
11000 2 2 1 1 4759 2440 6469
11001 2 2 1 1 2237 5688 6139
11002 2 2 1 1 5069 3634 6357
11003 2 2 1 1 4509 4507 4672
11004 2 2 1 1 1737 1782 6172
11005 2 2 1 1 2101 4666 6184
11006 2 2 1 1 6262 3821 6263
11007 2 2 1 1 1349 1347 6362
11008 2 2 1 1 2167 5714 6228
11009 2 2 1 1 2656 3129 6340
11010 2 2 1 1 1304 1302 5840
11011 2 2 1 1 6198 2205 6207
11012 2 2 1 1 3335 3333 5297
11013 2 2 1 1 2329 5182 5409
11014 2 2 1 1 5894 3575 5909
11015 2 2 1 1 2104 2102 5885
11016 2 2 1 1 821 819 6194
11017 2 2 1 1 1947 3247 5899
11018 2 2 1 1 7200 5694 7204
11019 2 2 1 1 5124 2204 6448
11020 2 2 1 1 4352 5982 6422
11021 2 2 1 1 2652 5933 6076
11022 2 2 1 1 6178 848 6194
11023 2 2 1 1 5836 2174 6039
11024 2 2 1 1 2996 3262 6025
11025 2 2 1 1 2488 5877 6141
11026 2 2 1 1 4492 3851 6250
11027 2 2 1 1 4728 4729 6373
11028 2 2 1 1 1022 1024 6297
11029 2 2 1 1 6309 2586 6323
11030 2 2 1 1 2857 6161 6239
11031 2 2 1 1 1729 2059 5972
11032 2 2 1 1 5915 5019 6158
11033 2 2 1 1 5252 6224 6316
11034 2 2 1 1 3829 3241 6111
11035 2 2 1 1 3657 3674 6319
11036 2 2 1 1 2511 1972 5953
11037 2 2 1 1 3692 5236 6455
11038 2 2 1 1 3644 3599 6126
11039 2 2 1 1 6033 5570 6154
11040 2 2 1 1 6028 3480 6096
11041 2 2 1 1 1718 1508 6006
11042 2 2 1 1 1000 5372 6166
11043 2 2 1 1 5832 3961 6158
11044 2 2 1 1 3120 6436 6449
11045 2 2 1 1 3427 5249 6013
11046 2 2 1 1 5341 6010 6152
11047 2 2 1 1 3689 4027 6410
11048 2 2 1 1 3100 3586 6234
11049 2 2 1 1 5188 4018 6239
11050 2 2 1 1 3299 3297 6131
11051 2 2 1 1 5833 2244 6095
11052 2 2 1 1 3331 3328 6089
11053 2 2 1 1 6072 2628 6185
11054 2 2 1 1 3352 3350 6156
11055 2 2 1 1 6308 4409 6342
11056 2 2 1 1 5186 5188 6161
11057 2 2 1 1 1911 2046 6095
11058 2 2 1 1 3157 3775 6082
11059 2 2 1 1 2321 2328 5495
11060 2 2 1 1 4853 3622 6248
11061 2 2 1 1 2381 5915 6204
11062 2 2 1 1 3580 3610 6062
11063 2 2 1 1 4712 4711 6198
11064 2 2 1 1 1920 2790 6132
11065 2 2 1 1 5335 5334 6336
11066 2 2 1 1 5154 6368 6412
11067 2 2 1 1 3512 3427 6013
11068 2 2 1 1 6203 4007 6356
11069 2 2 1 1 4905 6034 6192
11070 2 2 1 1 2048 4911 6187
11071 2 2 1 1 2769 2772 5986
11072 2 2 1 1 4493 4492 6215
11073 2 2 1 1 4854 4771 6185
11074 2 2 1 1 1705 1702 5903
11075 2 2 1 1 2855 5089 6136
11076 2 2 1 1 2967 3654 6310
11077 2 2 1 1 2322 2324 6270
11078 2 2 1 1 5333 3324 5977
11079 2 2 1 1 5149 2561 6241
11080 2 2 1 1 5747 3086 5796
11081 2 2 1 1 2536 5045 6092
11082 2 2 1 1 6069 2357 6180
11083 2 2 1 1 2055 1582 6094
11084 2 2 1 1 3943 3076 6350
11085 2 2 1 1 5363 6166 6294
11086 2 2 1 1 4128 4914 6140
11087 2 2 1 1 3344 3317 6051
11088 2 2 1 1 3802 4223 6231
11089 2 2 1 1 1803 2364 6036
11090 2 2 1 1 6410 4027 6430
11091 2 2 1 1 2505 6254 6368
11092 2 2 1 1 3593 1703 6091
11093 2 2 1 1 4058 6259 6280
11094 2 2 1 1 4635 4634 6965
11095 2 2 1 1 3241 3242 6111
11096 2 2 1 1 1674 1677 6176
11097 2 2 1 1 5252 6316 6321
11098 2 2 1 1 3266 3267 6066
11099 2 2 1 1 2468 5883 6220
11100 2 2 1 1 3103 5774 6281
11101 2 2 1 1 2992 3239 6137
11102 2 2 1 1 2600 3625 6145
11103 2 2 1 1 5203 3991 6176
11104 2 2 1 1 997 999 6217
11105 2 2 1 1 1440 2855 6136
11106 2 2 1 1 5766 3594 6160
11107 2 2 1 1 5774 2857 6239
11108 2 2 1 1 2006 2009 5640
11109 2 2 1 1 3666 4019 6247
11110 2 2 1 1 5006 3935 6208
11111 2 2 1 1 5988 5730 6005
11112 2 2 1 1 4006 3964 6119
11113 2 2 1 1 4604 6100 6110
11114 2 2 1 1 5485 5484 6288
11115 2 2 1 1 1063 1061 5556
11116 2 2 1 1 2963 2965 6315
11117 2 2 1 1 6348 4629 6397
11118 2 2 1 1 2601 2145 5900
11119 2 2 1 1 793 791 6238
11120 2 2 1 1 2205 5417 6207
11121 2 2 1 1 4552 4869 6032
11122 2 2 1 1 5921 3993 5933
11123 2 2 1 1 3419 6047 6107
11124 2 2 1 1 4637 6200 6257
11125 2 2 1 1 5340 5341 6012
11126 2 2 1 1 4534 2898 6306
11127 2 2 1 1 3145 5289 6070
11128 2 2 1 1 3532 6016 6120
11129 2 2 1 1 3961 3637 6204
11130 2 2 1 1 4063 3331 6089
11131 2 2 1 1 2008 2006 5640
11132 2 2 1 1 1739 5160 6402
11133 2 2 1 1 2176 2180 6039
11134 2 2 1 1 5232 3264 6236
11135 2 2 1 1 1510 2202 6218
11136 2 2 1 1 1375 1345 5634
11137 2 2 1 1 3105 3577 6278
11138 2 2 1 1 4010 4009 6293
11139 2 2 1 1 2561 5951 6240
11140 2 2 1 1 6133 5070 6164
11141 2 2 1 1 2301 5345 6249
11142 2 2 1 1 2712 2713 6277
11143 2 2 1 1 4709 5341 6152
11144 2 2 1 1 3905 5181 6196
11145 2 2 1 1 2718 2716 6050
11146 2 2 1 1 5740 6139 6255
11147 2 2 1 1 6130 3933 6398
11148 2 2 1 1 5961 4725 6514
11149 2 2 1 1 5521 3630 6222
11150 2 2 1 1 3876 3100 6234
11151 2 2 1 1 3922 3281 5970
11152 2 2 1 1 3650 3619 6205
11153 2 2 1 1 3655 5335 6381
11154 2 2 1 1 2780 2782 5815
11155 2 2 1 1 6169 3645 6174
11156 2 2 1 1 6358 5151 6421
11157 2 2 1 1 5338 3904 6115
11158 2 2 1 1 3576 5894 5909
11159 2 2 1 1 5124 6448 6459
11160 2 2 1 1 4808 1912 6121
11161 2 2 1 1 4440 3215 6403
11162 2 2 1 1 4409 6072 6342
11163 2 2 1 1 2244 1911 6095
11164 2 2 1 1 1684 1686 6210
11165 2 2 1 1 6444 4444 6450
11166 2 2 1 1 5005 5006 6290
11167 2 2 1 1 4783 4785 6255
11168 2 2 1 1 3903 5386 6212
11169 2 2 1 1 5013 5010 6246
11170 2 2 1 1 847 6171 6244
11171 2 2 1 1 6059 5022 6159
11172 2 2 1 1 6477 4012 6520
11173 2 2 1 1 5647 6059 6081
11174 2 2 1 1 3583 3721 6068
11175 2 2 1 1 1708 1705 5903
11176 2 2 1 1 2396 5766 6160
11177 2 2 1 1 3984 3983 6180
11178 2 2 1 1 3318 3324 5333
11179 2 2 1 1 2035 6258 6376
11180 2 2 1 1 3320 3318 5333
11181 2 2 1 1 5714 5092 6228
11182 2 2 1 1 3436 5233 6108
11183 2 2 1 1 4644 5874 6235
11184 2 2 1 1 3297 4096 6131
11185 2 2 1 1 5176 6178 6194
11186 2 2 1 1 2254 6062 6226
11187 2 2 1 1 5276 3416 6415
11188 2 2 1 1 1092 1088 5749
11189 2 2 1 1 5160 5077 6341
11190 2 2 1 1 847 6109 6171
11191 2 2 1 1 3998 3997 6102
11192 2 2 1 1 4490 4489 6182
11193 2 2 1 1 5252 2302 6224
11194 2 2 1 1 3818 3371 5977
11195 2 2 1 1 3991 1674 6176
11196 2 2 1 1 2364 4808 6230
11197 2 2 1 1 5808 3118 6522
11198 2 2 1 1 5647 3588 6059
11199 2 2 1 1 5740 2237 6139
11200 2 2 1 1 4815 1757 5978
11201 2 2 1 1 4021 2874 6364
11202 2 2 1 1 2174 2176 6039
11203 2 2 1 1 3047 3436 6108
11204 2 2 1 1 3856 3270 6049
11205 2 2 1 1 4629 6348 6388
11206 2 2 1 1 4636 6963 6965
11207 2 2 1 1 5341 4709 6012
11208 2 2 1 1 5241 1142 6555
11209 2 2 1 1 809 807 6243
11210 2 2 1 1 6272 2593 6275
11211 2 2 1 1 4572 4574 6196
11212 2 2 1 1 1548 1546 6286
11213 2 2 1 1 3813 4081 6280
11214 2 2 1 1 2782 3101 5815
11215 2 2 1 1 2551 2104 5885
11216 2 2 1 1 2898 5979 6306
11217 2 2 1 1 3414 4947 6274
11218 2 2 1 1 3736 2918 6116
11219 2 2 1 1 3313 3311 6085
11220 2 2 1 1 4014 3643 6241
11221 2 2 1 1 5319 5316 6432
11222 2 2 1 1 1475 1504 6388
11223 2 2 1 1 6335 4021 6343
11224 2 2 1 1 3270 3639 6049
11225 2 2 1 1 6106 5639 6253
11226 2 2 1 1 6248 1736 6252
11227 2 2 1 1 6166 5372 6294
11228 2 2 1 1 5620 2488 6233
11229 2 2 1 1 5951 3593 6240
11230 2 2 1 1 2021 2023 6023
11231 2 2 1 1 5297 3771 5298
11232 2 2 1 1 5168 1689 6266
11233 2 2 1 1 1206 1216 6384
11234 2 2 1 1 3994 3995 6167
11235 2 2 1 1 4743 6162 6199
11236 2 2 1 1 1740 1470 6372
11237 2 2 1 1 5335 6301 6381
11238 2 2 1 1 4302 4372 6237
11239 2 2 1 1 1508 1877 6006
11240 2 2 1 1 4881 3272 6268
11241 2 2 1 1 3248 4341 6453
11242 2 2 1 1 5417 847 6244
11243 2 2 1 1 3509 3498 6090
11244 2 2 1 1 5295 2756 6122
11245 2 2 1 1 4023 3106 6050
11246 2 2 1 1 4856 5866 6447
11247 2 2 1 1 2013 5708 6332
11248 2 2 1 1 4472 3679 6437
11249 2 2 1 1 2099 2101 6184
11250 2 2 1 1 4002 3998 6102
11251 2 2 1 1 1454 1507 5973
11252 2 2 1 1 4972 6207 6244
11253 2 2 1 1 5866 2725 6447
11254 2 2 1 1 1686 5151 6295
11255 2 2 1 1 2913 2925 6124
11256 2 2 1 1 4511 4513 6140
11257 2 2 1 1 4853 6248 6252
11258 2 2 1 1 4816 1913 6365
11259 2 2 1 1 1076 2397 5879
11260 2 2 1 1 4558 4559 6284
11261 2 2 1 1 4009 3987 6144
11262 2 2 1 1 3168 3821 6262
11263 2 2 1 1 3625 4466 6249
11264 2 2 1 1 3095 3936 6138
11265 2 2 1 1 3630 3487 6222
11266 2 2 1 1 1782 6126 6172
11267 2 2 1 1 2947 2946 6074
11268 2 2 1 1 1345 1343 5634
11269 2 2 1 1 3165 4804 6259
11270 2 2 1 1 3225 3226 6101
11271 2 2 1 1 2203 5988 6005
11272 2 2 1 1 6293 4009 6312
11273 2 2 1 1 2517 2536 6092
11274 2 2 1 1 3167 3168 6262
11275 2 2 1 1 2832 4743 6199
11276 2 2 1 1 6377 3967 6408
11277 2 2 1 1 3643 3635 5956
11278 2 2 1 1 1339 1337 5897
11279 2 2 1 1 5021 4853 6252
11280 2 2 1 1 5914 3966 6138
11281 2 2 1 1 4706 4493 6276
11282 2 2 1 1 4800 3167 6262
11283 2 2 1 1 2916 4038 6116
11284 2 2 1 1 4070 3225 6101
11285 2 2 1 1 4771 4772 6342
11286 2 2 1 1 2708 2709 6416
11287 2 2 1 1 6224 6269 6316
11288 2 2 1 1 3487 4465 6222
11289 2 2 1 1 6207 5417 6244
11290 2 2 1 1 6034 2912 6192
11291 2 2 1 1 1736 6148 6252
11292 2 2 1 1 5089 4002 6256
11293 2 2 1 1 6269 3589 6390
11294 2 2 1 1 5982 4378 6422
11295 2 2 1 1 4634 4637 6279
11296 2 2 1 1 5090 2049 6257
11297 2 2 1 1 3851 4882 6250
11298 2 2 1 1 3211 3212 6134
11299 2 2 1 1 4760 4759 6291
11300 2 2 1 1 2204 1670 5653
11301 2 2 1 1 2529 3022 6112
11302 2 2 1 1 3694 6077 6421
11303 2 2 1 1 6239 4018 6281
11304 2 2 1 1 6407 4625 6432
11305 2 2 1 1 2557 2996 6025
11306 2 2 1 1 5197 4011 6283
11307 2 2 1 1 4066 6289 7235
11308 2 2 1 1 3115 2584 6349
11309 2 2 1 1 3610 3647 6226
11310 2 2 1 1 1805 1803 6036
11311 2 2 1 1 6364 5665 6371
11312 2 2 1 1 6063 3642 6287
11313 2 2 1 1 6072 6185 6342
11314 2 2 1 1 1480 1478 6348
11315 2 2 1 1 1088 1086 5749
11316 2 2 1 1 6161 5188 6239
11317 2 2 1 1 5511 1736 6248
11318 2 2 1 1 3788 6070 6191
11319 2 2 1 1 4844 5216 6272
11320 2 2 1 1 5809 3583 6068
11321 2 2 1 1 3674 6200 6319
11322 2 2 1 1 5181 4572 6196
11323 2 2 1 1 2946 3802 6074
11324 2 2 1 1 4453 4452 6307
11325 2 2 1 1 4379 3352 6156
11326 2 2 1 1 2443 2021 6023
11327 2 2 1 1 4484 4487 6302
11328 2 2 1 1 3691 4033 6374
11329 2 2 1 1 4433 4430 6351
11330 2 2 1 1 6110 6100 6254
11331 2 2 1 1 6505 1822 6528
11332 2 2 1 1 2713 2720 6277
11333 2 2 1 1 4977 3473 6251
11334 2 2 1 1 5793 3102 6200
11335 2 2 1 1 1842 1844 5877
11336 2 2 1 1 3473 5698 6251
11337 2 2 1 1 5882 3589 6224
11338 2 2 1 1 5006 6208 6238
11339 2 2 1 1 5637 5636 6324
11340 2 2 1 1 2639 5740 6255
11341 2 2 1 1 2536 5469 5971
11342 2 2 1 1 6391 4697 6408
11343 2 2 1 1 6182 5834 6298
11344 2 2 1 1 1612 5405 6276
11345 2 2 1 1 2717 2722 5983
11346 2 2 1 1 4914 4511 6140
11347 2 2 1 1 2356 4558 6293
11348 2 2 1 1 1074 1076 5879
11349 2 2 1 1 2886 2912 6034
11350 2 2 1 1 3293 3345 6147
11351 2 2 1 1 3208 3209 6360
11352 2 2 1 1 2127 2124 6004
11353 2 2 1 1 2035 5620 6258
11354 2 2 1 1 6395 5060 6400
11355 2 2 1 1 5072 871 6309
11356 2 2 1 1 3601 4458 6306
11357 2 2 1 1 2242 6113 6173
11358 2 2 1 1 2715 2717 5983
11359 2 2 1 1 4493 6215 6286
11360 2 2 1 1 3593 6091 6318
11361 2 2 1 1 2056 6396 6426
11362 2 2 1 1 3565 3313 6085
11363 2 2 1 1 6200 3102 6319
11364 2 2 1 1 1337 1434 5897
11365 2 2 1 1 3337 3655 6175
11366 2 2 1 1 6127 3295 6305
11367 2 2 1 1 5345 6145 6249
11368 2 2 1 1 3194 6063 6287
11369 2 2 1 1 2369 2368 6221
11370 2 2 1 1 6271 3103 6281
11371 2 2 1 1 2354 2448 6149
11372 2 2 1 1 4017 5443 6271
11373 2 2 1 1 5104 3838 6401
11374 2 2 1 1 4134 6106 6253
11375 2 2 1 1 2918 2916 6116
11376 2 2 1 1 3498 3492 6090
11377 2 2 1 1 2108 2099 6184
11378 2 2 1 1 4009 6144 6312
11379 2 2 1 1 6254 4618 6368
11380 2 2 1 1 4589 3110 6193
11381 2 2 1 1 6493 3703 6498
11382 2 2 1 1 3847 2685 6414
11383 2 2 1 1 2488 1842 5877
11384 2 2 1 1 5915 3961 6204
11385 2 2 1 1 6215 1548 6286
11386 2 2 1 1 2217 1526 6370
11387 2 2 1 1 2302 5882 6224
11388 2 2 1 1 3212 4094 6134
11389 2 2 1 1 5578 4686 6481
11390 2 2 1 1 4018 4017 6281
11391 2 2 1 1 6051 5069 6357
11392 2 2 1 1 6329 3658 6338
11393 2 2 1 1 1069 1067 6328
11394 2 2 1 1 1121 1185 6093
11395 2 2 1 1 4017 6271 6281
11396 2 2 1 1 3568 6187 6296
11397 2 2 1 1 3983 6069 6180
11398 2 2 1 1 2013 6332 6375
11399 2 2 1 1 4293 4295 6258
11400 2 2 1 1 2382 1998 6301
11401 2 2 1 1 3635 5955 5956
11402 2 2 1 1 2441 2354 6149
11403 2 2 1 1 6077 3285 6421
11404 2 2 1 1 3661 6389 6395
11405 2 2 1 1 5834 4908 6298
11406 2 2 1 1 3961 5915 6158
11407 2 2 1 1 5883 2301 6245
11408 2 2 1 1 2527 2529 6112
11409 2 2 1 1 5826 3278 6385
11410 2 2 1 1 4676 5600 6430
11411 2 2 1 1 6337 4701 6357
11412 2 2 1 1 5999 4760 6289
11413 2 2 1 1 5372 5373 6294
11414 2 2 1 1 2324 2339 6270
11415 2 2 1 1 6125 3649 6411
11416 2 2 1 1 2912 2913 6124
11417 2 2 1 1 4816 6365 6387
11418 2 2 1 1 5874 5232 6235
11419 2 2 1 1 6478 4305 6503
11420 2 2 1 1 4434 4433 6352
11421 2 2 1 1 3530 5836 6283
11422 2 2 1 1 2431 2127 6004
11423 2 2 1 1 4355 4277 6331
11424 2 2 1 1 4860 3662 6419
11425 2 2 1 1 6324 4562 6325
11426 2 2 1 1 4278 4280 6267
11427 2 2 1 1 1739 6420 6439
11428 2 2 1 1 3254 2706 6335
11429 2 2 1 1 1670 5652 5653
11430 2 2 1 1 6145 3625 6249
11431 2 2 1 1 6036 4019 6346
11432 2 2 1 1 5933 3993 6076
11433 2 2 1 1 3294 3837 6225
11434 2 2 1 1 6052 3994 6167
11435 2 2 1 1 3106 2718 6050
11436 2 2 1 1 5146 5145 6223
11437 2 2 1 1 6103 5152 6242
11438 2 2 1 1 3542 3612 6273
11439 2 2 1 1 3274 4579 6457
11440 2 2 1 1 4066 5999 6289
11441 2 2 1 1 6334 4004 6340
11442 2 2 1 1 1024 2631 6297
11443 2 2 1 1 2024 6375 6410
11444 2 2 1 1 5979 3601 6306
11445 2 2 1 1 4524 4751 6367
11446 2 2 1 1 4963 4960 6242
11447 2 2 1 1 2049 4636 6279
11448 2 2 1 1 4516 4674 6367
11449 2 2 1 1 4273 4271 6282
11450 2 2 1 1 1676 5124 6459
11451 2 2 1 1 4295 4297 6376
11452 2 2 1 1 1546 1612 6286
11453 2 2 1 1 4973 6394 6435
11454 2 2 1 1 3966 3095 6138
11455 2 2 1 1 6245 2301 6249
11456 2 2 1 1 5077 5078 6341
11457 2 2 1 1 5878 4815 5978
11458 2 2 1 1 6261 5202 6304
11459 2 2 1 1 4466 6245 6249
11460 2 2 1 1 3874 6125 6411
11461 2 2 1 1 5006 6186 6290
11462 2 2 1 1 5354 2949 6311
11463 2 2 1 1 4007 4006 6260
11464 2 2 1 1 3659 3256 6343
11465 2 2 1 1 5484 2241 6288
11466 2 2 1 1 3980 4021 6300
11467 2 2 1 1 6210 1686 6295
11468 2 2 1 1 2705 6300 6335
11469 2 2 1 1 4022 4023 6269
11470 2 2 1 1 6062 3610 6226
11471 2 2 1 1 5634 2293 6389
11472 2 2 1 1 3284 3636 6358
11473 2 2 1 1 3634 3337 6175
11474 2 2 1 1 1805 6036 6346
11475 2 2 1 1 3858 2154 6333
11476 2 2 1 1 2721 6128 6322
11477 2 2 1 1 1998 2000 6301
11478 2 2 1 1 2874 5665 6364
11479 2 2 1 1 2690 2688 6193
11480 2 2 1 1 5720 3967 6377
11481 2 2 1 1 3638 4723 6314
11482 2 2 1 1 3875 3293 6147
11483 2 2 1 1 3129 3752 6334
11484 2 2 1 1 4808 6121 6230
11485 2 2 1 1 4022 6269 6390
11486 2 2 1 1 4916 1121 6093
11487 2 2 1 1 5631 5381 6458
11488 2 2 1 1 4637 6257 6279
11489 2 2 1 1 6036 2364 6247
11490 2 2 1 1 1288 1069 6328
11491 2 2 1 1 1335 1333 5911
11492 2 2 1 1 6044 2527 6112
11493 2 2 1 1 4625 4626 6452
11494 2 2 1 1 4616 4618 6254
11495 2 2 1 1 6235 5232 6236
11496 2 2 1 1 3679 3694 6423
11497 2 2 1 1 5512 5511 6330
11498 2 2 1 1 5078 6273 6341
11499 2 2 1 1 2727 3274 6457
11500 2 2 1 1 3642 4907 6287
11501 2 2 1 1 3376 3866 6320
11502 2 2 1 1 6233 4293 6258
11503 2 2 1 1 3622 6315 6330
11504 2 2 1 1 2623 6429 6440
11505 2 2 1 1 5334 3663 6336
11506 2 2 1 1 4739 3509 6378
11507 2 2 1 1 6332 4703 6375
11508 2 2 1 1 6224 3589 6269
11509 2 2 1 1 3654 4629 6339
11510 2 2 1 1 5413 3105 6278
11511 2 2 1 1 4532 6234 6303
11512 2 2 1 1 4377 3251 6219
11513 2 2 1 1 5202 6261 6321
11514 2 2 1 1 6436 4026 6449
11515 2 2 1 1 4019 6036 6247
11516 2 2 1 1 6316 6317 6321
11517 2 2 1 1 5708 6226 6332
11518 2 2 1 1 6259 3813 6280
11519 2 2 1 1 3653 5849 6323
11520 2 2 1 1 2965 2967 6310
11521 2 2 1 1 3622 2963 6315
11522 2 2 1 1 5819 4007 6203
11523 2 2 1 1 4785 4787 6344
11524 2 2 1 1 6404 4244 6405
11525 2 2 1 1 4490 6182 6298
11526 2 2 1 1 1333 2157 5911
11527 2 2 1 1 5821 6323 6380
11528 2 2 1 1 1367 1366 6481
11529 2 2 1 1 1278 1280 6438
11530 2 2 1 1 3658 3657 6338
11531 2 2 1 1 2494 6513 6528
11532 2 2 1 1 3251 2728 6219
11533 2 2 1 1 5620 6233 6258
11534 2 2 1 1 6352 3777 6353
11535 2 2 1 1 3102 5729 6319
11536 2 2 1 1 3344 6051 6357
11537 2 2 1 1 4973 2402 6394
11538 2 2 1 1 3076 3265 6350
11539 2 2 1 1 5405 3658 6329
11540 2 2 1 1 5409 5182 6312
11541 2 2 1 1 5507 2994 6515
11542 2 2 1 1 5256 4861 6470
11543 2 2 1 1 5780 4859 6420
11544 2 2 1 1 4326 6137 6417
11545 2 2 1 1 5447 3693 6450
11546 2 2 1 1 1845 1464 6456
11547 2 2 1 1 5154 5153 6368
11548 2 2 1 1 4445 3346 6225
11549 2 2 1 1 4023 6050 6317
11550 2 2 1 1 3672 3683 6387
11551 2 2 1 1 2707 4532 6303
11552 2 2 1 1 6339 4629 6388
11553 2 2 1 1 3231 2991 6163
11554 2 2 1 1 3659 6364 6371
11555 2 2 1 1 5369 4490 6298
11556 2 2 1 1 2584 2582 6349
11557 2 2 1 1 5200 5202 6322
11558 2 2 1 1 3661 3681 6369
11559 2 2 1 1 3681 3930 6361
11560 2 2 1 1 4503 4502 6382
11561 2 2 1 1 4729 6167 6373
11562 2 2 1 1 6186 857 6290
11563 2 2 1 1 6429 4299 6440
11564 2 2 1 1 4703 3689 6410
11565 2 2 1 1 5128 3567 6313
11566 2 2 1 1 1751 6203 6356
11567 2 2 1 1 4715 4714 6418
11568 2 2 1 1 3965 3120 6449
11569 2 2 1 1 6350 4723 6379
11570 2 2 1 1 5060 5061 6400
11571 2 2 1 1 1807 1805 6346
11572 2 2 1 1 1474 1739 6439
11573 2 2 1 1 4619 6268 6412
11574 2 2 1 1 6371 2075 6377
11575 2 2 1 1 3108 3661 6395
11576 2 2 1 1 6504 4032 6523
11577 2 2 1 1 4284 3691 6374
11578 2 2 1 1 3679 6423 6437
11579 2 2 1 1 3589 1695 6390
11580 2 2 1 1 3346 3294 6225
11581 2 2 1 1 1143 5627 6477
11582 2 2 1 1 1367 4680 6512
11583 2 2 1 1 4944 2035 6376
11584 2 2 1 1 6384 1216 6386
11585 2 2 1 1 3685 3698 6435
11586 2 2 1 1 5665 2075 6371
11587 2 2 1 1 4430 4432 6351
11588 2 2 1 1 4844 6272 6275
11589 2 2 1 1 6128 5200 6322
11590 2 2 1 1 4746 4748 6431
11591 2 2 1 1 3110 2690 6193
11592 2 2 1 1 4794 4793 6506
11593 2 2 1 1 4015 4016 6292
11594 2 2 1 1 3682 3444 6359
11595 2 2 1 1 5686 6441 6461
11596 2 2 1 1 6257 2049 6279
11597 2 2 1 1 2482 3847 6471
11598 2 2 1 1 5153 2505 6368
11599 2 2 1 1 6434 3700 6443
11600 2 2 1 1 4960 6103 6242
11601 2 2 1 1 1470 1472 6372
11602 2 2 1 1 1526 4728 6370
11603 2 2 1 1 5151 6347 6421
11604 2 2 1 1 2075 5720 6377
11605 2 2 1 1 6311 3770 6403
11606 2 2 1 1 1793 1480 6348
11607 2 2 1 1 3693 3705 6444
11608 2 2 1 1 3670 3672 6365
11609 2 2 1 1 5550 6344 6409
11610 2 2 1 1 6150 5146 6223
11611 2 2 1 1 1385 1351 6345
11612 2 2 1 1 6268 3272 6412
11613 2 2 1 1 3647 4703 6332
11614 2 2 1 1 6100 4616 6254
11615 2 2 1 1 4551 4550 6500
11616 2 2 1 1 3693 6444 6450
11617 2 2 1 1 5507 6511 6521
11618 2 2 1 1 3765 5619 6393
11619 2 2 1 1 5150 2404 6347
11620 2 2 1 1 4706 6276 6329
11621 2 2 1 1 4350 4349 6385
11622 2 2 1 1 5550 2639 6344
11623 2 2 1 1 2875 2876 6454
11624 2 2 1 1 3690 6371 6377
11625 2 2 1 1 6255 4785 6344
11626 2 2 1 1 2204 5653 6413
11627 2 2 1 1 6343 4021 6364
11628 2 2 1 1 6021 1699 6427
11629 2 2 1 1 3274 6395 6400
11630 2 2 1 1 3930 4715 6361
11631 2 2 1 1 3416 3415 6415
11632 2 2 1 1 3677 1922 6428
11633 2 2 1 1 3107 4870 6480
11634 2 2 1 1 1347 1375 6362
11635 2 2 1 1 2726 2304 6471
11636 2 2 1 1 3690 3659 6371
11637 2 2 1 1 2991 3112 6163
11638 2 2 1 1 6347 3694 6421
11639 2 2 1 1 4393 2707 6303
11640 2 2 1 1 6137 3239 6417
11641 2 2 1 1 3668 3670 6363
11642 2 2 1 1 6442 3705 6496
11643 2 2 1 1 6248 3622 6330
11644 2 2 1 1 2853 5826 6391
11645 2 2 1 1 6273 3612 6341
11646 2 2 1 1 6185 4771 6342
11647 2 2 1 1 3995 3208 6360
11648 2 2 1 1 3285 3284 6358
11649 2 2 1 1 6513 4312 6528
11650 2 2 1 1 6167 3995 6373
11651 2 2 1 1 4701 3344 6357
11652 2 2 1 1 3407 3845 6399
11653 2 2 1 1 6344 4787 6409
11654 2 2 1 1 1375 5634 6369
11655 2 2 1 1 5160 6341 6402
11656 2 2 1 1 4897 2055 6398
11657 2 2 1 1 6226 3647 6332
11658 2 2 1 1 1138 1139 6477
11659 2 2 1 1 2885 2883 6472
11660 2 2 1 1 5511 6248 6330
11661 2 2 1 1 3636 6295 6358
11662 2 2 1 1 3830 6299 6417
11663 2 2 1 1 4014 6240 6318
11664 2 2 1 1 6372 1472 6439
11665 2 2 1 1 3287 4012 6488
11666 2 2 1 1 6276 5405 6329
11667 2 2 1 1 5498 6404 6406
11668 2 2 1 1 4870 6042 6480
11669 2 2 1 1 2366 5550 6409
11670 2 2 1 1 6375 4703 6410
11671 2 2 1 1 1468 1740 6476
11672 2 2 1 1 3703 3119 6509
11673 2 2 1 1 1478 1475 6388
11674 2 2 1 1 4027 4026 6436
11675 2 2 1 1 4622 4623 6397
11676 2 2 1 1 4862 3680 6466
11677 2 2 1 1 3567 4566 6366
11678 2 2 1 1 4024 4022 6390
11679 2 2 1 1 3943 6350 6379
11680 2 2 1 1 3995 5810 6373
11681 2 2 1 1 3702 4031 6464
11682 2 2 1 1 2170 1206 6384
11683 2 2 1 1 1913 6363 6365
11684 2 2 1 1 4550 4548 6491
11685 2 2 1 1 5871 6434 6443
11686 2 2 1 1 6187 4911 6296
11687 2 2 1 1 6441 4719 6461
11688 2 2 1 1 2639 6255 6344
11689 2 2 1 1 6372 4860 6419
11690 2 2 1 1 2623 4944 6429
11691 2 2 1 1 6482 2540 6502
11692 2 2 1 1 869 867 6492
11693 2 2 1 1 4245 4244 6404
11694 2 2 1 1 4676 6430 6493
11695 2 2 1 1 5496 5495 6392
11696 2 2 1 1 4860 6372 6439
11697 2 2 1 1 3634 6175 6337
11698 2 2 1 1 2098 2096 6475
11699 2 2 1 1 5495 5497 6392
11700 2 2 1 1 6481 4686 6499
11701 2 2 1 1 4683 4682 6499
11702 2 2 1 1 2014 2013 6375
11703 2 2 1 1 2732 4676 6498
11704 2 2 1 1 5686 1385 6441
11705 2 2 1 1 2003 5321 6381
11706 2 2 1 1 1740 6372 6419
11707 2 2 1 1 2402 4816 6387
11708 2 2 1 1 3683 3685 6394
11709 2 2 1 1 4791 4794 6462
11710 2 2 1 1 2033 2989 6396
11711 2 2 1 1 3838 4412 6401
11712 2 2 1 1 6292 1751 6356
11713 2 2 1 1 3129 6334 6340
11714 2 2 1 1 6295 5151 6358
11715 2 2 1 1 6508 4036 6516
11716 2 2 1 1 3362 5112 6482
11717 2 2 1 1 1385 6418 6441
11718 2 2 1 1 2994 5507 6521
11719 2 2 1 1 4740 4739 6378
11720 2 2 1 1 6516 4036 6519
11721 2 2 1 1 3272 5154 6412
11722 2 2 1 1 4024 6390 6431
11723 2 2 1 1 6313 3567 6366
11724 2 2 1 1 1699 1637 6425
11725 2 2 1 1 2685 2708 6414
11726 2 2 1 1 6345 4715 6418
11727 2 2 1 1 6316 4023 6317
11728 2 2 1 1 6390 1695 6431
11729 2 2 1 1 4451 4352 6422
11730 2 2 1 1 5506 5507 6515
11731 2 2 1 1 4586 6478 6503
11732 2 2 1 1 2440 5705 6452
11733 2 2 1 1 5202 6321 6322
11734 2 2 1 1 5498 4245 6404
11735 2 2 1 1 3729 4036 6508
11736 2 2 1 1 4026 3688 6413
11737 2 2 1 1 6311 3692 6455
11738 2 2 1 1 6269 4023 6316
11739 2 2 1 1 2853 6391 6408
11740 2 2 1 1 3993 3114 6442
11741 2 2 1 1 2096 2094 6483
11742 2 2 1 1 6323 2586 6380
11743 2 2 1 1 5316 1793 6407
11744 2 2 1 1 3845 4577 6451
11745 2 2 1 1 2709 2712 6416
11746 2 2 1 1 5653 3965 6449
11747 2 2 1 1 3967 2853 6408
11748 2 2 1 1 4623 4625 6407
11749 2 2 1 1 3649 4388 6411
11750 2 2 1 1 6300 4021 6335
11751 2 2 1 1 6369 5634 6389
11752 2 2 1 1 4299 4301 6440
11753 2 2 1 1 3612 5780 6402
11754 2 2 1 1 3659 6343 6364
11755 2 2 1 1 1305 1307 6485
11756 2 2 1 1 5162 3096 6453
11757 2 2 1 1 6282 4271 6396
11758 2 2 1 1 1154 1156 6500
11759 2 2 1 1 6240 3593 6318
11760 2 2 1 1 2204 6413 6448
11761 2 2 1 1 4398 2619 6554
11762 2 2 1 1 4859 4860 6420
11763 2 2 1 1 2366 6409 6462
11764 2 2 1 1 3274 3108 6395
11765 2 2 1 1 6458 2844 6461
11766 2 2 1 1 867 870 6492
11767 2 2 1 1 6420 4860 6439
11768 2 2 1 1 6219 4641 6433
11769 2 2 1 1 4787 4789 6409
11770 2 2 1 1 2402 6387 6394
11771 2 2 1 1 5354 6311 6455
11772 2 2 1 1 6341 3612 6402
11773 2 2 1 1 3662 5256 6419
11774 2 2 1 1 3678 3111 6424
11775 2 2 1 1 2024 6410 6430
11776 2 2 1 1 6376 4297 6429
11777 2 2 1 1 3415 4362 6415
11778 2 2 1 1 1402 1148 6495
11779 2 2 1 1 1793 6348 6397
11780 2 2 1 1 4444 4028 6473
11781 2 2 1 1 4714 4717 6418
11782 2 2 1 1 6525 4029 6532
11783 2 2 1 1 1922 4990 6428
11784 2 2 1 1 6382 4502 6383
11785 2 2 1 1 2055 6130 6398
11786 2 2 1 1 6387 3683 6394
11787 2 2 1 1 4271 3697 6426
11788 2 2 1 1 3700 3708 6443
11789 2 2 1 1 1385 6345 6418
11790 2 2 1 1 3698 3700 6434
11791 2 2 1 1 5546 6019 6492
11792 2 2 1 1 5870 2994 6521
11793 2 2 1 1 4297 4299 6429
11794 2 2 1 1 5958 2558 6510
11795 2 2 1 1 6363 3670 6365
11796 2 2 1 1 1793 6397 6407
11797 2 2 1 1 2651 5447 6450
11798 2 2 1 1 3239 3830 6417
11799 2 2 1 1 4719 4937 6461
11800 2 2 1 1 3384 5247 6518
11801 2 2 1 1 2651 6450 6473
11802 2 2 1 1 5826 6385 6391
11803 2 2 1 1 4937 6458 6461
11804 2 2 1 1 3694 6347 6423
11805 2 2 1 1 4032 4915 6523
11806 2 2 1 1 6397 4623 6407
11807 2 2 1 1 3603 5412 6540
11808 2 2 1 1 6423 5147 6437
11809 2 2 1 1 1365 1367 6512
11810 2 2 1 1 2989 6282 6396
11811 2 2 1 1 2404 5147 6423
11812 2 2 1 1 5705 5319 6432
11813 2 2 1 1 1472 1474 6439
11814 2 2 1 1 1695 4746 6431
11815 2 2 1 1 1782 5961 6514
11816 2 2 1 1 3116 6496 6504
11817 2 2 1 1 787 785 6524
11818 2 2 1 1 6506 6022 6510
11819 2 2 1 1 5871 1961 6434
11820 2 2 1 1 6440 4301 6465
11821 2 2 1 1 6385 4349 6391
11822 2 2 1 1 3120 3703 6436
11823 2 2 1 1 6424 3677 6428
11824 2 2 1 1 6460 3710 6463
11825 2 2 1 1 1375 6361 6362
11826 2 2 1 1 3661 6369 6389
11827 2 2 1 1 3117 3116 6504
11828 2 2 1 1 5147 1676 6437
11829 2 2 1 1 1765 5578 6481
11830 2 2 1 1 6432 4625 6452
11831 2 2 1 1 4717 4719 6441
11832 2 2 1 1 6418 4717 6441
11833 2 2 1 1 1845 6456 6466
11834 2 2 1 1 1464 1466 6456
11835 2 2 1 1 6126 1782 6514
11836 2 2 1 1 3116 6076 6496
11837 2 2 1 1 5071 6460 6463
11838 2 2 1 1 6396 4271 6426
11839 2 2 1 1 5600 2024 6430
11840 2 2 1 1 2409 6508 6516
11841 2 2 1 1 6409 4789 6462
11842 2 2 1 1 4769 3992 6446
11843 2 2 1 1 2844 5686 6461
11844 2 2 1 1 5381 2844 6458
11845 2 2 1 1 6431 4748 6467
11846 2 2 1 1 1740 6470 6476
11847 2 2 1 1 5013 6246 6524
11848 2 2 1 1 4467 6382 6383
11849 2 2 1 1 6361 4715 6362
11850 2 2 1 1 4944 6376 6429
11851 2 2 1 1 4015 6292 6356
11852 2 2 1 1 3705 6442 6444
11853 2 2 1 1 6456 4862 6466
11854 2 2 1 1 4312 6505 6528
11855 2 2 1 1 3708 3710 6460
11856 2 2 1 1 1783 1278 6438
11857 2 2 1 1 4312 4311 6534
11858 2 2 1 1 4586 2043 6478
11859 2 2 1 1 5236 2727 6457
11860 2 2 1 1 4768 4727 6486
11861 2 2 1 1 5616 6042 6497
11862 2 2 1 1 866 864 6572
11863 2 2 1 1 5313 2623 6440
11864 2 2 1 1 3992 6427 6446
11865 2 2 1 1 4301 4303 6465
11866 2 2 1 1 3096 3248 6453
11867 2 2 1 1 4033 4034 6529
11868 2 2 1 1 3933 3932 6510
11869 2 2 1 1 2725 5899 6447
11870 2 2 1 1 6448 3687 6459
11871 2 2 1 1 5071 2405 6460
11872 2 2 1 1 6456 1466 6476
11873 2 2 1 1 3695 3678 6445
11874 2 2 1 1 1960 6463 6468
11875 2 2 1 1 3118 5736 6517
11876 2 2 1 1 4029 4030 6533
11877 2 2 1 1 3687 4472 6459
11878 2 2 1 1 5683 1915 6532
11879 2 2 1 1 3710 3713 6463
11880 2 2 1 1 6463 3713 6468
11881 2 2 1 1 3385 5354 6455
11882 2 2 1 1 4040 3707 6535
11883 2 2 1 1 3267 2875 6454
11884 2 2 1 1 1820 1822 6505
11885 2 2 1 1 6428 4990 6445
11886 2 2 1 1 6076 3993 6442
11887 2 2 1 1 4025 6482 6502
11888 2 2 1 1 6347 2404 6423
11889 2 2 1 1 3992 6021 6427
11890 2 2 1 1 1961 4973 6435
11891 2 2 1 1 3688 3687 6448
11892 2 2 1 1 4309 4312 6513
11893 2 2 1 1 1841 1839 6519
11894 2 2 1 1 6450 4444 6473
11895 2 2 1 1 5463 1960 6468
11896 2 2 1 1 1960 5071 6463
11897 2 2 1 1 3680 5549 6466
11898 2 2 1 1 4377 6219 6433
11899 2 2 1 1 6042 4870 6497
11900 2 2 1 1 5313 6440 6465
11901 2 2 1 1 2405 5871 6443
11902 2 2 1 1 3186 3187 6507
11903 2 2 1 1 3391 2651 6473
11904 2 2 1 1 2043 5313 6465
11905 2 2 1 1 4862 6456 6476
11906 2 2 1 1 6454 2876 6464
11907 2 2 1 1 4861 4862 6470
11908 2 2 1 1 4031 6454 6464
11909 2 2 1 1 4626 4628 6469
11910 2 2 1 1 6443 3708 6460
11911 2 2 1 1 6214 4024 6467
11912 2 2 1 1 6413 5653 6449
11913 2 2 1 1 6399 3845 6451
11914 2 2 1 1 4789 4791 6462
11915 2 2 1 1 2440 6452 6469
11916 2 2 1 1 3734 2885 6472
11917 2 2 1 1 1837 2409 6516
11918 2 2 1 1 6472 2883 6546
11919 2 2 1 1 6466 5549 6490
11920 2 2 1 1 4036 3731 6525
11921 2 2 1 1 6474 3717 6479
11922 2 2 1 1 2408 6474 6479
11923 2 2 1 1 3713 3715 6468
11924 2 2 1 1 2579 2578 6539
11925 2 2 1 1 6413 3688 6448
11926 2 2 1 1 1176 1178 6530
11927 2 2 1 1 5463 6468 6474
11928 2 2 1 1 3678 6428 6445
11929 2 2 1 1 3574 5658 6511
11930 2 2 1 1 2304 2482 6471
11931 2 2 1 1 6462 4794 6483
11932 2 2 1 1 2408 5463 6474
11933 2 2 1 1 1466 1468 6476
11934 2 2 1 1 6022 3933 6510
11935 2 2 1 1 5847 6479 6484
11936 2 2 1 1 6442 3114 6444
11937 2 2 1 1 1139 1143 6477
11938 2 2 1 1 1845 6466 6490
11939 2 2 1 1 3715 3717 6474
11940 2 2 1 1 4024 6431 6467
11941 2 2 1 1 4047 3186 6507
11942 2 2 1 1 3678 6424 6428
11943 2 2 1 1 6468 3715 6474
11944 2 2 1 1 6193 3107 6480
11945 2 2 1 1 2558 2098 6475
11946 2 2 1 1 3722 6068 6527
11947 2 2 1 1 2405 6443 6460
11948 2 2 1 1 5356 1138 6520
11949 2 2 1 1 3717 3719 6479
11950 2 2 1 1 4034 6526 6529
11951 2 2 1 1 4025 4327 6489
11952 2 2 1 1 4305 4307 6503
11953 2 2 1 1 2540 5402 6502
11954 2 2 1 1 6475 4794 6506
11955 2 2 1 1 1824 2494 6528
11956 2 2 1 1 5847 2408 6479
11957 2 2 1 1 4485 4343 6567
11958 2 2 1 1 4026 6413 6449
11959 2 2 1 1 4681 3584 6521
11960 2 2 1 1 5402 1845 6490
11961 2 2 1 1 5112 2540 6482
11962 2 2 1 1 1914 5847 6484
11963 2 2 1 1 4303 4305 6478
11964 2 2 1 1 2094 2366 6483
11965 2 2 1 1 1366 1765 6481
11966 2 2 1 1 6479 3719 6484
11967 2 2 1 1 6494 3725 6501
11968 2 2 1 1 5503 6494 6501
11969 2 2 1 1 2043 6465 6478
11970 2 2 1 1 4028 3370 6533
11971 2 2 1 1 3712 3287 6488
11972 2 2 1 1 6430 4027 6493
11973 2 2 1 1 3698 6434 6435
11974 2 2 1 1 2246 6530 6531
11975 2 2 1 1 6452 4626 6469
11976 2 2 1 1 4550 6495 6500
11977 2 2 1 1 3719 3723 6484
11978 2 2 1 1 6465 4303 6478
11979 2 2 1 1 4548 3712 6491
11980 2 2 1 1 5402 6490 6502
11981 2 2 1 1 5705 6432 6452
11982 2 2 1 1 1307 1492 6485
11983 2 2 1 1 4589 6193 6480
11984 2 2 1 1 3723 3725 6494
11985 2 2 1 1 2366 6462 6483
11986 2 2 1 1 3712 6488 6491
11987 2 2 1 1 5549 3704 6490
11988 2 2 1 1 2409 5503 6501
11989 2 2 1 1 6536 4035 6539
11990 2 2 1 1 4727 2726 6486
11991 2 2 1 1 870 5546 6492
11992 2 2 1 1 3362 6482 6489
11993 2 2 1 1 1170 5616 6497
11994 2 2 1 1 6470 4862 6476
11995 2 2 1 1 1717 5003 6551
11996 2 2 1 1 4589 6480 6531
11997 2 2 1 1 5503 1914 6494
11998 2 2 1 1 6551 5003 6556
11999 2 2 1 1 6434 1961 6435
12000 2 2 1 1 6498 3703 6509
12001 2 2 1 1 857 787 6524
12002 2 2 1 1 3675 3117 6504
12003 2 2 1 1 3705 4032 6496
12004 2 2 1 1 2881 3115 6546
12005 2 2 1 1 1148 1154 6495
12006 2 2 1 1 3675 6504 6523
12007 2 2 1 1 4562 4561 6487
12008 2 2 1 1 6480 6042 6531
12009 2 2 1 1 3706 2732 6498
12010 2 2 1 1 3534 1752 6563
12011 2 2 1 1 4793 6022 6506
12012 2 2 1 1 3704 4025 6502
12013 2 2 1 1 4686 4683 6499
12014 2 2 1 1 6349 2582 6539
12015 2 2 1 1 5003 2300 6556
12016 2 2 1 1 3737 6541 6565
12017 2 2 1 1 3725 3727 6501
12018 2 2 1 1 4035 6349 6539
12019 2 2 1 1 3119 4525 6509
12020 2 2 1 1 6490 3704 6502
12021 2 2 1 1 5267 6292 6541
12022 2 2 1 1 6277 6267 6552
12023 2 2 1 1 3121 3156 6545
12024 2 2 1 1 6325 4562 6487
12025 2 2 1 1 6496 4032 6504
12026 2 2 1 1 4642 3676 6559
12027 2 2 1 1 2190 1636 6557
12028 2 2 1 1 4037 6472 6546
12029 2 2 1 1 2409 6501 6508
12030 2 2 1 1 3156 5322 6548
12031 2 2 1 1 3932 5958 6510
12032 2 2 1 1 1914 6484 6494
12033 2 2 1 1 2494 4586 6503
12034 2 2 1 1 3187 5248 6507
12035 2 2 1 1 6530 4590 6531
12036 2 2 1 1 5757 3384 6529
12037 2 2 1 1 4525 3722 6522
12038 2 2 1 1 2044 6534 6538
12039 2 2 1 1 6484 3723 6494
12040 2 2 1 1 1368 1365 6512
12041 2 2 1 1 4307 4309 6513
12042 2 2 1 1 6505 4312 6534
12043 2 2 1 1 3727 3729 6508
12044 2 2 1 1 2044 1820 6505
12045 2 2 1 1 6501 3727 6508
12046 2 2 1 1 4038 4848 6561
12047 2 2 1 1 3118 6517 6522
12048 2 2 1 1 5507 3574 6511
12049 2 2 1 1 3735 4459 6549
12050 2 2 1 1 4012 3675 6520
12051 2 2 1 1 1839 1837 6516
12052 2 2 1 1 6374 4033 6518
12053 2 2 1 1 6482 4025 6489
12054 2 2 1 1 3584 5870 6521
12055 2 2 1 1 6555 4011 6558
12056 2 2 1 1 4483 4642 6559
12057 2 2 1 1 3733 4037 6544
12058 2 2 1 1 5267 6541 6568
12059 2 2 1 1 5505 5506 6515
12060 2 2 1 1 6509 4525 6517
12061 2 2 1 1 1915 1841 6519
12062 2 2 1 1 6042 2246 6531
12063 2 2 1 1 4915 5356 6523
12064 2 2 1 1 6436 3703 6493
12065 2 2 1 1 5808 6527 6536
12066 2 2 1 1 3731 4029 6525
12067 2 2 1 1 5736 3706 6517
12068 2 2 1 1 3644 6126 6514
12069 2 2 1 1 1182 5757 6526
12070 2 2 1 1 6534 4314 6538
12071 2 2 1 1 4027 6436 6493
12072 2 2 1 1 6562 5426 6564
12073 2 2 1 1 3706 6509 6517
12074 2 2 1 1 6519 4036 6525
12075 2 2 1 1 2246 1176 6530
12076 2 2 1 1 4590 4589 6531
12077 2 2 1 1 6532 4029 6533
12078 2 2 1 1 4282 6277 6552
12079 2 2 1 1 2300 5760 6560
12080 2 2 1 1 6246 857 6524
12081 2 2 1 1 3530 6283 6555
12082 2 2 1 1 4311 4314 6534
12083 2 2 1 1 3707 4565 6535
12084 2 2 1 1 2578 5808 6536
12085 2 2 1 1 1752 5426 6562
12086 2 2 1 1 6068 3721 6527
12087 2 2 1 1 1822 1824 6528
12088 2 2 1 1 6527 3721 6536
12089 2 2 1 1 2558 6475 6506
12090 2 2 1 1 6556 2300 6560
12091 2 2 1 1 6526 5757 6529
12092 2 2 1 1 3370 5683 6532
12093 2 2 1 1 6543 4320 6547
12094 2 2 1 1 3721 4035 6536
12095 2 2 1 1 2621 4693 6542
12096 2 2 1 1 4030 5025 6537
12097 2 2 1 1 4040 6535 6557
12098 2 2 1 1 6503 4307 6513
12099 2 2 1 1 5426 2190 6564
12100 2 2 1 1 5087 6543 6547
12101 2 2 1 1 6495 1154 6500
12102 2 2 1 1 2494 6503 6513
12103 2 2 1 1 4314 4316 6538
12104 2 2 1 1 4693 2044 6538
12105 2 2 1 1 4028 6533 6537
12106 2 2 1 1 5087 2621 6543
12107 2 2 1 1 3737 4040 6568
12108 2 2 1 1 854 786 6571
12109 2 2 1 1 2582 2579 6539
12110 2 2 1 1 1631 1630 6566
12111 2 2 1 1 3115 6349 6540
12112 2 2 1 1 3706 6498 6509
12113 2 2 1 1 4316 4318 6542
12114 2 2 1 1 5412 3733 6544
12115 2 2 1 1 6517 4525 6522
12116 2 2 1 1 4459 2924 6565
12117 2 2 1 1 2621 6542 6543
12118 2 2 1 1 3249 3250 6993
12119 2 2 1 1 6538 4316 6542
12120 2 2 1 1 1752 6562 6563
12121 2 2 1 1 3384 6518 6529
12122 2 2 1 1 5241 6555 6558
12123 2 2 1 1 4693 6538 6542
12124 2 2 1 1 6520 3675 6523
12125 2 2 1 1 5356 6520 6523
12126 2 2 1 1 6541 3737 6568
12127 2 2 1 1 4320 4322 6547
12128 2 2 1 1 6292 4016 6541
12129 2 2 1 1 6535 2190 6557
12130 2 2 1 1 4011 3230 6558
12131 2 2 1 1 5906 6553 6554
12132 2 2 1 1 3230 3832 6558
12133 2 2 1 1 3188 2677 6569
12134 2 2 1 1 6542 4318 6543
12135 2 2 1 1 4318 4320 6543
12136 2 2 1 1 1915 6519 6525
12137 2 2 1 1 2044 6505 6534
12138 2 2 1 1 4342 4344 6567
12139 2 2 1 1 786 788 6571
12140 2 2 1 1 6518 4033 6529
12141 2 2 1 1 4016 3121 6545
12142 2 2 1 1 4343 4342 6567
12143 2 2 1 1 4040 6557 6566
12144 2 2 1 1 5906 2042 6553
12145 2 2 1 1 2883 2881 6546
12146 2 2 1 1 6535 4565 6564
12147 2 2 1 1 2042 5087 6547
12148 2 2 1 1 6553 4324 6554
12149 2 2 1 1 5322 4253 6548
12150 2 2 1 1 3370 6532 6533
12151 2 2 1 1 4459 6545 6549
12152 2 2 1 1 2190 6535 6564
12153 2 2 1 1 6545 3156 6549
12154 2 2 1 1 4325 6058 6570
12155 2 2 1 1 4136 3735 6549
12156 2 2 1 1 6533 4030 6537
12157 2 2 1 1 3734 6551 6556
12158 2 2 1 1 4322 4324 6553
12159 2 2 1 1 6267 4280 6552
12160 2 2 1 1 2619 5906 6554
12161 2 2 1 1 6058 3888 6570
12162 2 2 1 1 4039 3734 6556
12163 2 2 1 1 1636 1634 6557
12164 2 2 1 1 2586 866 6572
12165 2 2 1 1 6283 4011 6555
12166 2 2 1 1 5760 3534 6560
12167 2 2 1 1 4486 4483 6559
12168 2 2 1 1 6545 4459 6565
12169 2 2 1 1 2042 6547 6553
12170 2 2 1 1 6547 4322 6553
12171 2 2 1 1 4016 6545 6565
12172 2 2 1 1 3734 6472 6551
12173 2 2 1 1 6540 5412 6544
12174 2 2 1 1 4039 6556 6560
12175 2 2 1 1 3736 6562 6564
12176 2 2 1 1 3115 6540 6544
12177 2 2 1 1 4848 4039 6561
12178 2 2 1 1 3736 6116 6562
12179 2 2 1 1 6557 1634 6566
12180 2 2 1 1 6116 4038 6563
12181 2 2 1 1 4565 3736 6564
12182 2 2 1 1 3832 6550 6558
12183 2 2 1 1 6562 6116 6563
12184 2 2 1 1 1634 1631 6566
12185 2 2 1 1 1630 5267 6568
12186 2 2 1 1 6550 5241 6558
12187 2 2 1 1 3888 4398 6570
12188 2 2 1 1 6560 3534 6561
12189 2 2 1 1 3738 3188 6569
12190 2 2 1 1 4039 6560 6561
12191 2 2 1 1 788 2417 6571
12192 2 2 1 1 6541 4016 6565
12193 2 2 1 1 6380 2586 6572
12194 2 2 1 1 3766 5014 6573
12195 2 2 1 1 861 855 6590
12196 2 2 1 1 6578 3741 6580
12197 2 2 1 1 6575 869 6577
12198 2 2 1 1 6574 859 6576
12199 2 2 1 1 6524 785 6574
12200 2 2 1 1 5012 5013 6576
12201 2 2 1 1 2418 863 6575
12202 2 2 1 1 6573 5014 6576
12203 2 2 1 1 859 6573 6576
12204 2 2 1 1 863 865 6575
12205 2 2 1 1 865 869 6575
12206 2 2 1 1 5013 6524 6574
12207 2 2 1 1 6569 2418 6575
12208 2 2 1 1 5014 5012 6576
12209 2 2 1 1 3738 6569 6577
12210 2 2 1 1 3218 4265 6587
12211 2 2 1 1 3122 782 6579
12212 2 2 1 1 6019 5472 6578
12213 2 2 1 1 957 959 6581
12214 2 2 1 1 5280 6581 6589
12215 2 2 1 1 782 784 6579
12216 2 2 1 1 6492 6019 6580
12217 2 2 1 1 3741 3738 6577
12218 2 2 1 1 5480 961 6583
12219 2 2 1 1 5280 6586 6588
12220 2 2 1 1 3200 4264 6585
12221 2 2 1 1 4264 4938 6585
12222 2 2 1 1 962 965 6584
12223 2 2 1 1 4938 6584 6585
12224 2 2 1 1 2250 2671 6585
12225 2 2 1 1 869 6492 6580
12226 2 2 1 1 781 779 6591
12227 2 2 1 1 5472 2880 6578
12228 2 2 1 1 784 854 6579
12229 2 2 1 1 5280 5279 6586
12230 2 2 1 1 959 970 6581
12231 2 2 1 1 3217 3218 6587
12232 2 2 1 1 6578 2880 6582
12233 2 2 1 1 4817 3740 6583
12234 2 2 1 1 955 957 6588
12235 2 2 1 1 6577 869 6580
12236 2 2 1 1 2880 5480 6582
12237 2 2 1 1 3741 6577 6580
12238 2 2 1 1 3742 3739 6589
12239 2 2 1 1 6583 961 6586
12240 2 2 1 1 965 2250 6584
12241 2 2 1 1 2671 3200 6585
12242 2 2 1 1 3740 6582 6583
12243 2 2 1 1 6586 961 6588
12244 2 2 1 1 864 861 6590
12245 2 2 1 1 5279 4817 6586
12246 2 2 1 1 4085 3217 6587
12247 2 2 1 1 6582 5480 6583
12248 2 2 1 1 4817 6583 6586
12249 2 2 1 1 961 955 6588
12250 2 2 1 1 859 781 6591
12251 2 2 1 1 6581 970 6589
12252 2 2 1 1 6572 864 6590
12253 2 2 1 1 6573 859 6591
12254 2 2 1 1 6989 6988 6995
12255 2 2 1 1 855 778 6592
12256 2 2 1 1 778 780 6592
12257 2 2 1 1 5761 3762 6626
12258 2 2 1 1 780 3122 6592
12259 2 2 1 1 6620 3759 6645
12260 2 2 1 1 6641 4043 6642
12261 2 2 1 1 6590 855 6592
12262 2 2 1 1 6380 6572 6593
12263 2 2 1 1 6623 6626 6648
12264 2 2 1 1 5821 6380 6595
12265 2 2 1 1 6592 3122 6593
12266 2 2 1 1 5573 5750 6980
12267 2 2 1 1 829 831 6594
12268 2 2 1 1 6590 6592 6593
12269 2 2 1 1 5821 6595 6596
12270 2 2 1 1 6572 6590 6593
12271 2 2 1 1 5820 5821 6596
12272 2 2 1 1 6380 6593 6595
12273 2 2 1 1 5820 6596 6597
12274 2 2 1 1 831 858 6594
12275 2 2 1 1 3122 6579 6595
12276 2 2 1 1 6593 3122 6595
12277 2 2 1 1 3743 5820 6597
12278 2 2 1 1 6972 6647 6973
12279 2 2 1 1 6595 6579 6596
12280 2 2 1 1 3743 6597 6598
12281 2 2 1 1 5221 6605 6607
12282 2 2 1 1 5196 6604 6606
12283 2 2 1 1 6579 854 6596
12284 2 2 1 1 6623 5761 6626
12285 2 2 1 1 3744 3743 6598
12286 2 2 1 1 6631 858 6632
12287 2 2 1 1 6596 854 6597
12288 2 2 1 1 841 843 6601
12289 2 2 1 1 3744 6598 6599
12290 2 2 1 1 858 5398 6632
12291 2 2 1 1 854 6571 6597
12292 2 2 1 1 1397 5205 6979
12293 2 2 1 1 6594 858 6631
12294 2 2 1 1 5711 3744 6599
12295 2 2 1 1 6632 5398 6633
12296 2 2 1 1 6597 6571 6598
12297 2 2 1 1 5305 3982 6605
12298 2 2 1 1 5711 6599 6600
12299 2 2 1 1 5398 5397 6633
12300 2 2 1 1 6571 2417 6598
12301 2 2 1 1 5390 851 6606
12302 2 2 1 1 3764 6625 6627
12303 2 2 1 1 5712 5711 6600
12304 2 2 1 1 6633 5397 6634
12305 2 2 1 1 5244 6614 6617
12306 2 2 1 1 3752 6613 6616
12307 2 2 1 1 6598 2417 6599
12308 2 2 1 1 5712 6600 6602
12309 2 2 1 1 5397 849 6634
12310 2 2 1 1 2417 5738 6599
12311 2 2 1 1 4942 3048 6608
12312 2 2 1 1 5414 5281 6608
12313 2 2 1 1 5221 5220 6609
12314 2 2 1 1 3745 5712 6602
12315 2 2 1 1 6634 849 6635
12316 2 2 1 1 6599 5738 6600
12317 2 2 1 1 4595 4596 6610
12318 2 2 1 1 5750 6979 6980
12319 2 2 1 1 3745 6602 6603
12320 2 2 1 1 5738 853 6600
12321 2 2 1 1 5724 4597 6612
12322 2 2 1 1 5796 4005 6614
12323 2 2 1 1 5195 3745 6603
12324 2 2 1 1 6600 853 6602
12325 2 2 1 1 3949 5737 6615
12326 2 2 1 1 850 5242 6616
12327 2 2 1 1 3949 6615 6641
12328 2 2 1 1 5195 6603 6604
12329 2 2 1 1 843 1382 6601
12330 2 2 1 1 853 5206 6602
12331 2 2 1 1 6056 5196 6607
12332 2 2 1 1 5196 5195 6604
12333 2 2 1 1 6602 5206 6603
12334 2 2 1 1 5244 5243 6618
12335 2 2 1 1 4042 6629 6630
12336 2 2 1 1 5206 2210 6603
12337 2 2 1 1 5750 1397 6979
12338 2 2 1 1 2661 2660 6627
12339 2 2 1 1 2890 3764 6627
12340 2 2 1 1 3982 6056 6607
12341 2 2 1 1 6637 1382 6638
12342 2 2 1 1 6603 2210 6604
12343 2 2 1 1 1871 5255 6620
12344 2 2 1 1 841 6601 6636
12345 2 2 1 1 829 6594 6630
12346 2 2 1 1 1382 5415 6638
12347 2 2 1 1 2210 5390 6604
12348 2 2 1 1 3751 5305 6605
12349 2 2 1 1 6638 5415 6639
12350 2 2 1 1 6334 3752 6617
12351 2 2 1 1 5415 2420 6639
12352 2 2 1 1 851 5221 6606
12353 2 2 1 1 825 826 6630
12354 2 2 1 1 6594 4042 6630
12355 2 2 1 1 6639 2420 6640
12356 2 2 1 1 3221 4042 6631
12357 2 2 1 1 6605 5221 6609
12358 2 2 1 1 3751 6609 6611
12359 2 2 1 1 2420 5414 6640
12360 2 2 1 1 6646 6647 6972
12361 2 2 1 1 2659 2661 6976
12362 2 2 1 1 3747 3751 6611
12363 2 2 1 1 3747 6611 6613
12364 2 2 1 1 5281 4942 6608
12365 2 2 1 1 4042 6594 6631
12366 2 2 1 1 5220 2290 6609
12367 2 2 1 1 6601 1382 6637
12368 2 2 1 1 3752 3747 6613
12369 2 2 1 1 6609 2290 6611
12370 2 2 1 1 5230 5226 6635
12371 2 2 1 1 4597 4595 6610
12372 2 2 1 1 2290 5552 6611
12373 2 2 1 1 6601 5230 6636
12374 2 2 1 1 849 839 6636
12375 2 2 1 1 5196 6606 6607
12376 2 2 1 1 4005 6334 6617
12377 2 2 1 1 6611 5552 6613
12378 2 2 1 1 5229 5230 6637
12379 2 2 1 1 2589 5724 6612
12380 2 2 1 1 5552 850 6613
12381 2 2 1 1 3753 5796 6614
12382 2 2 1 1 2589 6612 6615
12383 2 2 1 1 6622 5761 6623
12384 2 2 1 1 5737 2589 6615
12385 2 2 1 1 5242 5244 6616
12386 2 2 1 1 6615 3756 6641
12387 2 2 1 1 2658 2657 6642
12388 2 2 1 1 6614 5244 6618
12389 2 2 1 1 3753 6618 6619
12390 2 2 1 1 3756 4043 6641
12391 2 2 1 1 3751 6605 6609
12392 2 2 1 1 3746 2889 6643
12393 2 2 1 1 3748 3753 6619
12394 2 2 1 1 5716 5717 6644
12395 2 2 1 1 6644 5717 6645
12396 2 2 1 1 3748 6619 6621
12397 2 2 1 1 6606 5221 6607
12398 2 2 1 1 5243 856 6618
12399 2 2 1 1 5709 3748 6621
12400 2 2 1 1 3746 6643 6644
12401 2 2 1 1 6618 856 6619
12402 2 2 1 1 5709 6621 6628
12403 2 2 1 1 5717 1871 6645
12404 2 2 1 1 5230 6601 6637
12405 2 2 1 1 856 5331 6619
12406 2 2 1 1 2660 2890 6627
12407 2 2 1 1 3752 6616 6617
12408 2 2 1 1 3749 5709 6628
12409 2 2 1 1 6619 5331 6621
12410 2 2 1 1 3749 6628 6629
12411 2 2 1 1 5255 4041 6620
12412 2 2 1 1 5331 2421 6621
12413 2 2 1 1 5205 6978 6979
12414 2 2 1 1 4042 3749 6629
12415 2 2 1 1 6620 4041 6622
12416 2 2 1 1 6621 2421 6628
12417 2 2 1 1 4041 5761 6622
12418 2 2 1 1 2421 5561 6628
12419 2 2 1 1 6628 5561 6629
12420 2 2 1 1 5561 825 6629
12421 2 2 1 1 826 829 6630
12422 2 2 1 1 3757 3221 6631
12423 2 2 1 1 3753 6614 6618
12424 2 2 1 1 3757 6631 6632
12425 2 2 1 1 3927 3757 6632
12426 2 2 1 1 6616 5244 6617
12427 2 2 1 1 3927 6632 6633
12428 2 2 1 1 5684 3927 6633
12429 2 2 1 1 5684 6633 6634
12430 2 2 1 1 5225 5684 6634
12431 2 2 1 1 5225 6634 6635
12432 2 2 1 1 5226 5225 6635
12433 2 2 1 1 839 841 6636
12434 2 2 1 1 3755 5229 6637
12435 2 2 1 1 3755 6637 6638
12436 2 2 1 1 3754 3755 6638
12437 2 2 1 1 3754 6638 6639
12438 2 2 1 1 3758 3754 6639
12439 2 2 1 1 3758 6639 6640
12440 2 2 1 1 4596 3758 6640
12441 2 2 1 1 2657 3949 6641
12442 2 2 1 1 2889 2658 6642
12443 2 2 1 1 4043 5441 6643
12444 2 2 1 1 5441 5716 6644
12445 2 2 1 1 6101 3226 6649
12446 2 2 1 1 3746 6644 6645
12447 2 2 1 1 6643 5441 6644
12448 2 2 1 1 3759 3746 6645
12449 2 2 1 1 586 569 587
12450 2 2 1 1 130 131 4254
12451 2 2 1 1 6646 6625 6647
12452 2 2 1 1 6642 4043 6643
12453 2 2 1 1 2889 6642 6643
12454 2 2 1 1 220 6649 6651
12455 2 2 1 1 2661 6627 6646
12456 2 2 1 1 3226 3801 6649
12457 2 2 1 1 6768 6327 7270
12458 2 2 1 1 5298 3771 6652
12459 2 2 1 1 3772 5401 6652
12460 2 2 1 1 6627 6625 6646
12461 2 2 1 1 774 2891 6654
12462 2 2 1 1 6591 779 6654
12463 2 2 1 1 776 774 6654
12464 2 2 1 1 5205 6977 6978
12465 2 2 1 1 5205 6976 6977
12466 2 2 1 1 6573 6591 6655
12467 2 2 1 1 4875 4077 6656
12468 2 2 1 1 4599 3784 6656
12469 2 2 1 1 30 31 6824
12470 2 2 1 1 6974 6972 6975
12471 2 2 1 1 2661 6974 6976
12472 2 2 1 1 194 215 6719
12473 2 2 1 1 550 551 552
12474 2 2 1 1 3771 3772 6652
12475 2 2 1 1 779 776 6654
12476 2 2 1 1 4159 6803 7004
12477 2 2 1 1 6646 6972 6974
12478 2 2 1 1 217 4140 7009
12479 2 2 1 1 686 6764 7216
12480 2 2 1 1 2661 6646 6974
12481 2 2 1 1 3766 6573 6655
12482 2 2 1 1 400 6827 7073
12483 2 2 1 1 190 189 6772
12484 2 2 1 1 3784 4875 6656
12485 2 2 1 1 664 665 666
12486 2 2 1 1 3629 4068 6665
12487 2 2 1 1 6382 4467 6665
12488 2 2 1 1 4154 5659 6836
12489 2 2 1 1 4176 4228 6945
12490 2 2 1 1 7129 7130 7131
12491 2 2 1 1 565 6842 6943
12492 2 2 1 1 3792 4981 7088
12493 2 2 1 1 20 21 6763
12494 2 2 1 1 14 15 6705
12495 2 2 1 1 232 4427 7108
12496 2 2 1 1 128 129 4263
12497 2 2 1 1 6667 681 6865
12498 2 2 1 1 140 4218 6725
12499 2 2 1 1 212 141 6725
12500 2 2 1 1 167 7 4171
12501 2 2 1 1 115 116 7186
12502 2 2 1 1 6720 4097 6932
12503 2 2 1 1 94 95 6821
12504 2 2 1 1 4467 3629 6665
12505 2 2 1 1 703 636 6807
12506 2 2 1 1 170 169 4174
12507 2 2 1 1 621 620 622
12508 2 2 1 1 401 399 632
12509 2 2 1 1 6763 238 6764
12510 2 2 1 1 639 751 752
12511 2 2 1 1 3812 4183 6671
12512 2 2 1 1 165 164 4170
12513 2 2 1 1 66 67 255
12514 2 2 1 1 70 71 256
12515 2 2 1 1 68 69 220
12516 2 2 1 1 72 73 202
12517 2 2 1 1 75 76 231
12518 2 2 1 1 77 78 257
12519 2 2 1 1 79 80 204
12520 2 2 1 1 82 83 232
12521 2 2 1 1 87 88 258
12522 2 2 1 1 85 86 207
12523 2 2 1 1 64 65 201
12524 2 2 1 1 65 66 6658
12525 2 2 1 1 86 87 6660
12526 2 2 1 1 74 75 6661
12527 2 2 1 1 71 72 6659
12528 2 2 1 1 48 49 6663
12529 2 2 1 1 54 55 259
12530 2 2 1 1 56 57 203
12531 2 2 1 1 42 43 206
12532 2 2 1 1 44 45 6662
12533 2 2 1 1 45 46 233
12534 2 2 1 1 47 48 261
12535 2 2 1 1 49 50 205
12536 2 2 1 1 52 53 234
12537 2 2 1 1 53 54 6664
12538 2 2 1 1 58 59 262
12539 2 2 1 1 60 61 221
12540 2 2 1 1 62 63 260
12541 2 2 1 1 4132 4131 6673
12542 2 2 1 1 162 161 4181
12543 2 2 1 1 4078 5347 6674
12544 2 2 1 1 5949 5508 6674
12545 2 2 1 1 355 356 6916
12546 2 2 1 1 3773 4078 6676
12547 2 2 1 1 6326 7269 7277
12548 2 2 1 1 339 336 340
12549 2 2 1 1 516 520 708
12550 2 2 1 1 614 615 616
12551 2 2 1 1 234 6664 6734
12552 2 2 1 1 413 415 416
12553 2 2 1 1 471 479 480
12554 2 2 1 1 7237 7235 7238
12555 2 2 1 1 332 4469 6732
12556 2 2 1 1 6701 632 6702
12557 2 2 1 1 4834 5166 6679
12558 2 2 1 1 3496 4219 7125
12559 2 2 1 1 4799 4800 6680
12560 2 2 1 1 3770 4115 6681
12561 2 2 1 1 4440 6403 6681
12562 2 2 1 1 4953 389 6841
12563 2 2 1 1 3220 3766 6682
12564 2 2 1 1 4515 2327 4523
12565 2 2 1 1 4878 4879 6683
12566 2 2 1 1 595 7209 7213
12567 2 2 1 1 6655 2891 6682
12568 2 2 1 1 112 113 6735
12569 2 2 1 1 532 529 6747
12570 2 2 1 1 520 704 708
12571 2 2 1 1 173 172 4178
12572 2 2 1 1 6851 228 6863
12573 2 2 1 1 3787 4220 6692
12574 2 2 1 1 4081 3812 6671
12575 2 2 1 1 258 88 6809
12576 2 2 1 1 207 86 6660
12577 2 2 1 1 66 255 6658
12578 2 2 1 1 256 71 6659
12579 2 2 1 1 72 202 6659
12580 2 2 1 1 75 231 6661
12581 2 2 1 1 87 258 6660
12582 2 2 1 1 201 65 6658
12583 2 2 1 1 261 48 6663
12584 2 2 1 1 49 205 6663
12585 2 2 1 1 234 53 6664
12586 2 2 1 1 45 233 6662
12587 2 2 1 1 54 259 6664
12588 2 2 1 1 136 135 209
12589 2 2 1 1 185 184 218
12590 2 2 1 1 133 5 4142
12591 2 2 1 1 148 147 214
12592 2 2 1 1 182 8 219
12593 2 2 1 1 186 185 4222
12594 2 2 1 1 151 150 4143
12595 2 2 1 1 137 136 771
12596 2 2 1 1 138 137 4214
12597 2 2 1 1 140 139 4218
12598 2 2 1 1 134 133 246
12599 2 2 1 1 188 187 217
12600 2 2 1 1 135 134 4141
12601 2 2 1 1 198 197 4149
12602 2 2 1 1 145 144 213
12603 2 2 1 1 194 193 215
12604 2 2 1 1 6 151 229
12605 2 2 1 1 191 190 216
12606 2 2 1 1 150 149 247
12607 2 2 1 1 139 138 211
12608 2 2 1 1 200 199 4152
12609 2 2 1 1 5 200 208
12610 2 2 1 1 199 198 248
12611 2 2 1 1 197 196 210
12612 2 2 1 1 142 141 212
12613 2 2 1 1 236 14 6705
12614 2 2 1 1 17 18 6830
12615 2 2 1 1 4468 332 6894
12616 2 2 1 1 5167 4132 6673
12617 2 2 1 1 4224 6877 6915
12618 2 2 1 1 3768 5656 6687
12619 2 2 1 1 263 41 6697
12620 2 2 1 1 4740 3496 7125
12621 2 2 1 1 240 378 396
12622 2 2 1 1 5347 5949 6674
12623 2 2 1 1 4142 208 6836
12624 2 2 1 1 4186 557 6793
12625 2 2 1 1 6735 113 7064
12626 2 2 1 1 7001 626 7021
12627 2 2 1 1 59 60 6672
12628 2 2 1 1 3774 3773 6676
12629 2 2 1 1 574 573 575
12630 2 2 1 1 667 665 6904
12631 2 2 1 1 40 41 263
12632 2 2 1 1 4661 301 7085
12633 2 2 1 1 4232 860 6783
12634 2 2 1 1 105 106 7215
12635 2 2 1 1 218 184 4138
12636 2 2 1 1 217 187 4140
12637 2 2 1 1 214 147 4251
12638 2 2 1 1 247 149 4151
12639 2 2 1 1 215 193 4146
12640 2 2 1 1 210 196 4150
12641 2 2 1 1 4475 4477 6797
12642 2 2 1 1 687 688 6937
12643 2 2 1 1 10 11 6711
12644 2 2 1 1 262 59 6672
12645 2 2 1 1 60 221 6672
12646 2 2 1 1 577 578 579
12647 2 2 1 1 461 495 762
12648 2 2 1 1 747 6787 7148
12649 2 2 1 1 156 155 4207
12650 2 2 1 1 428 427 430
12651 2 2 1 1 2283 4733 6693
12652 2 2 1 1 6253 5639 6693
12653 2 2 1 1 5779 4834 6679
12654 2 2 1 1 4906 4905 6695
12655 2 2 1 1 6192 5118 6695
12656 2 2 1 1 4225 214 6694
12657 2 2 1 1 4096 4799 6680
12658 2 2 1 1 5650 4069 6677
12659 2 2 1 1 420 422 423
12660 2 2 1 1 6403 3770 6681
12661 2 2 1 1 677 749 6712
12662 2 2 1 1 329 327 330
12663 2 2 1 1 544 543 545
12664 2 2 1 1 446 4186 6881
12665 2 2 1 1 5046 4878 6683
12666 2 2 1 1 5120 3781 6700
12667 2 2 1 1 6190 4156 6700
12668 2 2 1 1 706 6061 7147
12669 2 2 1 1 189 188 6677
12670 2 2 1 1 318 317 319
12671 2 2 1 1 3766 6655 6682
12672 2 2 1 1 7201 7206 7207
12673 2 2 1 1 3808 5388 6703
12674 2 2 1 1 4122 3809 6703
12675 2 2 1 1 4131 7167 7228
12676 2 2 1 1 4840 4832 7181
12677 2 2 1 1 478 693 6862
12678 2 2 1 1 6746 769 6785
12679 2 2 1 1 294 358 362
12680 2 2 1 1 4111 6687 7058
12681 2 2 1 1 623 622 624
12682 2 2 1 1 602 575 629
12683 2 2 1 1 258 6809 6899
12684 2 2 1 1 131 132 6713
12685 2 2 1 1 635 4215 6691
12686 2 2 1 1 254 4213 6690
12687 2 2 1 1 696 698 770
12688 2 2 1 1 6083 333 7185
12689 2 2 1 1 4842 4823 6707
12690 2 2 1 1 4825 5470 6707
12691 2 2 1 1 4127 4128 6708
12692 2 2 1 1 6140 4521 6708
12693 2 2 1 1 270 269 271
12694 2 2 1 1 6841 389 6879
12695 2 2 1 1 294 296 297
12696 2 2 1 1 6962 7081 7210
12697 2 2 1 1 320 319 321
12698 2 2 1 1 4171 7 6670
12699 2 2 1 1 204 4428 6728
12700 2 2 1 1 6676 667 7160
12701 2 2 1 1 401 632 6701
12702 2 2 1 1 22 23 6837
12703 2 2 1 1 611 610 612
12704 2 2 1 1 177 176 4208
12705 2 2 1 1 113 6657 7064
12706 2 2 1 1 6888 654 7253
12707 2 2 1 1 579 580 582
12708 2 2 1 1 6134 929 6901
12709 2 2 1 1 7181 6812 7182
12710 2 2 1 1 431 430 432
12711 2 2 1 1 381 383 395
12712 2 2 1 1 4111 3768 6687
12713 2 2 1 1 4954 4952 6738
12714 2 2 1 1 594 597 598
12715 2 2 1 1 598 649 650
12716 2 2 1 1 6824 31 7175
12717 2 2 1 1 3775 4097 6720
12718 2 2 1 1 416 417 418
12719 2 2 1 1 51 4993 7099
12720 2 2 1 1 169 4172 4174
12721 2 2 1 1 290 294 362
12722 2 2 1 1 369 6720 6932
12723 2 2 1 1 6975 6972 6998
12724 2 2 1 1 42 206 6697
12725 2 2 1 1 552 553 554
12726 2 2 1 1 120 121 6710
12727 2 2 1 1 4635 6960 7276
12728 2 2 1 1 6135 4954 6740
12729 2 2 1 1 6587 4265 6723
12730 2 2 1 1 3776 4092 6723
12731 2 2 1 1 4238 4085 6921
12732 2 2 1 1 3816 4662 6825
12733 2 2 1 1 4434 6354 7135
12734 2 2 1 1 734 453 6889
12735 2 2 1 1 657 4163 6882
12736 2 2 1 1 358 6892 7097
12737 2 2 1 1 4469 4471 6732
12738 2 2 1 1 5120 6700 6798
12739 2 2 1 1 639 752 6868
12740 2 2 1 1 370 7129 7131
12741 2 2 1 1 320 321 323
12742 2 2 1 1 152 6 756
12743 2 2 1 1 4520 4515 4523
12744 2 2 1 1 6101 6650 7109
12745 2 2 1 1 4426 4431 6728
12746 2 2 1 1 4428 4425 6728
12747 2 2 1 1 6786 324 7151
12748 2 2 1 1 347 7119 7120
12749 2 2 1 1 465 473 562
12750 2 2 1 1 4071 4070 6731
12751 2 2 1 1 448 447 450
12752 2 2 1 1 8 181 750
12753 2 2 1 1 3788 6191 6734
12754 2 2 1 1 4200 4203 6770
12755 2 2 1 1 4170 164 4182
12756 2 2 1 1 37 38 315
12757 2 2 1 1 582 583 711
12758 2 2 1 1 4193 4192 7048
12759 2 2 1 1 117 118 6746
12760 2 2 1 1 247 4151 6686
12761 2 2 1 1 2327 2343 4523
12762 2 2 1 1 7015 4196 7052
12763 2 2 1 1 433 432 435
12764 2 2 1 1 3795 3789 6910
12765 2 2 1 1 4952 4950 6738
12766 2 2 1 1 5986 3146 6738
12767 2 2 1 1 406 404 407
12768 2 2 1 1 4536 6168 6935
12769 2 2 1 1 242 112 6735
12770 2 2 1 1 3211 6135 6740
12771 2 2 1 1 3146 3147 6740
12772 2 2 1 1 5727 6749 7007
12773 2 2 1 1 4257 254 6944
12774 2 2 1 1 6291 4628 6689
12775 2 2 1 1 5723 3154 6743
12776 2 2 1 1 126 127 6831
12777 2 2 1 1 4633 4635 7276
12778 2 2 1 1 4923 3787 6692
12779 2 2 1 1 5639 2283 6693
12780 2 2 1 1 5727 5995 6749
12781 2 2 1 1 3806 4222 6940
12782 2 2 1 1 630 629 676
12783 2 2 1 1 4940 2662 6789
12784 2 2 1 1 4905 6192 6695
12785 2 2 1 1 466 467 6872
12786 2 2 1 1 408 407 410
12787 2 2 1 1 537 591 592
12788 2 2 1 1 482 483 484
12789 2 2 1 1 7120 346 7121
12790 2 2 1 1 4181 161 6709
12791 2 2 1 1 436 437 438
12792 2 2 1 1 308 302 313
12793 2 2 1 1 6662 4064 6733
12794 2 2 1 1 7200 7204 7207
12795 2 2 1 1 661 658 7226
12796 2 2 1 1 7269 7266 7277
12797 2 2 1 1 3781 6190 6700
12798 2 2 1 1 41 42 6697
12799 2 2 1 1 302 293 6737
12800 2 2 1 1 6735 670 6742
12801 2 2 1 1 546 545 547
12802 2 2 1 1 4133 4134 6840
12803 2 2 1 1 476 715 7030
12804 2 2 1 1 3179 3177 6765
12805 2 2 1 1 7039 7066 7215
12806 2 2 1 1 224 270 6810
12807 2 2 1 1 411 410 412
12808 2 2 1 1 21 238 6763
12809 2 2 1 1 520 521 522
12810 2 2 1 1 4207 4187 6883
12811 2 2 1 1 5042 5040 6768
12812 2 2 1 1 5041 6327 6768
12813 2 2 1 1 3809 3808 6703
12814 2 2 1 1 589 532 6747
12815 2 2 1 1 7252 652 7253
12816 2 2 1 1 4832 5779 7181
12817 2 2 1 1 436 435 437
12818 2 2 1 1 4256 4254 6713
12819 2 2 1 1 221 61 6730
12820 2 2 1 1 62 260 6730
12821 2 2 1 1 310 303 311
12822 2 2 1 1 653 6768 7270
12823 2 2 1 1 121 4257 6710
12824 2 2 1 1 757 242 6852
12825 2 2 1 1 206 43 6733
12826 2 2 1 1 44 6662 6733
12827 2 2 1 1 316 317 318
12828 2 2 1 1 459 735 7220
12829 2 2 1 1 6821 312 7055
12830 2 2 1 1 398 400 7022
12831 2 2 1 1 585 610 611
12832 2 2 1 1 172 4175 4178
12833 2 2 1 1 619 620 621
12834 2 2 1 1 467 458 468
12835 2 2 1 1 423 424 425
12836 2 2 1 1 6830 18 7012
12837 2 2 1 1 7180 7181 7182
12838 2 2 1 1 6960 4635 6966
12839 2 2 1 1 652 650 656
12840 2 2 1 1 7015 3915 7046
12841 2 2 1 1 767 601 6937
12842 2 2 1 1 511 510 512
12843 2 2 1 1 4238 212 6923
12844 2 2 1 1 4823 4825 6707
12845 2 2 1 1 625 633 6944
12846 2 2 1 1 272 271 273
12847 2 2 1 1 4128 6140 6708
12848 2 2 1 1 527 5520 6906
12849 2 2 1 1 2676 3807 6783
12850 2 2 1 1 860 862 6783
12851 2 2 1 1 4250 464 6669
12852 2 2 1 1 6832 655 7268
12853 2 2 1 1 315 316 6877
12854 2 2 1 1 95 249 6821
12855 2 2 1 1 4652 710 7133
12856 2 2 1 1 598 6951 7196
12857 2 2 1 1 153 152 765
12858 2 2 1 1 450 447 6793
12859 2 2 1 1 4254 131 6713
12860 2 2 1 1 594 592 597
12861 2 2 1 1 6708 4521 6880
12862 2 2 1 1 481 482 7230
12863 2 2 1 1 701 6784 7230
12864 2 2 1 1 4070 6101 7109
12865 2 2 1 1 6951 651 6968
12866 2 2 1 1 6366 4566 6786
12867 2 2 1 1 488 491 492
12868 2 2 1 1 3863 4940 6789
12869 2 2 1 1 5046 6683 6757
12870 2 2 1 1 4431 4434 7135
12871 2 2 1 1 262 4158 7004
12872 2 2 1 1 6700 344 6798
12873 2 2 1 1 339 340 341
12874 2 2 1 1 6707 5470 6917
12875 2 2 1 1 6752 567 6864
12876 2 2 1 1 420 418 422
12877 2 2 1 1 4259 4261 6803
12878 2 2 1 1 492 499 7101
12879 2 2 1 1 213 144 6921
12880 2 2 1 1 6587 6723 7149
12881 2 2 1 1 550 548 551
12882 2 2 1 1 226 4160 7038
12883 2 2 1 1 91 92 264
12884 2 2 1 1 6326 6325 7269
12885 2 2 1 1 618 634 4246
12886 2 2 1 1 31 239 7175
12887 2 2 1 1 6898 748 7110
12888 2 2 1 1 576 561 577
12889 2 2 1 1 4217 4216 6739
12890 2 2 1 1 669 4165 7045
12891 2 2 1 1 267 10 6711
12892 2 2 1 1 4159 6003 6803
12893 2 2 1 1 3804 4259 6803
12894 2 2 1 1 488 492 4736
12895 2 2 1 1 6191 3799 6808
12896 2 2 1 1 500 504 505
12897 2 2 1 1 6892 4503 7097
12898 2 2 1 1 6131 274 6909
12899 2 2 1 1 4427 4428 7108
12900 2 2 1 1 524 536 537
12901 2 2 1 1 621 622 623
12902 2 2 1 1 618 616 619
12903 2 2 1 1 560 559 561
12904 2 2 1 1 3819 4406 6816
12905 2 2 1 1 6087 6086 6816
12906 2 2 1 1 6690 4213 7013
12907 2 2 1 1 711 583 6706
12908 2 2 1 1 4078 6674 6876
12909 2 2 1 1 4907 4904 6818
12910 2 2 1 1 677 676 678
12911 2 2 1 1 4137 4053 6718
12912 2 2 1 1 4185 432 6855
12913 2 2 1 1 703 6807 6999
12914 2 2 1 1 298 296 300
12915 2 2 1 1 6984 4202 6985
12916 2 2 1 1 5929 5928 6823
12917 2 2 1 1 3822 5330 6823
12918 2 2 1 1 6083 3775 6720
12919 2 2 1 1 4662 5980 6825
12920 2 2 1 1 2465 5674 6825
12921 2 2 1 1 4123 5537 7094
12922 2 2 1 1 633 627 769
12923 2 2 1 1 6264 3821 6828
12924 2 2 1 1 3820 4121 6828
12925 2 2 1 1 6771 767 6937
12926 2 2 1 1 342 6822 6869
12927 2 2 1 1 734 6667 6865
12928 2 2 1 1 7206 7197 7212
12929 2 2 1 1 6692 506 6874
12930 2 2 1 1 562 563 569
12931 2 2 1 1 4561 4563 6832
12932 2 2 1 1 1 9 7034
12933 2 2 1 1 4100 4101 6835
12934 2 2 1 1 4423 4427 6835
12935 2 2 1 1 413 412 415
12936 2 2 1 1 132 1 7034
12937 2 2 1 1 5726 6749 6750
12938 2 2 1 1 325 4228 7152
12939 2 2 1 1 145 213 7018
12940 2 2 1 1 494 460 557
12941 2 2 1 1 225 4240 6755
12942 2 2 1 1 577 579 581
12943 2 2 1 1 265 6819 7168
12944 2 2 1 1 223 4234 6762
12945 2 2 1 1 3811 4852 6838
12946 2 2 1 1 4248 6716 6717
12947 2 2 1 1 504 507 508
12948 2 2 1 1 611 612 617
12949 2 2 1 1 614 616 618
12950 2 2 1 1 4477 4479 6722
12951 2 2 1 1 195 194 6719
12952 2 2 1 1 7205 4117 7209
12953 2 2 1 1 598 597 649
12954 2 2 1 1 763 495 6698
12955 2 2 1 1 5843 5854 6841
12956 2 2 1 1 4951 4953 6841
12957 2 2 1 1 529 477 6747
12958 2 2 1 1 4265 3776 6723
12959 2 2 1 1 6674 668 6876
12960 2 2 1 1 659 658 660
12961 2 2 1 1 6965 6963 6966
12962 2 2 1 1 6844 538 7216
12963 2 2 1 1 20 6763 7250
12964 2 2 1 1 6942 6668 6949
12965 2 2 1 1 5945 3805 5946
12966 2 2 1 1 4563 4631 6845
12967 2 2 1 1 313 302 6737
12968 2 2 1 1 469 468 470
12969 2 2 1 1 569 586 6699
12970 2 2 1 1 638 475 6729
12971 2 2 1 1 4187 4168 6883
12972 2 2 1 1 582 711 739
12973 2 2 1 1 492 497 498
12974 2 2 1 1 6689 7239 7240
12975 2 2 1 1 6665 4068 6848
12976 2 2 1 1 7202 7200 7206
12977 2 2 1 1 4083 3824 6849
12978 2 2 1 1 607 605 608
12979 2 2 1 1 416 415 417
12980 2 2 1 1 294 295 296
12981 2 2 1 1 438 439 440
12982 2 2 1 1 338 336 339
12983 2 2 1 1 611 617 683
12984 2 2 1 1 682 6689 6779
12985 2 2 1 1 6689 4628 6779
12986 2 2 1 1 493 542 6684
12987 2 2 1 1 752 751 753
12988 2 2 1 1 650 649 6678
12989 2 2 1 1 508 509 510
12990 2 2 1 1 4248 4170 6716
12991 2 2 1 1 397 7039 7215
12992 2 2 1 1 363 6665 6848
12993 2 2 1 1 208 4154 6836
12994 2 2 1 1 119 4 7036
12995 2 2 1 1 6837 23 7177
12996 2 2 1 1 715 6784 7030
12997 2 2 1 1 155 4187 4207
12998 2 2 1 1 4058 6280 6861
12999 2 2 1 1 516 519 520
13000 2 2 1 1 6487 7268 7269
13001 2 2 1 1 83 84 6846
13002 2 2 1 1 762 495 763
13003 2 2 1 1 6955 7203 7210
13004 2 2 1 1 558 557 559
13005 2 2 1 1 4967 4087 6867
13006 2 2 1 1 141 140 6725
13007 2 2 1 1 396 378 7156
13008 2 2 1 1 4 120 7036
13009 2 2 1 1 4425 4426 6728
13010 2 2 1 1 375 4224 7168
13011 2 2 1 1 290 293 294
13012 2 2 1 1 282 284 285
13013 2 2 1 1 6695 5118 7117
13014 2 2 1 1 764 763 6698
13015 2 2 1 1 4354 4071 6731
13016 2 2 1 1 251 117 6746
13017 2 2 1 1 512 516 517
13018 2 2 1 1 4704 4105 6936
13019 2 2 1 1 4116 3788 6734
13020 2 2 1 1 560 576 642
13021 2 2 1 1 6761 462 6922
13022 2 2 1 1 6749 5726 7007
13023 2 2 1 1 241 17 6830
13024 2 2 1 1 5996 4924 6874
13025 2 2 1 1 395 6666 7156
13026 2 2 1 1 61 62 6730
13027 2 2 1 1 251 6746 6785
13028 2 2 1 1 255 6651 6969
13029 2 2 1 1 625 627 633
13030 2 2 1 1 4054 4136 6869
13031 2 2 1 1 395 383 6704
13032 2 2 1 1 631 4248 6717
13033 2 2 1 1 596 6708 6880
13034 2 2 1 1 43 44 6733
13035 2 2 1 1 202 73 6839
13036 2 2 1 1 74 6661 6839
13037 2 2 1 1 4150 6719 7288
13038 2 2 1 1 4820 4821 6884
13039 2 2 1 1 6663 205 6886
13040 2 2 1 1 4992 4044 6886
13041 2 2 1 1 571 572 573
13042 2 2 1 1 750 6826 7163
13043 2 2 1 1 460 450 6793
13044 2 2 1 1 339 341 348
13045 2 2 1 1 166 165 429
13046 2 2 1 1 6262 6263 6893
13047 2 2 1 1 328 327 329
13048 2 2 1 1 216 6772 6814
13049 2 2 1 1 719 6707 6917
13050 2 2 1 1 224 268 269
13051 2 2 1 1 437 435 454
13052 2 2 1 1 180 179 453
13053 2 2 1 1 4950 5986 6738
13054 2 2 1 1 168 167 434
13055 2 2 1 1 152 756 765
13056 2 2 1 1 583 585 6706
13057 2 2 1 1 625 623 627
13058 2 2 1 1 4195 4210 7176
13059 2 2 1 1 6781 728 6782
13060 2 2 1 1 452 450 457
13061 2 2 1 1 4161 4162 6878
13062 2 2 1 1 3147 3211 6740
13063 2 2 1 1 558 560 6714
13064 2 2 1 1 7238 7235 7241
13065 2 2 1 1 7234 7238 7241
13066 2 2 1 1 430 427 443
13067 2 2 1 1 513 512 517
13068 2 2 1 1 6 229 756
13069 2 2 1 1 318 319 320
13070 2 2 1 1 171 170 442
13071 2 2 1 1 3793 2979 6905
13072 2 2 1 1 560 561 576
13073 2 2 1 1 4138 4139 7058
13074 2 2 1 1 259 55 6853
13075 2 2 1 1 56 203 6853
13076 2 2 1 1 6723 213 7149
13077 2 2 1 1 5520 5194 6906
13078 2 2 1 1 618 619 634
13079 2 2 1 1 238 22 6837
13080 2 2 1 1 537 536 591
13081 2 2 1 1 656 650 6678
13082 2 2 1 1 4627 5723 6743
13083 2 2 1 1 726 741 7172
13084 2 2 1 1 6696 762 6833
13085 2 2 1 1 4056 4088 6920
13086 2 2 1 1 4060 4098 6913
13087 2 2 1 1 679 678 680
13088 2 2 1 1 524 522 536
13089 2 2 1 1 423 422 424
13090 2 2 1 1 4839 4841 6917
13091 2 2 1 1 5654 4981 6918
13092 2 2 1 1 4566 4045 6919
13093 2 2 1 1 621 623 625
13094 2 2 1 1 6877 337 6915
13095 2 2 1 1 6061 4059 6744
13096 2 2 1 1 233 46 6860
13097 2 2 1 1 47 261 6860
13098 2 2 1 1 591 536 628
13099 2 2 1 1 4079 4238 6923
13100 2 2 1 1 6507 5248 6923
13101 2 2 1 1 6679 5166 7251
13102 2 2 1 1 3046 6181 6924
13103 2 2 1 1 6721 263 6773
13104 2 2 1 1 463 4247 7070
13105 2 2 1 1 5656 3806 6940
13106 2 2 1 1 649 597 671
13107 2 2 1 1 759 6855 7222
13108 2 2 1 1 6355 6353 6930
13109 2 2 1 1 5995 5996 6749
13110 2 2 1 1 6353 3777 6930
13111 2 2 1 1 385 387 393
13112 2 2 1 1 125 126 6863
13113 2 2 1 1 438 437 439
13114 2 2 1 1 5779 6812 7181
13115 2 2 1 1 683 617 725
13116 2 2 1 1 471 470 479
13117 2 2 1 1 4053 6131 6909
13118 2 2 1 1 34 2 6819
13119 2 2 1 1 231 6355 6930
13120 2 2 1 1 174 173 449
13121 2 2 1 1 6891 4110 6914
13122 2 2 1 1 276 278 280
13123 2 2 1 1 743 5301 6801
13124 2 2 1 1 4160 671 7038
13125 2 2 1 1 699 700 6847
13126 2 2 1 1 504 508 7025
13127 2 2 1 1 7 166 6670
13128 2 2 1 1 4062 4113 6902
13129 2 2 1 1 6978 6977 6996
13130 2 2 1 1 5865 4124 6943
13131 2 2 1 1 642 576 4216
13132 2 2 1 1 576 577 6739
13133 2 2 1 1 4653 5389 6948
13134 2 2 1 1 4073 6061 6948
13135 2 2 1 1 335 338 349
13136 2 2 1 1 242 6735 6742
13137 2 2 1 1 6651 6649 6969
13138 2 2 1 1 4131 4129 7167
13139 2 2 1 1 6649 3801 6969
13140 2 2 1 1 558 559 560
13141 2 2 1 1 4130 5046 6757
13142 2 2 1 1 2023 5941 7000
13143 2 2 1 1 4090 6023 7000
13144 2 2 1 1 169 168 4172
13145 2 2 1 1 3789 3173 7002
13146 2 2 1 1 746 456 7148
13147 2 2 1 1 7204 7205 7207
13148 2 2 1 1 163 162 421
13149 2 2 1 1 3806 3796 7009
13150 2 2 1 1 312 311 6806
13151 2 2 1 1 7167 724 7228
13152 2 2 1 1 4993 4992 7099
13153 2 2 1 1 444 440 446
13154 2 2 1 1 6289 7240 7241
13155 2 2 1 1 4148 216 6814
13156 2 2 1 1 372 6695 7117
13157 2 2 1 1 6082 6083 7185
13158 2 2 1 1 6902 4113 7229
13159 2 2 1 1 351 4176 6945
13160 2 2 1 1 722 6679 7251
13161 2 2 1 1 161 160 6709
13162 2 2 1 1 3783 3782 7023
13163 2 2 1 1 482 480 483
13164 2 2 1 1 287 285 289
13165 2 2 1 1 4228 4230 7152
13166 2 2 1 1 4104 4103 4240
13167 2 2 1 1 425 424 462
13168 2 2 1 1 552 551 553
13169 2 2 1 1 643 6752 6864
13170 2 2 1 1 3177 5349 6765
13171 2 2 1 1 322 320 323
13172 2 2 1 1 538 6912 7216
13173 2 2 1 1 181 180 6826
13174 2 2 1 1 3154 3155 7043
13175 2 2 1 1 4627 6743 6779
13176 2 2 1 1 639 640 751
13177 2 2 1 1 521 519 643
13178 2 2 1 1 6656 4077 7062
13179 2 2 1 1 311 6805 6806
13180 2 2 1 1 4199 7037 7066
13181 2 2 1 1 176 603 4208
13182 2 2 1 1 769 627 6785
13183 2 2 1 1 515 6656 7062
13184 2 2 1 1 6287 4907 7067
13185 2 2 1 1 243 20 7250
13186 2 2 1 1 6957 6954 7081
13187 2 2 1 1 4226 246 6780
13188 2 2 1 1 5388 2362 7086
13189 2 2 1 1 164 163 4182
13190 2 2 1 1 4981 2673 7088
13191 2 2 1 1 4359 3249 7090
13192 2 2 1 1 5040 5041 6768
13193 2 2 1 1 4389 4091 7184
13194 2 2 1 1 383 385 6704
13195 2 2 1 1 520 519 521
13196 2 2 1 1 4852 4598 7111
13197 2 2 1 1 5401 5288 7166
13198 2 2 1 1 4136 6548 7118
13199 2 2 1 1 4125 4126 7127
13200 2 2 1 1 4260 4580 7159
13201 2 2 1 1 4499 4501 7137
13202 2 2 1 1 4102 4103 4104
13203 2 2 1 1 512 513 514
13204 2 2 1 1 160 159 414
13205 2 2 1 1 172 171 4175
13206 2 2 1 1 154 153 402
13207 2 2 1 1 282 286 2662
13208 2 2 1 1 585 611 6706
13209 2 2 1 1 640 638 670
13210 2 2 1 1 18 4239 7012
13211 2 2 1 1 591 628 6685
13212 2 2 1 1 458 457 6696
13213 2 2 1 1 731 764 4258
13214 2 2 1 1 343 6798 7049
13215 2 2 1 1 2363 7027 7086
13216 2 2 1 1 597 592 6751
13217 2 2 1 1 6264 6660 7187
13218 2 2 1 1 308 313 374
13219 2 2 1 1 4173 4145 7160
13220 2 2 1 1 617 612 6724
13221 2 2 1 1 4923 6692 6874
13222 2 2 1 1 4170 4182 6716
13223 2 2 1 1 4233 30 6824
13224 2 2 1 1 279 281 282
13225 2 2 1 1 618 4246 6724
13226 2 2 1 1 166 429 6670
13227 2 2 1 1 422 418 6760
13228 2 2 1 1 84 85 7072
13229 2 2 1 1 294 293 295
13230 2 2 1 1 7265 7271 7280
13231 2 2 1 1 6685 226 7038
13232 2 2 1 1 457 461 6696
13233 2 2 1 1 494 557 558
13234 2 2 1 1 612 614 6724
13235 2 2 1 1 50 51 7099
13236 2 2 1 1 290 289 293
13237 2 2 1 1 511 512 514
13238 2 2 1 1 4068 4704 6775
13239 2 2 1 1 4261 203 7041
13240 2 2 1 1 551 548 6778
13241 2 2 1 1 157 156 409
13242 2 2 1 1 4213 228 7013
13243 2 2 1 1 461 460 494
13244 2 2 1 1 4906 6695 7063
13245 2 2 1 1 289 290 292
13246 2 2 1 1 168 434 4172
13247 2 2 1 1 255 6969 7128
13248 2 2 1 1 670 638 6729
13249 2 2 1 1 579 582 6726
13250 2 2 1 1 4183 517 7098
13251 2 2 1 1 155 154 4187
13252 2 2 1 1 4993 51 7060
13253 2 2 1 1 360 6722 7137
13254 2 2 1 1 178 177 451
13255 2 2 1 1 560 642 6714
13256 2 2 1 1 5167 6673 7251
13257 2 2 1 1 127 227 6831
13258 2 2 1 1 4628 4627 6779
13259 2 2 1 1 203 57 7041
13260 2 2 1 1 58 262 7041
13261 2 2 1 1 554 553 606
13262 2 2 1 1 175 174 6715
13263 2 2 1 1 637 638 639
13264 2 2 1 1 461 494 495
13265 2 2 1 1 7271 7265 7273
13266 2 2 1 1 456 761 7110
13267 2 2 1 1 361 4704 6936
13268 2 2 1 1 571 556 572
13269 2 2 1 1 592 591 6751
13270 2 2 1 1 600 605 607
13271 2 2 1 1 6671 4183 7098
13272 2 2 1 1 82 232 7108
13273 2 2 1 1 577 581 6739
13274 2 2 1 1 349 352 365
13275 2 2 1 1 216 190 6772
13276 2 2 1 1 547 747 748
13277 2 2 1 1 341 7075 7121
13278 2 2 1 1 681 770 6865
13279 2 2 1 1 6737 289 6800
13280 2 2 1 1 385 392 6704
13281 2 2 1 1 516 512 519
13282 2 2 1 1 434 167 4171
13283 2 2 1 1 6487 6832 7268
13284 2 2 1 1 537 592 7243
13285 2 2 1 1 862 2676 6783
13286 2 2 1 1 4216 576 6739
13287 2 2 1 1 399 244 7146
13288 2 2 1 1 402 153 765
13289 2 2 1 1 457 460 461
13290 2 2 1 1 504 500 507
13291 2 2 1 1 671 597 6751
13292 2 2 1 1 330 327 5943
13293 2 2 1 1 521 643 644
13294 2 2 1 1 424 422 463
13295 2 2 1 1 429 165 4170
13296 2 2 1 1 404 401 6701
13297 2 2 1 1 6893 6263 7068
13298 2 2 1 1 760 746 7143
13299 2 2 1 1 442 170 4174
13300 2 2 1 1 4224 6916 7168
13301 2 2 1 1 3508 3404 4219
13302 2 2 1 1 543 532 589
13303 2 2 1 1 6689 682 7239
13304 2 2 1 1 418 417 6760
13305 2 2 1 1 326 322 327
13306 2 2 1 1 171 442 4175
13307 2 2 1 1 728 699 6847
13308 2 2 1 1 180 453 6826
13309 2 2 1 1 6666 396 7156
13310 2 2 1 1 644 643 712
13311 2 2 1 1 6809 224 6810
13312 2 2 1 1 295 293 302
13313 2 2 1 1 4184 1101 7035
13314 2 2 1 1 231 6930 7104
13315 2 2 1 1 611 683 6706
13316 2 2 1 1 6729 475 6802
13317 2 2 1 1 581 579 6726
13318 2 2 1 1 4841 586 7158
13319 2 2 1 1 5935 210 6908
13320 2 2 1 1 590 572 740
13321 2 2 1 1 6663 6886 7171
13322 2 2 1 1 707 6671 7098
13323 2 2 1 1 488 486 491
13324 2 2 1 1 4230 6366 6786
13325 2 2 1 1 6788 6941 7059
13326 2 2 1 1 4067 4093 6788
13327 2 2 1 1 335 331 336
13328 2 2 1 1 3800 3863 6789
13329 2 2 1 1 4203 4201 6792
13330 2 2 1 1 4205 4202 6971
13331 2 2 1 1 7264 7267 7272
13332 2 2 1 1 421 162 4181
13333 2 2 1 1 3962 5935 6908
13334 2 2 1 1 326 328 353
13335 2 2 1 1 176 175 603
13336 2 2 1 1 286 285 288
13337 2 2 1 1 6870 6871 6895
13338 2 2 1 1 295 302 307
13339 2 2 1 1 3782 5887 6794
13340 2 2 1 1 273 275 276
13341 2 2 1 1 729 6891 6914
13342 2 2 1 1 163 421 4182
13343 2 2 1 1 700 697 742
13344 2 2 1 1 7143 746 7148
13345 2 2 1 1 703 6999 7170
13346 2 2 1 1 230 105 7215
13347 2 2 1 1 614 618 6724
13348 2 2 1 1 6753 348 7071
13349 2 2 1 1 472 4165 7020
13350 2 2 1 1 449 173 4178
13351 2 2 1 1 582 739 6726
13352 2 2 1 1 547 545 747
13353 2 2 1 1 617 6724 6851
13354 2 2 1 1 548 547 6778
13355 2 2 1 1 228 125 6863
13356 2 2 1 1 287 289 292
13357 2 2 1 1 655 6845 7276
13358 2 2 1 1 457 450 460
13359 2 2 1 1 6744 4059 6861
13360 2 2 1 1 160 414 6709
13361 2 2 1 1 349 338 352
13362 2 2 1 1 670 6729 6742
13363 2 2 1 1 594 593 7243
13364 2 2 1 1 3510 4740 7125
13365 2 2 1 1 6695 372 7063
13366 2 2 1 1 7257 2943 7259
13367 2 2 1 1 4172 434 6745
13368 2 2 1 1 5119 5120 6798
13369 2 2 1 1 371 336 7132
13370 2 2 1 1 6325 6487 7269
13371 2 2 1 1 440 439 6767
13372 2 2 1 1 174 449 6715
13373 2 2 1 1 508 507 509
13374 2 2 1 1 6690 634 6813
13375 2 2 1 1 6759 462 6761
13376 2 2 1 1 4103 300 6774
13377 2 2 1 1 639 638 640
13378 2 2 1 1 335 336 338
13379 2 2 1 1 4236 4235 7071
13380 2 2 1 1 23 6668 7177
13381 2 2 1 1 484 483 493
13382 2 2 1 1 623 624 6756
13383 2 2 1 1 628 536 6766
13384 2 2 1 1 6003 3804 6803
13385 2 2 1 1 3799 4993 6808
13386 2 2 1 1 307 302 308
13387 2 2 1 1 4104 4206 7161
13388 2 2 1 1 6990 6986 6991
13389 2 2 1 1 6958 6959 6967
13390 2 2 1 1 510 509 567
13391 2 2 1 1 553 551 626
13392 2 2 1 1 6913 4098 7245
13393 2 2 1 1 522 521 6766
13394 2 2 1 1 5996 6874 7044
13395 2 2 1 1 568 550 7173
13396 2 2 1 1 5301 5587 6891
13397 2 2 1 1 6776 345 6880
13398 2 2 1 1 644 712 713
13399 2 2 1 1 417 475 637
13400 2 2 1 1 6657 640 7064
13401 2 2 1 1 653 7270 7271
13402 2 2 1 1 329 331 335
13403 2 2 1 1 310 311 312
13404 2 2 1 1 7020 669 7103
13405 2 2 1 1 402 765 4167
13406 2 2 1 1 6086 3819 6816
13407 2 2 1 1 249 4249 7078
13408 2 2 1 1 403 465 6827
13409 2 2 1 1 7202 7206 7212
13410 2 2 1 1 492 491 497
13411 2 2 1 1 608 658 659
13412 2 2 1 1 536 522 6766
13413 2 2 1 1 154 402 4187
13414 2 2 1 1 4186 6793 6881
13415 2 2 1 1 4904 4906 6818
13416 2 2 1 1 409 156 4207
13417 2 2 1 1 4220 503 6857
13418 2 2 1 1 7151 321 7152
13419 2 2 1 1 446 440 6767
13420 2 2 1 1 6870 368 6871
13421 2 2 1 1 300 296 6774
13422 2 2 1 1 4204 230 7037
13423 2 2 1 1 326 327 328
13424 2 2 1 1 4047 4218 7105
13425 2 2 1 1 6962 6957 7081
13426 2 2 1 1 6327 7261 7270
13427 2 2 1 1 6265 6264 7187
13428 2 2 1 1 284 281 303
13429 2 2 1 1 6770 4203 6875
13430 2 2 1 1 425 462 6759
13431 2 2 1 1 463 422 6760
13432 2 2 1 1 335 349 6799
13433 2 2 1 1 266 6710 6927
13434 2 2 1 1 512 510 6752
13435 2 2 1 1 694 641 6933
13436 2 2 1 1 4156 4054 6822
13437 2 2 1 1 658 657 7226
13438 2 2 1 1 6698 495 6758
13439 2 2 1 1 573 572 590
13440 2 2 1 1 4182 421 6675
13441 2 2 1 1 412 410 540
13442 2 2 1 1 5928 3822 6823
13443 2 2 1 1 6681 4115 6854
13444 2 2 1 1 6724 4246 6851
13445 2 2 1 1 5980 2465 6825
13446 2 2 1 1 627 623 6756
13447 2 2 1 1 673 7053 7093
13448 2 2 1 1 483 480 6795
13449 2 2 1 1 417 415 475
13450 2 2 1 1 463 6760 6868
13451 2 2 1 1 698 733 770
13452 2 2 1 1 3821 3820 6828
13453 2 2 1 1 6828 4121 7072
13454 2 2 1 1 720 391 7178
13455 2 2 1 1 626 551 6778
13456 2 2 1 1 6744 6861 7157
13457 2 2 1 1 5779 6679 6812
13458 2 2 1 1 6787 589 7148
13459 2 2 1 1 634 619 6813
13460 2 2 1 1 498 497 645
13461 2 2 1 1 592 594 7243
13462 2 2 1 1 451 177 4208
13463 2 2 1 1 468 458 6696
13464 2 2 1 1 289 285 6800
13465 2 2 1 1 427 425 6759
13466 2 2 1 1 629 575 702
13467 2 2 1 1 6722 4479 7137
13468 2 2 1 1 4049 4820 6970
13469 2 2 1 1 479 539 647
13470 2 2 1 1 662 664 669
13471 2 2 1 1 6487 4561 6832
13472 2 2 1 1 407 404 6701
13473 2 2 1 1 353 354 355
13474 2 2 1 1 7201 7207 7209
13475 2 2 1 1 509 507 538
13476 2 2 1 1 305 303 310
13477 2 2 1 1 453 179 6889
13478 2 2 1 1 4101 4423 6835
13479 2 2 1 1 554 606 6791
13480 2 2 1 1 480 479 6795
13481 2 2 1 1 730 648 731
13482 2 2 1 1 6675 689 6716
13483 2 2 1 1 296 295 6774
13484 2 2 1 1 282 281 284
13485 2 2 1 1 557 460 6793
13486 2 2 1 1 5587 4110 6891
13487 2 2 1 1 4175 442 6807
13488 2 2 1 1 4168 661 7226
13489 2 2 1 1 479 470 539
13490 2 2 1 1 5659 3823 6836
13491 2 2 1 1 6901 393 6939
13492 2 2 1 1 6814 3793 6905
13493 2 2 1 1 761 6898 7110
13494 2 2 1 1 4206 4104 7244
13495 2 2 1 1 432 430 6855
13496 2 2 1 1 4209 93 6741
13497 2 2 1 1 6968 651 7262
13498 2 2 1 1 4183 3811 6838
13499 2 2 1 1 558 6714 6758
13500 2 2 1 1 7053 730 7093
13501 2 2 1 1 647 648 730
13502 2 2 1 1 493 483 541
13503 2 2 1 1 6990 6991 7281
13504 2 2 1 1 714 6699 7287
13505 2 2 1 1 562 569 692
13506 2 2 1 1 279 278 281
13507 2 2 1 1 591 6685 6751
13508 2 2 1 1 537 7232 7233
13509 2 2 1 1 353 328 354
13510 2 2 1 1 236 6705 6859
13511 2 2 1 1 4192 4194 7046
13512 2 2 1 1 7007 7008 7024
13513 2 2 1 1 651 652 7260
13514 2 2 1 1 3826 6908 7288
13515 2 2 1 1 278 279 280
13516 2 2 1 1 621 625 6813
13517 2 2 1 1 316 337 6877
13518 2 2 1 1 5854 4951 6841
13519 2 2 1 1 637 475 638
13520 2 2 1 1 73 74 6839
13521 2 2 1 1 5349 4082 6842
13522 2 2 1 1 276 275 278
13523 2 2 1 1 6943 4124 7218
13524 2 2 1 1 158 157 6843
13525 2 2 1 1 305 310 4249
13526 2 2 1 1 6963 6958 6966
13527 2 2 1 1 6263 6265 7068
13528 2 2 1 1 603 175 6715
13529 2 2 1 1 320 322 326
13530 2 2 1 1 35 375 6819
13531 2 2 1 1 326 353 6890
13532 2 2 1 1 665 667 6727
13533 2 2 1 1 635 6691 6761
13534 2 2 1 1 4194 7015 7046
13535 2 2 1 1 4631 4633 6845
13536 2 2 1 1 4102 300 4103
13537 2 2 1 1 157 409 6843
13538 2 2 1 1 6916 356 7165
13539 2 2 1 1 4102 4104 4219
13540 2 2 1 1 542 541 673
13541 2 2 1 1 417 637 6760
13542 2 2 1 1 7131 7130 7132
13543 2 2 1 1 6982 6978 6983
13544 2 2 1 1 4135 6840 7102
13545 2 2 1 1 443 427 6759
13546 2 2 1 1 284 303 305
13547 2 2 1 1 4111 6782 6914
13548 2 2 1 1 7119 346 7120
13549 2 2 1 1 392 385 393
13550 2 2 1 1 547 748 6778
13551 2 2 1 1 279 282 4919
13552 2 2 1 1 3824 3825 6849
13553 2 2 1 1 4194 4196 7015
13554 2 2 1 1 619 621 6813
13555 2 2 1 1 267 6711 7084
13556 2 2 1 1 285 287 288
13557 2 2 1 1 6790 6684 6950
13558 2 2 1 1 4222 218 6940
13559 2 2 1 1 6701 6702 6796
13560 2 2 1 1 4047 6507 7225
13561 2 2 1 1 647 539 648
13562 2 2 1 1 273 271 275
13563 2 2 1 1 429 4170 4248
13564 2 2 1 1 494 558 6758
13565 2 2 1 1 4918 5931 6926
13566 2 2 1 1 6135 6901 6939
13567 2 2 1 1 684 646 685
13568 2 2 1 1 645 497 646
13569 2 2 1 1 495 494 6758
13570 2 2 1 1 301 300 4102
13571 2 2 1 1 4224 355 6916
13572 2 2 1 1 232 83 6846
13573 2 2 1 1 6908 4150 7288
13574 2 2 1 1 4240 4188 7244
13575 2 2 1 1 3495 3508 4219
13576 2 2 1 1 348 341 4522
13577 2 2 1 1 6805 264 6806
13578 2 2 1 1 6745 641 7284
13579 2 2 1 1 493 541 542
13580 2 2 1 1 675 570 7170
13581 2 2 1 1 55 56 6853
13582 2 2 1 1 6507 6923 7225
13583 2 2 1 1 285 284 6800
13584 2 2 1 1 6744 704 7147
13585 2 2 1 1 357 6721 6773
13586 2 2 1 1 733 734 6865
13587 2 2 1 1 394 4954 6939
13588 2 2 1 1 4734 4737 6693
13589 2 2 1 1 178 451 6889
13590 2 2 1 1 206 6902 7229
13591 2 2 1 1 6760 637 6868
13592 2 2 1 1 542 673 674
13593 2 2 1 1 4521 4513 6777
13594 2 2 1 1 4059 4058 6861
13595 2 2 1 1 601 534 7134
13596 2 2 1 1 3249 6993 7090
13597 2 2 1 1 645 646 684
13598 2 2 1 1 667 6676 6876
13599 2 2 1 1 4954 6135 6939
13600 2 2 1 1 675 4174 7284
13601 2 2 1 1 295 307 6774
13602 2 2 1 1 4206 4193 7161
13603 2 2 1 1 500 498 6769
13604 2 2 1 1 4174 4172 7284
13605 2 2 1 1 4074 4967 6867
13606 2 2 1 1 46 47 6860
13607 2 2 1 1 7065 6900 7219
13608 2 2 1 1 643 519 6752
13609 2 2 1 1 4067 6788 7059
13610 2 2 1 1 4081 6671 7079
13611 2 2 1 1 355 4224 6915
13612 2 2 1 1 4513 4517 6777
13613 2 2 1 1 3826 3962 6908
13614 2 2 1 1 52 234 7060
13615 2 2 1 1 213 6921 7149
13616 2 2 1 1 6354 204 7135
13617 2 2 1 1 329 330 333
13618 2 2 1 1 7028 5388 7086
13619 2 2 1 1 264 92 4209
13620 2 2 1 1 355 354 356
13621 2 2 1 1 245 315 6877
13622 2 2 1 1 414 159 7006
13623 2 2 1 1 510 567 6752
13624 2 2 1 1 607 6669 6885
13625 2 2 1 1 6673 4131 7228
13626 2 2 1 1 5117 5116 6870
13627 2 2 1 1 6784 481 7230
13628 2 2 1 1 179 178 6889
13629 2 2 1 1 7271 7264 7272
13630 2 2 1 1 278 275 306
13631 2 2 1 1 7235 6289 7241
13632 2 2 1 1 336 331 7132
13633 2 2 1 1 4924 4923 6874
13634 2 2 1 1 4080 6661 7104
13635 2 2 1 1 6676 4078 6876
13636 2 2 1 1 6845 4633 7276
13637 2 2 1 1 6716 689 6717
13638 2 2 1 1 1101 6681 6854
13639 2 2 1 1 341 345 4522
13640 2 2 1 1 740 572 6791
13641 2 2 1 1 4072 5843 6879
13642 2 2 1 1 627 6756 6785
13643 2 2 1 1 7267 7255 7272
13644 2 2 1 1 521 644 6766
13645 2 2 1 1 484 493 6790
13646 2 2 1 1 221 6730 6913
13647 2 2 1 1 4249 249 7144
13648 2 2 1 1 545 543 6787
13649 2 2 1 1 4122 6703 7061
13650 2 2 1 1 4182 6675 6716
13651 2 2 1 1 598 651 6951
13652 2 2 1 1 6842 4082 6943
13653 2 2 1 1 381 395 7156
13654 2 2 1 1 7007 5726 7008
13655 2 2 1 1 721 6673 7228
13656 2 2 1 1 4263 739 7145
13657 2 2 1 1 541 483 6795
13658 2 2 1 1 4193 7125 7161
13659 2 2 1 1 5520 527 7017
13660 2 2 1 1 4821 4842 6884
13661 2 2 1 1 556 554 6791
13662 2 2 1 1 4044 5298 6886
13663 2 2 1 1 498 645 6769
13664 2 2 1 1 6710 4257 6927
13665 2 2 1 1 6907 6906 7133
13666 2 2 1 1 4153 248 6910
13667 2 2 1 1 6982 6983 7223
13668 2 2 1 1 6947 4171 7172
13669 2 2 1 1 6779 6743 7194
13670 2 2 1 1 6742 6729 6897
13671 2 2 1 1 6650 256 7109
13672 2 2 1 1 6794 5887 7140
13673 2 2 1 1 489 6794 7140
13674 2 2 1 1 212 6725 7225
13675 2 2 1 1 4501 4503 6892
13676 2 2 1 1 7255 653 7272
13677 2 2 1 1 4800 6262 6893
13678 2 2 1 1 7268 655 7274
13679 2 2 1 1 4124 4049 7016
13680 2 2 1 1 4201 4199 7066
13681 2 2 1 1 6960 6966 6967
13682 2 2 1 1 4083 6658 7128
13683 2 2 1 1 228 4246 7013
13684 2 2 1 1 349 365 7138
13685 2 2 1 1 4064 4062 6902
13686 2 2 1 1 6702 632 6852
13687 2 2 1 1 7024 7008 7025
13688 2 2 1 1 749 6667 7136
13689 2 2 1 1 588 4227 6970
13690 2 2 1 1 6692 4220 6857
13691 2 2 1 1 7257 7253 7258
13692 2 2 1 1 4124 7016 7218
13693 2 2 1 1 7037 230 7066
13694 2 2 1 1 4086 4910 6900
13695 2 2 1 1 6624 3763 7052
13696 2 2 1 1 519 512 6752
13697 2 2 1 1 444 446 6881
13698 2 2 1 1 410 407 6796
13699 2 2 1 1 4735 7100 7101
13700 2 2 1 1 4227 564 7016
13701 2 2 1 1 6135 6134 6901
13702 2 2 1 1 6668 226 6949
13703 2 2 1 1 328 329 6799
13704 2 2 1 1 6666 6792 7039
13705 2 2 1 1 508 511 7026
13706 2 2 1 1 4255 4256 6925
13707 2 2 1 1 2979 3046 6905
13708 2 2 1 1 6764 238 7076
13709 2 2 1 1 3807 4047 7105
13710 2 2 1 1 5194 5444 6906
13711 2 2 1 1 682 7233 7239
13712 2 2 1 1 594 598 7196
13713 2 2 1 1 535 600 6885
13714 2 2 1 1 430 443 6855
13715 2 2 1 1 4105 4123 6911
13716 2 2 1 1 6960 6967 7056
13717 2 2 1 1 4223 4060 6913
13718 2 2 1 1 486 484 6790
13719 2 2 1 1 6775 362 6848
13720 2 2 1 1 239 366 7175
13721 2 2 1 1 4110 4111 6914
13722 2 2 1 1 640 670 7064
13723 2 2 1 1 7207 7205 7209
13724 2 2 1 1 5470 4839 6917
13725 2 2 1 1 6960 7056 7275
13726 2 2 1 1 4074 6867 7032
13727 2 2 1 1 4084 5654 6918
13728 2 2 1 1 206 6733 6902
13729 2 2 1 1 4045 4056 6919
13730 2 2 1 1 4736 492 7101
13731 2 2 1 1 4098 4158 7245
13732 2 2 1 1 725 617 6851
13733 2 2 1 1 4458 1125 7096
13734 2 2 1 1 543 589 6787
13735 2 2 1 1 479 647 6795
13736 2 2 1 1 637 639 6868
13737 2 2 1 1 6801 5301 6891
13738 2 2 1 1 415 412 6802
13739 2 2 1 1 158 6843 7006
13740 2 2 1 1 507 500 6769
13741 2 2 1 1 316 318 337
13742 2 2 1 1 313 4249 7144
13743 2 2 1 1 329 335 6799
13744 2 2 1 1 5248 4079 6923
13745 2 2 1 1 88 89 6809
13746 2 2 1 1 525 7065 7219
13747 2 2 1 1 6181 4075 6924
13748 2 2 1 1 4880 4072 6934
13749 2 2 1 1 6652 261 7171
13750 2 2 1 1 2454 4918 6926
13751 2 2 1 1 116 251 7186
13752 2 2 1 1 6725 4047 7225
13753 2 2 1 1 770 733 6865
13754 2 2 1 1 271 269 6804
13755 2 2 1 1 6687 5656 6940
13756 2 2 1 1 7074 342 7075
13757 2 2 1 1 676 629 6815
13758 2 2 1 1 727 6717 7193
13759 2 2 1 1 3777 5889 6930
13760 2 2 1 1 742 496 744
13761 2 2 1 1 253 4255 7227
13762 2 2 1 1 6971 4202 6984
13763 2 2 1 1 144 143 6921
13764 2 2 1 1 572 556 6791
13765 2 2 1 1 210 4150 6908
13766 2 2 1 1 51 52 7060
13767 2 2 1 1 6852 632 7146
13768 2 2 1 1 6703 2607 7061
13769 2 2 1 1 333 6083 7014
13770 2 2 1 1 6684 542 6834
13771 2 2 1 1 649 671 7057
13772 2 2 1 1 391 382 7287
13773 2 2 1 1 4086 6900 7010
13774 2 2 1 1 6900 526 7010
13775 2 2 1 1 465 562 6827
13776 2 2 1 1 747 545 6787
13777 2 2 1 1 7117 6895 7174
13778 2 2 1 1 346 4252 7040
13779 2 2 1 1 573 590 6820
13780 2 2 1 1 575 573 6820
13781 2 2 1 1 6977 6975 6996
13782 2 2 1 1 659 660 6862
13783 2 2 1 1 666 6727 7141
13784 2 2 1 1 261 6663 7171
13785 2 2 1 1 4082 5865 6943
13786 2 2 1 1 600 607 6885
13787 2 2 1 1 527 6906 6907
13788 2 2 1 1 4174 675 6999
13789 2 2 1 1 443 6691 7222
13790 2 2 1 1 7100 4737 7101
13791 2 2 1 1 6671 707 6928
13792 2 2 1 1 4910 5520 7219
13793 2 2 1 1 5349 6842 7249
13794 2 2 1 1 6986 6989 6991
13795 2 2 1 1 4158 6672 7245
13796 2 2 1 1 331 329 333
13797 2 2 1 1 739 711 7145
13798 2 2 1 1 269 268 314
13799 2 2 1 1 660 662 6817
13800 2 2 1 1 5389 4073 6948
13801 2 2 1 1 283 6893 7068
13802 2 2 1 1 7203 7202 7212
13803 2 2 1 1 3801 4374 6969
13804 2 2 1 1 6886 5298 7171
13805 2 2 1 1 711 6706 6887
13806 2 2 1 1 6917 4841 7158
13807 2 2 1 1 657 6883 7226
13808 2 2 1 1 4068 6775 6848
13809 2 2 1 1 666 665 6727
13810 2 2 1 1 538 507 6769
13811 2 2 1 1 691 768 7033
13812 2 2 1 1 7016 564 7218
13813 2 2 1 1 6023 2023 7000
13814 2 2 1 1 3173 3172 7002
13815 2 2 1 1 4076 4122 7003
13816 2 2 1 1 5117 6895 7117
13817 2 2 1 1 207 6828 7072
13818 2 2 1 1 712 643 6864
13819 2 2 1 1 4158 4159 7004
13820 2 2 1 1 6730 4223 6913
13821 2 2 1 1 741 6947 7172
13822 2 2 1 1 4231 3807 7105
13823 2 2 1 1 6658 255 7128
13824 2 2 1 1 7129 367 7130
13825 2 2 1 1 6684 646 6950
13826 2 2 1 1 284 305 6800
13827 2 2 1 1 491 486 6790
13828 2 2 1 1 7262 7268 7274
13829 2 2 1 1 6906 5444 7133
13830 2 2 1 1 266 119 7036
13831 2 2 1 1 5466 2943 7257
13832 2 2 1 1 4651 7188 7189
13833 2 2 1 1 303 281 6856
13834 2 2 1 1 7254 7267 7279
13835 2 2 1 1 5725 5727 7007
13836 2 2 1 1 218 6687 6940
13837 2 2 1 1 380 377 7164
13838 2 2 1 1 414 7051 7089
13839 2 2 1 1 4104 4240 7244
13840 2 2 1 1 628 6766 6942
13841 2 2 1 1 9 267 7034
13842 2 2 1 1 224 90 268
13843 2 2 1 1 470 468 6833
13844 2 2 1 1 6983 6978 6996
13845 2 2 1 1 3796 4120 7009
13846 2 2 1 1 4050 4086 7010
13847 2 2 1 1 6669 768 6885
13848 2 2 1 1 6861 709 7157
13849 2 2 1 1 6661 231 7104
13850 2 2 1 1 6930 5889 7104
13851 2 2 1 1 6713 132 7034
13852 2 2 1 1 6714 642 6858
13853 2 2 1 1 5725 7007 7024
13854 2 2 1 1 645 684 7195
13855 2 2 1 1 409 4207 6882
13856 2 2 1 1 4084 6918 7213
13857 2 2 1 1 7051 766 7089
13858 2 2 1 1 159 158 7006
13859 2 2 1 1 446 6767 6878
13860 2 2 1 1 6967 6968 7056
13861 2 2 1 1 4076 7003 7062
13862 2 2 1 1 3763 4419 7052
13863 2 2 1 1 660 6817 6862
13864 2 2 1 1 4146 4147 7114
13865 2 2 1 1 6668 713 7177
13866 2 2 1 1 312 6821 7078
13867 2 2 1 1 4736 3783 7023
13868 2 2 1 1 2363 5725 7024
13869 2 2 1 1 226 6685 6949
13870 2 2 1 1 439 4221 7191
13871 2 2 1 1 633 769 6927
13872 2 2 1 1 4113 4166 7229
13873 2 2 1 1 664 666 7103
13874 2 2 1 1 540 410 6796
13875 2 2 1 1 686 243 7250
13876 2 2 1 1 4800 6893 6938
13877 2 2 1 1 4075 4074 7032
13878 2 2 1 1 6743 4052 7194
13879 2 2 1 1 6924 4075 7114
13880 2 2 1 1 241 6830 7093
13881 2 2 1 1 397 6666 7039
13882 2 2 1 1 475 415 6802
13883 2 2 1 1 6718 4053 6909
13884 2 2 1 1 7062 7003 7192
13885 2 2 1 1 6969 4374 7128
13886 2 2 1 1 407 6701 6796
13887 2 2 1 1 4255 6726 7227
13888 2 2 1 1 447 444 6881
13889 2 2 1 1 221 6913 7245
13890 2 2 1 1 264 4209 6806
13891 2 2 1 1 219 8 750
13892 2 2 1 1 542 674 6834
13893 2 2 1 1 6722 360 7083
13894 2 2 1 1 6874 506 7044
13895 2 2 1 1 3155 4051 7043
13896 2 2 1 1 146 145 7018
13897 2 2 1 1 689 566 7193
13898 2 2 1 1 412 540 6802
13899 2 2 1 1 227 4263 7145
13900 2 2 1 1 629 702 6815
13901 2 2 1 1 7261 7277 7278
13902 2 2 1 1 680 6784 7092
13903 2 2 1 1 756 229 6903
13904 2 2 1 1 652 7252 7260
13905 2 2 1 1 91 264 7019
13906 2 2 1 1 6811 283 7068
13907 2 2 1 1 702 575 6820
13908 2 2 1 1 57 58 7041
13909 2 2 1 1 6088 357 6773
13910 2 2 1 1 6766 644 6942
13911 2 2 1 1 5887 4067 7059
13912 2 2 1 1 120 6710 7036
13913 2 2 1 1 539 470 6833
13914 2 2 1 1 6918 7139 7213
13915 2 2 1 1 6733 4064 6902
13916 2 2 1 1 4077 4076 7062
13917 2 2 1 1 4521 6776 6880
13918 2 2 1 1 606 6754 7183
13919 2 2 1 1 354 328 6799
13920 2 2 1 1 6880 345 7126
13921 2 2 1 1 234 6808 7060
13922 2 2 1 1 4097 6287 7067
13923 2 2 1 1 312 6806 7055
13924 2 2 1 1 424 463 7070
13925 2 2 1 1 6745 434 6947
13926 2 2 1 1 562 692 6827
13927 2 2 1 1 7256 7254 7259
13928 2 2 1 1 6782 4111 7058
13929 2 2 1 1 468 6696 6833
13930 2 2 1 1 7246 4048 7247
13931 2 2 1 1 6954 6955 7081
13932 2 2 1 1 606 553 6931
13933 2 2 1 1 7199 7208 7210
13934 2 2 1 1 4072 6879 6934
13935 2 2 1 1 646 497 6950
13936 2 2 1 1 4659 4661 7085
13937 2 2 1 1 6784 701 7092
13938 2 2 1 1 2362 2363 7086
13939 2 2 1 1 374 313 7144
13940 2 2 1 1 2673 3159 7088
13941 2 2 1 1 6961 6957 6962
13942 2 2 1 1 6793 447 6881
13943 2 2 1 1 4360 4359 7090
13944 2 2 1 1 4089 4090 7091
13945 2 2 1 1 6820 590 6866
13946 2 2 1 1 6825 5674 7154
13947 2 2 1 1 6764 6844 7216
13948 2 2 1 1 6817 478 6862
13949 2 2 1 1 6731 4070 7109
13950 2 2 1 1 6168 4458 7096
13951 2 2 1 1 4249 313 7150
13952 2 2 1 1 85 207 7072
13953 2 2 1 1 6815 476 7162
13954 2 2 1 1 5889 4080 7104
13955 2 2 1 1 6717 689 7193
13956 2 2 1 1 662 669 6817
13957 2 2 1 1 378 381 7156
13958 2 2 1 1 4598 4599 7111
13959 2 2 1 1 204 6728 7135
13960 2 2 1 1 7121 346 7123
13961 2 2 1 1 7238 7234 7242
13962 2 2 1 1 4148 6814 6905
13963 2 2 1 1 269 314 6804
13964 2 2 1 1 5118 5117 7117
13965 2 2 1 1 6728 4431 7135
13966 2 2 1 1 553 626 6931
13967 2 2 1 1 6822 4054 6869
13968 2 2 1 1 6548 4253 7118
13969 2 2 1 1 509 538 6844
13970 2 2 1 1 6941 490 7059
13971 2 2 1 1 7271 7270 7280
13972 2 2 1 1 353 355 6915
13973 2 2 1 1 7262 651 7263
13974 2 2 1 1 567 509 6844
13975 2 2 1 1 4126 4354 7127
13976 2 2 1 1 81 82 7108
13977 2 2 1 1 254 6690 6944
13978 2 2 1 1 4374 4083 7128
13979 2 2 1 1 5444 4652 7133
13980 2 2 1 1 205 50 7099
13981 2 2 1 1 4479 4499 7137
13982 2 2 1 1 569 6699 7106
13983 2 2 1 1 7261 6326 7277
13984 2 2 1 1 655 7276 7291
13985 2 2 1 1 3179 6765 7246
13986 2 2 1 1 7025 508 7026
13987 2 2 1 1 4085 6587 7149
13988 2 2 1 1 219 750 6748
13989 2 2 1 1 4580 4116 7159
13990 2 2 1 1 6925 4256 7084
13991 2 2 1 1 6680 272 7077
13992 2 2 1 1 670 6735 7064
13993 2 2 1 1 6699 586 7179
13994 2 2 1 1 6685 628 6949
13995 2 2 1 1 5288 5287 7166
13996 2 2 1 1 653 7271 7272
13997 2 2 1 1 6280 4081 7169
13998 2 2 1 1 5298 6652 7171
13999 2 2 1 1 729 6801 6891
14000 2 2 1 1 306 275 6804
14001 2 2 1 1 4091 6082 7184
14002 2 2 1 1 725 6851 6863
14003 2 2 1 1 4651 4653 7188
14004 2 2 1 1 4199 4197 7037
14005 2 2 1 1 6711 4217 7084
14006 2 2 1 1 4117 4084 7213
14007 2 2 1 1 4246 634 7013
14008 2 2 1 1 318 320 6890
14009 2 2 1 1 4249 310 7078
14010 2 2 1 1 6984 6982 7223
14011 2 2 1 1 6932 370 7131
14012 2 2 1 1 5166 5167 7251
14013 2 2 1 1 755 754 7116
14014 2 2 1 1 6992 6990 7281
14015 2 2 1 1 4087 3826 7288
14016 2 2 1 1 6882 4207 6883
14017 2 2 1 1 6807 442 6999
14018 2 2 1 1 4205 6624 7052
14019 2 2 1 1 256 6731 7109
14020 2 2 1 1 6669 464 7033
14021 2 2 1 1 647 730 7053
14022 2 2 1 1 6706 683 6887
14023 2 2 1 1 4166 6697 7229
14024 2 2 1 1 744 6850 6941
14025 2 2 1 1 275 271 6804
14026 2 2 1 1 6815 702 6872
14027 2 2 1 1 251 6785 7116
14028 2 2 1 1 2607 7026 7029
14029 2 2 1 1 644 713 6942
14030 2 2 1 1 6704 392 6875
14031 2 2 1 1 6812 720 7182
14032 2 2 1 1 281 278 6856
14033 2 2 1 1 478 6817 7045
14034 2 2 1 1 6671 6928 7079
14035 2 2 1 1 6871 368 7054
14036 2 2 1 1 7264 7271 7273
14037 2 2 1 1 3774 6676 7160
14038 2 2 1 1 320 326 6890
14039 2 2 1 1 6660 258 7187
14040 2 2 1 1 6697 206 7229
14041 2 2 1 1 6679 722 7153
14042 2 2 1 1 687 6937 7134
14043 2 2 1 1 681 680 7092
14044 2 2 1 1 6672 221 7245
14045 2 2 1 1 434 4171 6947
14046 2 2 1 1 6996 6975 6997
14047 2 2 1 1 497 491 6950
14048 2 2 1 1 4219 4104 7161
14049 2 2 1 1 565 6943 7218
14050 2 2 1 1 6213 4575 7048
14051 2 2 1 1 6710 266 7036
14052 2 2 1 1 699 6748 7163
14053 2 2 1 1 278 306 6856
14054 2 2 1 1 267 6713 7034
14055 2 2 1 1 6699 714 7106
14056 2 2 1 1 6719 4087 7288
14057 2 2 1 1 6678 649 7057
14058 2 2 1 1 6767 439 7191
14059 2 2 1 1 332 6732 7031
14060 2 2 1 1 6799 349 7138
14061 2 2 1 1 324 6919 6920
14062 2 2 1 1 541 6795 7053
14063 2 2 1 1 6821 249 7078
14064 2 2 1 1 4517 6776 6777
14065 2 2 1 1 6406 6405 6736
14066 2 2 1 1 6866 590 7220
14067 2 2 1 1 356 373 7165
14068 2 2 1 1 6858 236 6859
14069 2 2 1 1 6923 212 7225
14070 2 2 1 1 6800 305 7150
14071 2 2 1 1 7201 7209 7290
14072 2 2 1 1 6727 668 7141
14073 2 2 1 1 5117 6870 6895
14074 2 2 1 1 6737 6800 7150
14075 2 2 1 1 6670 726 7172
14076 2 2 1 1 666 3183 7103
14077 2 2 1 1 4171 6670 7172
14078 2 2 1 1 4209 6741 7055
14079 2 2 1 1 6795 647 7053
14080 2 2 1 1 657 6882 6883
14081 2 2 1 1 442 4174 6999
14082 2 2 1 1 359 6722 7083
14083 2 2 1 1 462 424 7070
14084 2 2 1 1 671 6751 7038
14085 2 2 1 1 768 6669 7033
14086 2 2 1 1 710 6907 7133
14087 2 2 1 1 680 678 7030
14088 2 2 1 1 6726 739 7227
14089 2 2 1 1 673 541 7053
14090 2 2 1 1 674 6830 7012
14091 2 2 1 1 6763 686 7250
14092 2 2 1 1 7118 4253 7119
14093 2 2 1 1 476 7030 7162
14094 2 2 1 1 628 6942 6949
14095 2 2 1 1 672 756 6903
14096 2 2 1 1 757 6852 7146
14097 2 2 1 1 4197 4195 7176
14098 2 2 1 1 6776 4521 6777
14099 2 2 1 1 2343 6406 6736
14100 2 2 1 1 684 6912 7195
14101 2 2 1 1 4738 6794 7069
14102 2 2 1 1 491 6790 6950
14103 2 2 1 1 7037 4197 7176
14104 2 2 1 1 414 7006 7051
14105 2 2 1 1 652 6888 7253
14106 2 2 1 1 6850 490 6941
14107 2 2 1 1 6747 760 7143
14108 2 2 1 1 4575 3505 7048
14109 2 2 1 1 641 6745 6933
14110 2 2 1 1 6806 4209 7055
14111 2 2 1 1 395 6704 7214
14112 2 2 1 1 2607 7029 7061
14113 2 2 1 1 7029 2606 7061
14114 2 2 1 1 6843 4164 7006
14115 2 2 1 1 676 6815 7162
14116 2 2 1 1 6999 675 7170
14117 2 2 1 1 7005 4055 7142
14118 2 2 1 1 6919 4056 6920
14119 2 2 1 1 6819 375 7168
14120 2 2 1 1 466 6872 7107
14121 2 2 1 1 354 6799 7138
14122 2 2 1 1 6709 414 7089
14123 2 2 1 1 6933 6745 6947
14124 2 2 1 1 369 6932 7131
14125 2 2 1 1 596 6880 7126
14126 2 2 1 1 527 6907 7080
14127 2 2 1 1 6751 6685 7038
14128 2 2 1 1 688 6771 6937
14129 2 2 1 1 6798 344 7049
14130 2 2 1 1 310 312 7078
14131 2 2 1 1 6872 702 7107
14132 2 2 1 1 748 747 7110
14133 2 2 1 1 6907 710 7087
14134 2 2 1 1 669 664 7103
14135 2 2 1 1 5466 7257 7258
14136 2 2 1 1 6893 283 6938
14137 2 2 1 1 6794 489 7069
14138 2 2 1 1 6061 6744 7147
14139 2 2 1 1 6826 732 7163
14140 2 2 1 1 704 6744 7157
14141 2 2 1 1 695 701 7230
14142 2 2 1 1 6732 364 7217
14143 2 2 1 1 690 6767 7191
14144 2 2 1 1 632 399 7146
14145 2 2 1 1 351 6945 6946
14146 2 2 1 1 4522 4520 4523
14147 2 2 1 1 6855 443 7222
14148 2 2 1 1 6808 4993 7060
14149 2 2 1 1 589 6747 7143
14150 2 2 1 1 692 569 7106
14151 2 2 1 1 305 4249 7150
14152 2 2 1 1 337 318 6890
14153 2 2 1 1 4208 749 7136
14154 2 2 1 1 7247 4048 7248
14155 2 2 1 1 4192 7047 7048
14156 2 2 1 1 4122 7061 7115
14157 2 2 1 1 7061 2606 7115
14158 2 2 1 1 6822 342 7074
14159 2 2 1 1 6985 6770 6992
14160 2 2 1 1 7276 7275 7291
14161 2 2 1 1 6866 466 7107
14162 2 2 1 1 6898 7001 7021
14163 2 2 1 1 356 354 7138
14164 2 2 1 1 6792 395 7214
14165 2 2 1 1 6887 227 7145
14166 2 2 1 1 595 7139 7198
14167 2 2 1 1 6898 455 7001
14168 2 2 1 1 366 6824 7175
14169 2 2 1 1 313 6737 7150
14170 2 2 1 1 678 676 7162
14171 2 2 1 1 4419 4417 7052
14172 2 2 1 1 6792 4201 7039
14173 2 2 1 1 626 6778 7021
14174 2 2 1 1 314 268 7019
14175 2 2 1 1 5520 7017 7219
14176 2 2 1 1 6765 4048 7246
14177 2 2 1 1 6765 5349 7249
14178 2 2 1 1 7112 4599 7113
14179 2 2 1 1 5946 3805 6688
14180 2 2 1 1 767 6709 7089
14181 2 2 1 1 712 6864 7076
14182 2 2 1 1 4230 6786 7151
14183 2 2 1 1 4193 7048 7125
14184 2 2 1 1 6704 6875 7214
14185 2 2 1 1 6778 748 7021
14186 2 2 1 1 6900 4910 7219
14187 2 2 1 1 4203 6792 7214
14188 2 2 1 1 711 6887 7145
14189 2 2 1 1 713 6837 7177
14190 2 2 1 1 682 6779 7194
14191 2 2 1 1 392 4095 6875
14192 2 2 1 1 6970 4227 7016
14193 2 2 1 1 720 6812 7153
14194 2 2 1 1 6812 6679 7153
14195 2 2 1 1 748 6898 7021
14196 2 2 1 1 7081 6955 7210
14197 2 2 1 1 6791 606 7183
14198 2 2 1 1 370 6818 7129
14199 2 2 1 1 4204 7037 7176
14200 2 2 1 1 590 740 7220
14201 2 2 1 1 7066 230 7215
14202 2 2 1 1 735 6866 7220
14203 2 2 1 1 347 7118 7119
14204 2 2 1 1 4172 6745 7284
14205 2 2 1 1 3404 4102 4219
14206 2 2 1 1 6922 462 7070
14207 2 2 1 1 4237 6736 6888
14208 2 2 1 1 7209 595 7290
14209 2 2 1 1 7111 4599 7112
14210 2 2 1 1 451 4208 7136
14211 2 2 1 1 7030 678 7162
14212 2 2 1 1 3816 6825 7154
14213 2 2 1 1 372 7117 7174
14214 2 2 1 1 5494 7015 7052
14215 2 2 1 1 4049 6970 7016
14216 2 2 1 1 514 7003 7115
14217 2 2 1 1 7027 7028 7086
14218 2 2 1 1 526 6900 7065
14219 2 2 1 1 370 6932 7067
14220 2 2 1 1 6932 4097 7067
14221 2 2 1 1 6817 669 7045
14222 2 2 1 1 719 6917 7158
14223 2 2 1 1 6997 6975 6998
14224 2 2 1 1 3183 7020 7103
14225 2 2 1 1 7169 7079 7190
14226 2 2 1 1 7080 6907 7087
14227 2 2 1 1 523 7080 7087
14228 2 2 1 1 466 6866 7285
14229 2 2 1 1 7270 7261 7280
14230 2 2 1 1 6827 692 7073
14231 2 2 1 1 258 6899 7187
14232 2 2 1 1 6899 6265 7187
14233 2 2 1 1 4081 7079 7169
14234 2 2 1 1 2606 7029 7050
14235 2 2 1 1 6928 708 7079
14236 2 2 1 1 6820 6866 7107
14237 2 2 1 1 297 7031 7217
14238 2 2 1 1 7032 4146 7114
14239 2 2 1 1 7039 4201 7066
14240 2 2 1 1 741 6933 6947
14241 2 2 1 1 6912 538 7195
14242 2 2 1 1 515 7062 7192
14243 2 2 1 1 6838 518 7286
14244 2 2 1 1 6769 645 7195
14245 2 2 1 1 6921 4085 7149
14246 2 2 1 1 6405 654 6888
14247 2 2 1 1 6784 715 7221
14248 2 2 1 1 6748 750 7163
14249 2 2 1 1 702 6820 7107
14250 2 2 1 1 513 7112 7113
14251 2 2 1 1 4247 6922 7070
14252 2 2 1 1 346 7040 7123
14253 2 2 1 1 6966 6958 6967
14254 2 2 1 1 6918 3792 7139
14255 2 2 1 1 740 6791 7183
14256 2 2 1 1 4230 7151 7152
14257 2 2 1 1 481 6784 7221
14258 2 2 1 1 594 7196 7197
14259 2 2 1 1 7003 4122 7115
14260 2 2 1 1 6895 371 7174
14261 2 2 1 1 518 7111 7112
14262 2 2 1 1 7042 705 7188
14263 2 2 1 1 4653 7042 7188
14264 2 2 1 1 6875 4203 7214
14265 2 2 1 1 6840 4735 7102
14266 2 2 1 1 7167 718 7289
14267 2 2 1 1 724 7167 7289
14268 2 2 1 1 7010 526 7011
14269 2 2 1 1 4075 7032 7114
14270 2 2 1 1 1125 7005 7142
14271 2 2 1 1 7124 596 7126
14272 2 2 1 1 6883 4168 7226
14273 2 2 1 1 309 7094 7095
14274 2 2 1 1 7094 291 7095
14275 2 2 1 1 7188 705 7189
14276 2 2 1 1 7022 380 7164
14277 2 2 1 1 7022 400 7073
14278 2 2 1 1 7059 490 7140
14279 2 2 1 1 6983 6996 7224
14280 2 2 1 1 7281 6991 7282
14281 2 2 1 1 6937 601 7134
14282 2 2 1 1 5887 7059 7140
14283 2 2 1 1 7003 514 7192
14284 2 2 1 1 538 6769 7195
14285 2 2 1 1 7282 6989 7283
14286 2 2 1 1 6912 686 7216
14287 2 2 1 1 709 7169 7190
14288 2 2 1 1 7017 525 7219
14289 2 2 1 1 7006 4164 7051
14290 2 2 1 1 7031 6732 7217
14291 2 2 1 1 7139 595 7213
14292 2 2 1 1 7079 708 7190
14293 2 2 1 1 7223 6983 7224
14294 2 2 1 1 398 7022 7164
14295 2 2 1 1 7261 7278 7280
14296 2 2 1 1 7278 7265 7280
14297 2 2 1 1 334 7184 7185
14298 2 2 1 1 7184 6082 7185
14299 2 2 1 1 6866 735 7285
14300 2 2 1 1 6916 265 7168
14301 2 2 1 1 7116 754 7186
14302 2 2 1 1 265 6916 7165
14303 2 2 1 1 4523 2343 6736
14304 2 2 1 1 7178 6699 7179
14305 2 2 1 1 3504 3510 7125
14306 2 2 1 1 7274 655 7291
14307 2 2 1 1 3900 6213 7047
14308 2 2 1 1 4192 7046 7047
14309 2 2 1 1 6928 707 6929
14310 2 2 1 1 251 7116 7186
14311 2 2 1 1 4417 5494 7052
14312 2 2 1 1 7046 3901 7047
14313 2 2 1 1 3901 3900 7047
14314 2 2 1 1 7123 7040 7124
14315 2 2 1 1 651 7260 7263
14316 2 2 1 1 595 7198 7290
14317 2 2 1 1 7040 596 7124
14318 2 2 1 1 6929 707 7231
14319 2 2 1 1 3505 3504 7125
14320 2 2 1 1 7237 7232 7243
14321 2 2 1 1 6991 6989 7282
14322 2 2 1 1 6736 6405 6888
14323 2 2 1 1 593 7237 7243
14324 2 2 1 1 7232 537 7243
14325 2 2 1 1 7047 6213 7048
14326 2 2 1 1 7048 3505 7125
14327 2 2 1 1 39 40 6721
14328 2 2 1 1 38 39 235
14329 2 2 1 1 90 91 268
14330 2 2 1 1 270 272 283
14331 2 2 1 1 270 283 6811
14332 2 2 1 1 272 273 7077
14333 2 2 1 1 283 272 6938
14334 2 2 1 1 274 273 6909
14335 2 2 1 1 273 274 7077
14336 2 2 1 1 273 276 277
14337 2 2 1 1 273 277 6718
14338 2 2 1 1 277 276 6829
14339 2 2 1 1 276 280 304
14340 2 2 1 1 280 279 4920
14341 2 2 1 1 279 4919 4920
14342 2 2 1 1 286 288 1125
14343 2 2 1 1 286 1125 7142
14344 2 2 1 1 2662 286 4055
14345 2 2 1 1 288 287 291
14346 2 2 1 1 291 287 7095
14347 2 2 1 1 287 292 309
14348 2 2 1 1 287 309 7095
14349 2 2 1 1 288 291 6935
14350 2 2 1 1 292 290 361
14351 2 2 1 1 361 290 362
14352 2 2 1 1 292 361 6936
14353 2 2 1 1 297 299 7031
14354 2 2 1 1 359 297 7217
14355 2 2 1 1 299 298 7035
14356 2 2 1 1 298 3814 4184
14357 2 2 1 1 3814 298 7155
14358 2 2 1 1 332 299 6894
14359 2 2 1 1 299 332 7031
14360 2 2 1 1 299 1101 6854
14361 2 2 1 1 1101 299 7035
14362 2 2 1 1 301 3404 7085
14363 2 2 1 1 3816 301 4661
14364 2 2 1 1 301 3816 7155
14365 2 2 1 1 321 319 325
14366 2 2 1 1 325 319 6946
14367 2 2 1 1 319 350 351
14368 2 2 1 1 319 351 6946
14369 2 2 1 1 323 321 324
14370 2 2 1 1 321 325 7152
14371 2 2 1 1 322 323 4088
14372 2 2 1 1 322 4088 4089
14373 2 2 1 1 333 330 334
14374 2 2 1 1 330 5943 5945
14375 2 2 1 1 330 5945 5946
14376 2 2 1 1 330 5946 6688
14377 2 2 1 1 331 333 7014
14378 2 2 1 1 6084 331 7014
14379 2 2 1 1 331 6084 7132
14380 2 2 1 1 333 334 7185
14381 2 2 1 1 343 340 7054
14382 2 2 1 1 340 343 7075
14383 2 2 1 1 340 371 6871
14384 2 2 1 1 340 6871 7054
14385 2 2 1 1 7075 342 7122
14386 2 2 1 1 343 368 6896
14387 2 2 1 1 368 343 7054
14388 2 2 1 1 343 7049 7075
14389 2 2 1 1 4518 345 6776
14390 2 2 1 1 345 7121 7123
14391 2 2 1 1 345 7123 7126
14392 2 2 1 1 351 350 4406
14393 2 2 1 1 358 359 7083
14394 2 2 1 1 358 360 6892
14395 2 2 1 1 360 358 7083
14396 2 2 1 1 362 358 363
14397 2 2 1 1 363 358 7097
14398 2 2 1 1 359 364 6797
14399 2 2 1 1 364 359 7217
14400 2 2 1 1 361 362 6775
14401 2 2 1 1 362 363 6848
14402 2 2 1 1 367 371 7130
14403 2 2 1 1 371 367 7174
14404 2 2 1 1 372 367 7063
14405 2 2 1 1 367 372 7174
14406 2 2 1 1 6084 369 7132
14407 2 2 1 1 7130 371 7132
14408 2 2 1 1 388 386 390
14409 2 2 1 1 390 386 723
14410 2 2 1 1 386 717 723
14411 2 2 1 1 387 388 389
14412 2 2 1 1 393 387 394
14413 2 2 1 1 394 387 4953
14414 2 2 1 1 392 393 929
14415 2 2 1 1 392 929 4095
14416 2 2 1 1 474 472 4048
14417 2 2 1 1 4048 472 7248
14418 2 2 1 1 472 7020 7248
14419 2 2 1 1 473 474 4262
14420 2 2 1 1 564 473 565
14421 2 2 1 1 487 489 490
14422 2 2 1 1 744 487 6850
14423 2 2 1 1 489 488 7069
14424 2 2 1 1 488 4736 4738
14425 2 2 1 1 499 502 4135
14426 2 2 1 1 499 4135 7102
14427 2 2 1 1 7101 499 7102
14428 2 2 1 1 502 501 503
14429 2 2 1 1 501 505 506
14430 2 2 1 1 502 503 7082
14431 2 2 1 1 505 504 6750
14432 2 2 1 1 504 5726 6750
14433 2 2 1 1 5726 504 7008
14434 2 2 1 1 7008 504 7025
14435 2 2 1 1 511 514 2606
14436 2 2 1 1 511 2606 7050
14437 2 2 1 1 7026 511 7050
14438 2 2 1 1 514 513 7192
14439 2 2 1 1 515 513 7113
14440 2 2 1 1 513 515 7192
14441 2 2 1 1 513 517 7286
14442 2 2 1 1 7112 513 7286
14443 2 2 1 1 2606 514 7115
14444 2 2 1 1 517 516 7231
14445 2 2 1 1 516 708 6929
14446 2 2 1 1 7098 517 7231
14447 2 2 1 1 518 7112 7286
14448 2 2 1 1 523 525 7080
14449 2 2 1 1 705 523 7087
14450 2 2 1 1 525 524 7065
14451 2 2 1 1 526 524 7011
14452 2 2 1 1 524 526 7065
14453 2 2 1 1 524 4051 7011
14454 2 2 1 1 525 7017 7080
14455 2 2 1 1 7017 527 7080
14456 2 2 1 1 563 564 4227
14457 2 2 1 1 587 563 588
14458 2 2 1 1 564 565 7218
14459 2 2 1 1 6764 567 6844
14460 2 2 1 1 586 587 719
14461 2 2 1 1 586 719 7158
14462 2 2 1 1 586 4841 7179
14463 2 2 1 1 593 3159 4065
14464 2 2 1 1 593 4065 7236
14465 2 2 1 1 4242 654 6405
14466 2 2 1 1 7253 654 7258
14467 2 2 1 1 3183 666 4119
14468 2 2 1 1 4173 667 6904
14469 2 2 1 1 700 742 743
14470 2 2 1 1 704 705 7042
14471 2 2 1 1 706 704 7042
14472 2 2 1 1 704 706 7147
14473 2 2 1 1 708 704 7190
14474 2 2 1 1 704 7157 7190
14475 2 2 1 1 705 7087 7189
14476 2 2 1 1 707 7098 7231
14477 2 2 1 1 7157 709 7190
14478 2 2 1 1 7087 710 7189
14479 2 2 1 1 717 716 7289
14480 2 2 1 1 716 721 724
14481 2 2 1 1 718 717 7289
14482 2 2 1 1 721 720 722
14483 2 2 1 1 722 720 7153
14484 2 2 1 1 720 7178 7182
14485 2 2 1 1 742 744 745
14486 2 2 1 1 929 4094 4095
14487 2 2 1 1 2326 2327 4515
14488 2 2 1 1 2444 2454 4940
14489 2 2 1 1 2454 2662 4940
14490 2 2 1 1 2662 2454 6926
14491 2 2 1 1 4919 2662 6926
14492 2 2 1 1 3159 3158 4065
14493 2 2 1 1 3159 3792 7088
14494 2 2 1 1 3792 3159 7198
14495 2 2 1 1 3183 3179 7247
14496 2 2 1 1 3179 7246 7247
14497 2 2 1 1 7020 3183 7247
14498 2 2 1 1 4095 3214 4360
14499 2 2 1 1 3250 6992 7090
14500 2 2 1 1 6993 3250 7090
14501 2 2 1 1 3404 3402 3405
14502 2 2 1 1 3403 3404 3508
14503 2 2 1 1 3403 3508 5888
14504 2 2 1 1 3947 3403 5888
14505 2 2 1 1 3405 4659 7085
14506 2 2 1 1 3497 3496 4740
14507 2 2 1 1 4419 3763 5165
14508 2 2 1 1 7139 3792 7198
14509 2 2 1 1 3815 3814 7155
14510 2 2 1 1 3900 3903 6213
14511 2 2 1 1 3902 3901 5085
14512 2 2 1 1 3917 3914 5489
14513 2 2 1 1 3916 5080 5085
14514 2 2 1 1 4051 4050 7011
14515 2 2 1 1 4051 4052 7043
14516 2 2 1 1 4052 4051 7233
14517 2 2 1 1 7194 4052 7233
14518 2 2 1 1 5943 4089 7091
14519 2 2 1 1 4244 4242 6405
14520 2 2 1 1 6992 4360 7090
14521 2 2 1 1 4417 4416 5494
14522 2 2 1 1 4416 5493 5494
14523 2 2 1 1 4519 4515 4520
14524 2 2 1 1 4515 4519 4524
14525 2 2 1 1 4517 4518 6776
14526 2 2 1 1 4574 4573 4575
14527 2 2 1 1 4574 4575 6213
14528 2 2 1 1 6212 4574 6213
14529 2 2 1 1 4734 4736 4737
14530 2 2 1 1 4735 7101 7102
14531 2 2 1 1 4737 4736 7101
14532 2 2 1 1 4738 4736 7023
14533 2 2 1 1 5080 5081 5085
14534 2 2 1 1 5942 5943 7091
14535 2 2 1 1 5944 5942 7091
14536 2 2 1 1 6404 6405 6406
14537 2 2 1 1 6626 6624 6648
14538 2 2 1 1 6648 6624 6973
14539 2 2 1 1 6647 6648 6973
14540 2 2 1 1 6961 6951 6968
14541 2 2 1 1 7196 6951 7199
14542 2 2 1 1 7199 6951 7208
14543 2 2 1 1 6959 6961 6968
14544 2 2 1 1 7056 6968 7275
14545 2 2 1 1 6968 7262 7275
14546 2 2 1 1 6973 6971 6998
14547 2 2 1 1 6971 6984 7224
14548 2 2 1 1 6997 6971 7224
14549 2 2 1 1 6981 6984 6987
14550 2 2 1 1 6984 6985 6995
14551 2 2 1 1 6987 6984 6995
14552 2 2 1 1 6984 7223 7224
14553 2 2 1 1 6985 6992 7282
14554 2 2 1 1 6995 6985 7283
14555 2 2 1 1 6985 7282 7283
14556 2 2 1 1 6992 7281 7282
14557 2 2 1 1 7020 7247 7248
14558 2 2 1 1 7025 7026 7027
14559 2 2 1 1 7029 7026 7050
14560 2 2 1 1 7121 7075 7122
14561 2 2 1 1 7120 7121 7122
14562 2 2 1 1 7178 7179 7180
14563 2 2 1 1 7178 7180 7182
14564 2 2 1 1 7197 7196 7211
14565 2 2 1 1 7196 7199 7211
14566 2 2 1 1 7198 7197 7290
14567 2 2 1 1 7197 7201 7290
14568 2 2 1 1 7197 7211 7212
14569 2 2 1 1 7211 7203 7212
14570 2 2 1 1 7233 7232 7242
14571 2 2 1 1 7232 7237 7238
14572 2 2 1 1 7233 7234 7239
14573 2 2 1 1 7234 7233 7242
14574 2 2 1 1 7252 7253 7254
14575 2 2 1 1 7252 7254 7279
14576 2 2 1 1 7260 7252 7264
14577 2 2 1 1 7263 7260 7265
14578 2 2 1 1 7260 7264 7273
14579 2 2 1 1 7262 7263 7266
14580 2 2 1 1 7262 7274 7275
14581 2 2 1 1 7267 7264 7279
14582 2 2 1 1 7275 7274 7291
$EndElements
